timestamp,image_index,image_shape,label_shape,generated_images,duration_seconds,memory_before_mb,memory_after_mb,memory_delta_mb,input_image_mb,generated_images_mb,generated_labels_mb
2026-06-11T16:23:43,0,"(28, 28)","(8,)",20,0.000252,2894.902,2894.934,0.031,0.002991,0.059814,0.001526
2026-06-11T16:23:43,1,"(28, 28)","(8,)",20,0.000184,2894.934,2894.934,0.0,0.002991,0.059814,0.001526
2026-06-11T16:23:43,2,"(28, 28)","(8,)",20,0.000144,2894.934,2894.934,0.0,0.002991,0.059814,0.001526
2026-06-11T16:23:43,3,"(28, 28)","(8,)",20,0.000137,2894.934,2894.934,0.0,0.002991,0.059814,0.001526
2026-06-11T16:23:43,4,"(28, 28)","(8,)",20,0.000178,2894.934,2894.934,0.0,0.002991,0.059814,0.001526
2026-06-11T16:23:43,5,"(28, 28)","(8,)",20,0.000178,2894.934,2894.934,0.0,0.002991,0.059814,0.001526
2026-06-11T16:23:43,6,"(28, 28)","(8,)",20,0.000152,2894.934,2894.934,0.0,0.002991,0.059814,0.001526
2026-06-11T16:23:43,7,"(28, 28)","(8,)",20,0.000136,2894.934,2894.934,0.0,0.002991,0.059814,0.001526
2026-06-11T16:23:43,8,"(28, 28)","(8,)",20,0.000182,2894.934,2894.934,0.0,0.002991,0.059814,0.001526
2026-06-11T16:23:43,9,"(28, 28)","(8,)",20,0.000136,2894.934,2894.934,0.0,0.002991,0.059814,0.001526
2026-06-11T16:23:43,10,"(28, 28)","(8,)",20,0.00014,2894.934,2894.934,0.0,0.002991,0.059814,0.001526
2026-06-11T16:23:43,11,"(28, 28)","(8,)",20,0.000138,2894.934,2894.934,0.0,0.002991,0.059814,0.001526
2026-06-11T16:23:43,12,"(28, 28)","(8,)",20,0.000147,2894.934,2894.934,0.0,0.002991,0.059814,0.001526
2026-06-11T16:23:43,13,"(28, 28)","(8,)",20,0.000226,2894.934,2894.934,0.0,0.002991,0.059814,0.001526
2026-06-11T16:23:43,14,"(28, 28)","(8,)",20,0.000137,2894.934,2894.934,0.0,0.002991,0.059814,0.001526
2026-06-11T16:23:43,15,"(28, 28)","(8,)",20,0.000136,2894.934,2894.934,0.0,0.002991,0.059814,0.001526
2026-06-11T16:23:43,16,"(28, 28)","(8,)",20,0.000134,2894.934,2894.934,0.0,0.002991,0.059814,0.001526
2026-06-11T16:23:43,17,"(28, 28)","(8,)",20,0.000147,2894.934,2894.934,0.0,0.002991,0.059814,0.001526
2026-06-11T16:23:43,18,"(28, 28)","(8,)",20,0.000135,2894.934,2894.934,0.0,0.002991,0.059814,0.001526
2026-06-11T16:23:43,19,"(28, 28)","(8,)",20,0.000135,2894.934,2894.934,0.0,0.002991,0.059814,0.001526
2026-06-11T16:23:43,20,"(28, 28)","(8,)",20,0.000144,2894.934,2894.934,0.0,0.002991,0.059814,0.001526
2026-06-11T16:23:43,21,"(28, 28)","(8,)",20,0.000184,2894.934,2894.934,0.0,0.002991,0.059814,0.001526
2026-06-11T16:23:43,22,"(28, 28)","(8,)",20,0.000135,2894.934,2894.934,0.0,0.002991,0.059814,0.001526
2026-06-11T16:23:43,23,"(28, 28)","(8,)",20,0.000135,2894.934,2894.934,0.0,0.002991,0.059814,0.001526
2026-06-11T16:23:43,24,"(28, 28)","(8,)",20,0.000133,2894.934,2894.934,0.0,0.002991,0.059814,0.001526
2026-06-11T16:23:43,25,"(28, 28)","(8,)",20,0.000136,2894.934,2894.934,0.0,0.002991,0.059814,0.001526
2026-06-11T16:23:43,26,"(28, 28)","(8,)",20,0.000182,2894.934,2894.934,0.0,0.002991,0.059814,0.001526
2026-06-11T16:23:43,27,"(28, 28)","(8,)",20,0.000138,2894.934,2894.934,0.0,0.002991,0.059814,0.001526
2026-06-11T16:23:43,28,"(28, 28)","(8,)",20,0.000134,2894.934,2894.934,0.0,0.002991,0.059814,0.001526
2026-06-11T16:23:43,29,"(28, 28)","(8,)",20,0.000135,2894.934,2894.934,0.0,0.002991,0.059814,0.001526
2026-06-11T16:23:43,30,"(28, 28)","(8,)",20,0.000133,2894.934,2894.934,0.0,0.002991,0.059814,0.001526
2026-06-11T16:23:43,31,"(28, 28)","(8,)",20,0.000133,2894.934,2894.934,0.0,0.002991,0.059814,0.001526
2026-06-11T16:23:43,32,"(28, 28)","(8,)",20,0.000133,2894.934,2894.934,0.0,0.002991,0.059814,0.001526
2026-06-11T16:23:43,33,"(28, 28)","(8,)",20,0.000133,2894.934,2894.934,0.0,0.002991,0.059814,0.001526
2026-06-11T16:23:43,34,"(28, 28)","(8,)",20,0.000132,2894.934,2894.934,0.0,0.002991,0.059814,0.001526
2026-06-11T16:23:43,35,"(28, 28)","(8,)",20,0.000173,2894.934,2894.934,0.0,0.002991,0.059814,0.001526
2026-06-11T16:23:43,36,"(28, 28)","(8,)",20,0.000134,2894.934,2894.934,0.0,0.002991,0.059814,0.001526
2026-06-11T16:23:43,37,"(28, 28)","(8,)",20,0.000136,2894.934,2894.934,0.0,0.002991,0.059814,0.001526
2026-06-11T16:23:43,38,"(28, 28)","(8,)",20,0.000134,2894.934,2894.934,0.0,0.002991,0.059814,0.001526
2026-06-11T16:23:43,39,"(28, 28)","(8,)",20,0.000135,2894.934,2894.934,0.0,0.002991,0.059814,0.001526
2026-06-11T16:23:43,40,"(28, 28)","(8,)",20,0.00023,2894.934,2894.934,0.0,0.002991,0.059814,0.001526
2026-06-11T16:23:43,41,"(28, 28)","(8,)",20,0.000233,2894.934,2894.934,0.0,0.002991,0.059814,0.001526
2026-06-11T16:23:43,42,"(28, 28)","(8,)",20,0.000165,2894.934,2894.934,0.0,0.002991,0.059814,0.001526
2026-06-11T16:23:43,43,"(28, 28)","(8,)",20,0.000147,2894.934,2894.934,0.0,0.002991,0.059814,0.001526
2026-06-11T16:23:43,44,"(28, 28)","(8,)",20,0.000151,2894.934,2894.934,0.0,0.002991,0.059814,0.001526
2026-06-11T16:23:43,45,"(28, 28)","(8,)",20,0.000152,2894.934,2894.934,0.0,0.002991,0.059814,0.001526
2026-06-11T16:23:43,46,"(28, 28)","(8,)",20,0.000151,2894.934,2894.934,0.0,0.002991,0.059814,0.001526
2026-06-11T16:23:43,47,"(28, 28)","(8,)",20,0.000143,2894.934,2894.934,0.0,0.002991,0.059814,0.001526
2026-06-11T16:23:43,48,"(28, 28)","(8,)",20,0.000152,2894.934,2894.934,0.0,0.002991,0.059814,0.001526
2026-06-11T16:23:43,49,"(28, 28)","(8,)",20,0.00015,2894.934,2894.934,0.0,0.002991,0.059814,0.001526
2026-06-11T16:23:43,50,"(28, 28)","(8,)",20,0.000155,2894.934,2894.934,0.0,0.002991,0.059814,0.001526
2026-06-11T16:23:43,51,"(28, 28)","(8,)",20,0.000146,2894.934,2894.934,0.0,0.002991,0.059814,0.001526
2026-06-11T16:23:43,52,"(28, 28)","(8,)",20,0.000217,2894.934,2894.934,0.0,0.002991,0.059814,0.001526
2026-06-11T16:23:43,53,"(28, 28)","(8,)",20,0.000164,2894.934,2894.934,0.0,0.002991,0.059814,0.001526
2026-06-11T16:23:43,54,"(28, 28)","(8,)",20,0.000148,2894.934,2894.934,0.0,0.002991,0.059814,0.001526
2026-06-11T16:23:43,55,"(28, 28)","(8,)",20,0.000182,2894.934,2894.934,0.0,0.002991,0.059814,0.001526
2026-06-11T16:23:43,56,"(28, 28)","(8,)",20,0.000153,2894.934,2894.934,0.0,0.002991,0.059814,0.001526
2026-06-11T16:23:43,57,"(28, 28)","(8,)",20,0.000165,2894.934,2894.934,0.0,0.002991,0.059814,0.001526
2026-06-11T16:23:43,58,"(28, 28)","(8,)",20,0.000144,2894.934,2894.934,0.0,0.002991,0.059814,0.001526
2026-06-11T16:23:43,59,"(28, 28)","(8,)",20,0.000145,2894.934,2894.934,0.0,0.002991,0.059814,0.001526
2026-06-11T16:23:43,60,"(28, 28)","(8,)",20,0.000147,2894.934,2894.934,0.0,0.002991,0.059814,0.001526
2026-06-11T16:23:43,61,"(28, 28)","(8,)",20,0.000143,2894.934,2894.934,0.0,0.002991,0.059814,0.001526
2026-06-11T16:23:43,62,"(28, 28)","(8,)",20,0.000144,2894.934,2894.934,0.0,0.002991,0.059814,0.001526
2026-06-11T16:23:43,63,"(28, 28)","(8,)",20,0.000154,2894.938,2894.938,0.0,0.002991,0.059814,0.001526
2026-06-11T16:23:43,64,"(28, 28)","(8,)",20,0.000152,2894.938,2894.938,0.0,0.002991,0.059814,0.001526
2026-06-11T16:23:43,65,"(28, 28)","(8,)",20,0.000308,2894.938,2894.938,0.0,0.002991,0.059814,0.001526
2026-06-11T16:23:43,66,"(28, 28)","(8,)",20,0.00015,2894.938,2894.938,0.0,0.002991,0.059814,0.001526
2026-06-11T16:23:43,67,"(28, 28)","(8,)",20,0.000152,2894.938,2894.938,0.0,0.002991,0.059814,0.001526
2026-06-11T16:23:43,68,"(28, 28)","(8,)",20,0.000149,2894.938,2894.938,0.0,0.002991,0.059814,0.001526
2026-06-11T16:23:43,69,"(28, 28)","(8,)",20,0.000156,2894.938,2894.938,0.0,0.002991,0.059814,0.001526
2026-06-11T16:23:43,70,"(28, 28)","(8,)",20,0.000145,2894.938,2894.938,0.0,0.002991,0.059814,0.001526
2026-06-11T16:23:43,71,"(28, 28)","(8,)",20,0.000145,2894.938,2894.938,0.0,0.002991,0.059814,0.001526
2026-06-11T16:23:43,72,"(28, 28)","(8,)",20,0.000167,2894.938,2894.941,0.004,0.002991,0.059814,0.001526
2026-06-11T16:23:43,73,"(28, 28)","(8,)",20,0.000146,2894.941,2894.941,0.0,0.002991,0.059814,0.001526
2026-06-11T16:23:43,74,"(28, 28)","(8,)",20,0.000146,2894.941,2894.941,0.0,0.002991,0.059814,0.001526
2026-06-11T16:23:43,75,"(28, 28)","(8,)",20,0.000144,2894.941,2894.941,0.0,0.002991,0.059814,0.001526
2026-06-11T16:23:43,76,"(28, 28)","(8,)",20,0.000153,2894.941,2894.941,0.0,0.002991,0.059814,0.001526
2026-06-11T16:23:43,77,"(28, 28)","(8,)",20,0.000144,2894.941,2894.941,0.0,0.002991,0.059814,0.001526
2026-06-11T16:23:43,78,"(28, 28)","(8,)",20,0.000144,2894.941,2894.941,0.0,0.002991,0.059814,0.001526
2026-06-11T16:23:43,79,"(28, 28)","(8,)",20,0.000142,2894.941,2894.941,0.0,0.002991,0.059814,0.001526
2026-06-11T16:23:43,80,"(28, 28)","(8,)",20,0.000145,2894.941,2894.941,0.0,0.002991,0.059814,0.001526
2026-06-11T16:23:43,81,"(28, 28)","(8,)",20,0.000143,2894.941,2894.941,0.0,0.002991,0.059814,0.001526
2026-06-11T16:23:43,82,"(28, 28)","(8,)",20,0.000144,2894.941,2894.941,0.0,0.002991,0.059814,0.001526
2026-06-11T16:23:43,83,"(28, 28)","(8,)",20,0.000144,2894.941,2894.941,0.0,0.002991,0.059814,0.001526
2026-06-11T16:23:43,84,"(28, 28)","(8,)",20,0.000147,2894.941,2894.941,0.0,0.002991,0.059814,0.001526
2026-06-11T16:23:43,85,"(28, 28)","(8,)",20,0.000155,2894.941,2894.941,0.0,0.002991,0.059814,0.001526
2026-06-11T16:23:43,86,"(28, 28)","(8,)",20,0.000146,2894.941,2894.941,0.0,0.002991,0.059814,0.001526
2026-06-11T16:23:43,87,"(28, 28)","(8,)",20,0.000146,2894.941,2894.941,0.0,0.002991,0.059814,0.001526
2026-06-11T16:23:43,88,"(28, 28)","(8,)",20,0.000146,2894.941,2894.941,0.0,0.002991,0.059814,0.001526
2026-06-11T16:23:43,89,"(28, 28)","(8,)",20,0.000149,2894.941,2894.941,0.0,0.002991,0.059814,0.001526
2026-06-11T16:23:43,90,"(28, 28)","(8,)",20,0.000158,2894.941,2894.941,0.0,0.002991,0.059814,0.001526
2026-06-11T16:23:43,91,"(28, 28)","(8,)",20,0.000144,2894.941,2894.941,0.0,0.002991,0.059814,0.001526
2026-06-11T16:23:43,92,"(28, 28)","(8,)",20,0.000144,2894.941,2894.941,0.0,0.002991,0.059814,0.001526
2026-06-11T16:23:43,93,"(28, 28)","(8,)",20,0.000144,2894.941,2894.941,0.0,0.002991,0.059814,0.001526
2026-06-11T16:23:43,94,"(28, 28)","(8,)",20,0.000156,2894.941,2894.941,0.0,0.002991,0.059814,0.001526
2026-06-11T16:23:43,95,"(28, 28)","(8,)",20,0.000143,2894.941,2894.941,0.0,0.002991,0.059814,0.001526
2026-06-11T16:23:43,96,"(28, 28)","(8,)",20,0.000148,2894.941,2894.941,0.0,0.002991,0.059814,0.001526
2026-06-11T16:23:43,97,"(28, 28)","(8,)",20,0.000148,2894.941,2894.941,0.0,0.002991,0.059814,0.001526
2026-06-11T16:23:43,98,"(28, 28)","(8,)",20,0.000154,2894.941,2894.941,0.0,0.002991,0.059814,0.001526
2026-06-11T16:23:43,99,"(28, 28)","(8,)",20,0.000142,2894.941,2894.941,0.0,0.002991,0.059814,0.001526
2026-06-11T16:23:43,100,"(28, 28)","(8,)",20,0.000144,2894.941,2894.941,0.0,0.002991,0.059814,0.001526
2026-06-11T16:23:43,101,"(28, 28)","(8,)",20,0.000145,2894.941,2894.941,0.0,0.002991,0.059814,0.001526
2026-06-11T16:23:43,102,"(28, 28)","(8,)",20,0.000143,2894.941,2894.941,0.0,0.002991,0.059814,0.001526
2026-06-11T16:23:43,103,"(28, 28)","(8,)",20,0.000146,2894.941,2894.941,0.0,0.002991,0.059814,0.001526
2026-06-11T16:23:43,104,"(28, 28)","(8,)",20,0.000144,2894.941,2894.941,0.0,0.002991,0.059814,0.001526
2026-06-11T16:23:43,105,"(28, 28)","(8,)",20,0.00015,2894.941,2894.941,0.0,0.002991,0.059814,0.001526
2026-06-11T16:23:43,106,"(28, 28)","(8,)",20,0.000143,2894.941,2894.941,0.0,0.002991,0.059814,0.001526
2026-06-11T16:23:43,107,"(28, 28)","(8,)",20,0.000162,2894.941,2894.941,0.0,0.002991,0.059814,0.001526
2026-06-11T16:23:43,108,"(28, 28)","(8,)",20,0.000145,2894.941,2894.941,0.0,0.002991,0.059814,0.001526
2026-06-11T16:23:43,109,"(28, 28)","(8,)",20,0.000143,2894.941,2894.941,0.0,0.002991,0.059814,0.001526
2026-06-11T16:23:43,110,"(28, 28)","(8,)",20,0.000142,2894.941,2894.941,0.0,0.002991,0.059814,0.001526
2026-06-11T16:23:43,111,"(28, 28)","(8,)",20,0.000149,2894.941,2894.941,0.0,0.002991,0.059814,0.001526
2026-06-11T16:23:43,112,"(28, 28)","(8,)",20,0.000149,2894.941,2894.941,0.0,0.002991,0.059814,0.001526
2026-06-11T16:23:43,113,"(28, 28)","(8,)",20,0.000144,2894.941,2894.941,0.0,0.002991,0.059814,0.001526
2026-06-11T16:23:43,114,"(28, 28)","(8,)",20,0.000144,2894.941,2894.941,0.0,0.002991,0.059814,0.001526
2026-06-11T16:23:43,115,"(28, 28)","(8,)",20,0.000143,2894.941,2894.941,0.0,0.002991,0.059814,0.001526
2026-06-11T16:23:43,116,"(28, 28)","(8,)",20,0.00015,2894.941,2894.941,0.0,0.002991,0.059814,0.001526
2026-06-11T16:23:43,117,"(28, 28)","(8,)",20,0.000144,2894.941,2894.941,0.0,0.002991,0.059814,0.001526
2026-06-11T16:23:43,118,"(28, 28)","(8,)",20,0.000142,2894.941,2894.941,0.0,0.002991,0.059814,0.001526
2026-06-11T16:23:43,119,"(28, 28)","(8,)",20,0.000143,2894.941,2894.941,0.0,0.002991,0.059814,0.001526
2026-06-11T16:23:43,120,"(28, 28)","(8,)",20,0.000152,2894.941,2894.941,0.0,0.002991,0.059814,0.001526
2026-06-11T16:23:43,121,"(28, 28)","(8,)",20,0.000145,2894.941,2894.941,0.0,0.002991,0.059814,0.001526
2026-06-11T16:23:43,122,"(28, 28)","(8,)",20,0.000143,2894.941,2894.941,0.0,0.002991,0.059814,0.001526
2026-06-11T16:23:43,123,"(28, 28)","(8,)",20,0.000145,2894.941,2894.941,0.0,0.002991,0.059814,0.001526
2026-06-11T16:23:43,124,"(28, 28)","(8,)",20,0.000143,2894.941,2894.941,0.0,0.002991,0.059814,0.001526
2026-06-11T16:23:43,125,"(28, 28)","(8,)",20,0.000145,2894.941,2894.941,0.0,0.002991,0.059814,0.001526
2026-06-11T16:23:43,126,"(28, 28)","(8,)",20,0.000142,2894.941,2894.941,0.0,0.002991,0.059814,0.001526
2026-06-11T16:23:43,127,"(28, 28)","(8,)",20,0.000142,2894.941,2894.941,0.0,0.002991,0.059814,0.001526
2026-06-11T16:23:43,128,"(28, 28)","(8,)",20,0.000141,2894.941,2894.941,0.0,0.002991,0.059814,0.001526
2026-06-11T16:23:43,129,"(28, 28)","(8,)",20,0.000149,2894.941,2894.941,0.0,0.002991,0.059814,0.001526
2026-06-11T16:23:43,130,"(28, 28)","(8,)",20,0.000143,2894.941,2894.941,0.0,0.002991,0.059814,0.001526
2026-06-11T16:23:43,131,"(28, 28)","(8,)",20,0.000141,2894.941,2894.941,0.0,0.002991,0.059814,0.001526
2026-06-11T16:23:43,132,"(28, 28)","(8,)",20,0.000141,2894.941,2894.941,0.0,0.002991,0.059814,0.001526
2026-06-11T16:23:43,133,"(28, 28)","(8,)",20,0.000142,2894.941,2894.941,0.0,0.002991,0.059814,0.001526
2026-06-11T16:23:43,134,"(28, 28)","(8,)",20,0.000148,2894.941,2894.941,0.0,0.002991,0.059814,0.001526
2026-06-11T16:23:43,135,"(28, 28)","(8,)",20,0.000142,2894.941,2894.941,0.0,0.002991,0.059814,0.001526
2026-06-11T16:23:43,136,"(28, 28)","(8,)",20,0.000141,2894.941,2894.941,0.0,0.002991,0.059814,0.001526
2026-06-11T16:23:43,137,"(28, 28)","(8,)",20,0.000152,2894.941,2894.941,0.0,0.002991,0.059814,0.001526
2026-06-11T16:23:43,138,"(28, 28)","(8,)",20,0.000146,2894.941,2894.941,0.0,0.002991,0.059814,0.001526
2026-06-11T16:23:43,139,"(28, 28)","(8,)",20,0.000144,2894.941,2894.941,0.0,0.002991,0.059814,0.001526
2026-06-11T16:23:43,140,"(28, 28)","(8,)",20,0.000144,2894.941,2894.941,0.0,0.002991,0.059814,0.001526
2026-06-11T16:23:43,141,"(28, 28)","(8,)",20,0.000141,2894.941,2894.941,0.0,0.002991,0.059814,0.001526
2026-06-11T16:23:43,142,"(28, 28)","(8,)",20,0.000142,2894.941,2894.941,0.0,0.002991,0.059814,0.001526
2026-06-11T16:23:43,143,"(28, 28)","(8,)",20,0.000159,2894.941,2894.941,0.0,0.002991,0.059814,0.001526
2026-06-11T16:23:43,144,"(28, 28)","(8,)",20,0.000142,2894.941,2894.941,0.0,0.002991,0.059814,0.001526
2026-06-11T16:23:43,145,"(28, 28)","(8,)",20,0.000142,2894.941,2894.941,0.0,0.002991,0.059814,0.001526
2026-06-11T16:23:43,146,"(28, 28)","(8,)",20,0.000142,2894.941,2894.941,0.0,0.002991,0.059814,0.001526
2026-06-11T16:23:43,147,"(28, 28)","(8,)",20,0.000142,2894.941,2894.941,0.0,0.002991,0.059814,0.001526
2026-06-11T16:23:43,148,"(28, 28)","(8,)",20,0.000143,2894.941,2894.941,0.0,0.002991,0.059814,0.001526
2026-06-11T16:23:43,149,"(28, 28)","(8,)",20,0.000143,2894.941,2894.941,0.0,0.002991,0.059814,0.001526
2026-06-11T16:23:43,150,"(28, 28)","(8,)",20,0.000141,2894.941,2894.941,0.0,0.002991,0.059814,0.001526
2026-06-11T16:23:43,151,"(28, 28)","(8,)",20,0.000141,2894.941,2894.941,0.0,0.002991,0.059814,0.001526
2026-06-11T16:23:43,152,"(28, 28)","(8,)",20,0.000147,2894.941,2894.941,0.0,0.002991,0.059814,0.001526
2026-06-11T16:23:43,153,"(28, 28)","(8,)",20,0.000144,2894.941,2894.941,0.0,0.002991,0.059814,0.001526
2026-06-11T16:23:43,154,"(28, 28)","(8,)",20,0.00014,2894.941,2894.941,0.0,0.002991,0.059814,0.001526
2026-06-11T16:23:43,155,"(28, 28)","(8,)",20,0.000141,2894.941,2894.941,0.0,0.002991,0.059814,0.001526
2026-06-11T16:23:43,156,"(28, 28)","(8,)",20,0.000141,2894.941,2894.941,0.0,0.002991,0.059814,0.001526
2026-06-11T16:23:43,157,"(28, 28)","(8,)",20,0.000141,2894.941,2894.941,0.0,0.002991,0.059814,0.001526
2026-06-11T16:23:43,158,"(28, 28)","(8,)",20,0.000144,2894.941,2894.941,0.0,0.002991,0.059814,0.001526
2026-06-11T16:23:43,159,"(28, 28)","(8,)",20,0.000149,2894.941,2894.941,0.0,0.002991,0.059814,0.001526
2026-06-11T16:23:43,160,"(28, 28)","(8,)",20,0.00014,2894.941,2894.941,0.0,0.002991,0.059814,0.001526
2026-06-11T16:23:43,161,"(28, 28)","(8,)",20,0.000145,2894.941,2894.941,0.0,0.002991,0.059814,0.001526
2026-06-11T16:23:43,162,"(28, 28)","(8,)",20,0.00014,2894.941,2894.941,0.0,0.002991,0.059814,0.001526
2026-06-11T16:23:43,163,"(28, 28)","(8,)",20,0.000141,2894.941,2894.941,0.0,0.002991,0.059814,0.001526
2026-06-11T16:23:43,164,"(28, 28)","(8,)",20,0.00014,2894.941,2894.941,0.0,0.002991,0.059814,0.001526
2026-06-11T16:23:43,165,"(28, 28)","(8,)",20,0.000139,2894.941,2894.941,0.0,0.002991,0.059814,0.001526
2026-06-11T16:23:43,166,"(28, 28)","(8,)",20,0.000145,2894.941,2894.941,0.0,0.002991,0.059814,0.001526
2026-06-11T16:23:43,167,"(28, 28)","(8,)",20,0.000142,2894.941,2894.941,0.0,0.002991,0.059814,0.001526
2026-06-11T16:23:43,168,"(28, 28)","(8,)",20,0.000149,2894.941,2894.941,0.0,0.002991,0.059814,0.001526
2026-06-11T16:23:43,169,"(28, 28)","(8,)",20,0.000141,2894.941,2894.941,0.0,0.002991,0.059814,0.001526
2026-06-11T16:23:43,170,"(28, 28)","(8,)",20,0.000142,2894.941,2894.941,0.0,0.002991,0.059814,0.001526
2026-06-11T16:23:43,171,"(28, 28)","(8,)",20,0.000143,2894.941,2894.941,0.0,0.002991,0.059814,0.001526
2026-06-11T16:23:43,172,"(28, 28)","(8,)",20,0.000142,2894.941,2894.941,0.0,0.002991,0.059814,0.001526
2026-06-11T16:23:43,173,"(28, 28)","(8,)",20,0.000141,2894.941,2894.941,0.0,0.002991,0.059814,0.001526
2026-06-11T16:23:43,174,"(28, 28)","(8,)",20,0.000142,2894.941,2894.941,0.0,0.002991,0.059814,0.001526
2026-06-11T16:23:43,175,"(28, 28)","(8,)",20,0.000148,2894.941,2894.941,0.0,0.002991,0.059814,0.001526
2026-06-11T16:23:43,176,"(28, 28)","(8,)",20,0.00014,2894.941,2894.941,0.0,0.002991,0.059814,0.001526
2026-06-11T16:23:43,177,"(28, 28)","(8,)",20,0.000142,2894.941,2894.941,0.0,0.002991,0.059814,0.001526
2026-06-11T16:23:43,178,"(28, 28)","(8,)",20,0.000142,2894.941,2894.941,0.0,0.002991,0.059814,0.001526
2026-06-11T16:23:43,179,"(28, 28)","(8,)",20,0.000141,2894.941,2894.941,0.0,0.002991,0.059814,0.001526
2026-06-11T16:23:43,180,"(28, 28)","(8,)",20,0.000142,2894.941,2894.941,0.0,0.002991,0.059814,0.001526
2026-06-11T16:23:43,181,"(28, 28)","(8,)",20,0.000141,2894.941,2894.941,0.0,0.002991,0.059814,0.001526
2026-06-11T16:23:43,182,"(28, 28)","(8,)",20,0.000151,2894.941,2894.941,0.0,0.002991,0.059814,0.001526
2026-06-11T16:23:43,183,"(28, 28)","(8,)",20,0.000141,2894.941,2894.941,0.0,0.002991,0.059814,0.001526
2026-06-11T16:23:43,184,"(28, 28)","(8,)",20,0.000155,2894.941,2894.941,0.0,0.002991,0.059814,0.001526
2026-06-11T16:23:43,185,"(28, 28)","(8,)",20,0.000144,2894.941,2894.941,0.0,0.002991,0.059814,0.001526
2026-06-11T16:23:43,186,"(28, 28)","(8,)",20,0.000141,2894.941,2894.941,0.0,0.002991,0.059814,0.001526
2026-06-11T16:23:43,187,"(28, 28)","(8,)",20,0.000142,2894.941,2894.941,0.0,0.002991,0.059814,0.001526
2026-06-11T16:23:43,188,"(28, 28)","(8,)",20,0.00015,2894.941,2894.941,0.0,0.002991,0.059814,0.001526
2026-06-11T16:23:43,189,"(28, 28)","(8,)",20,0.00014,2894.941,2894.941,0.0,0.002991,0.059814,0.001526
2026-06-11T16:23:43,190,"(28, 28)","(8,)",20,0.00014,2894.941,2894.941,0.0,0.002991,0.059814,0.001526
2026-06-11T16:23:43,191,"(28, 28)","(8,)",20,0.00014,2894.941,2894.941,0.0,0.002991,0.059814,0.001526
2026-06-11T16:23:43,192,"(28, 28)","(8,)",20,0.000193,2894.941,2894.941,0.0,0.002991,0.059814,0.001526
2026-06-11T16:23:43,193,"(28, 28)","(8,)",20,0.00015,2894.941,2894.941,0.0,0.002991,0.059814,0.001526
2026-06-11T16:23:43,194,"(28, 28)","(8,)",20,0.000145,2894.941,2894.941,0.0,0.002991,0.059814,0.001526
2026-06-11T16:23:43,195,"(28, 28)","(8,)",20,0.000141,2894.941,2894.941,0.0,0.002991,0.059814,0.001526
2026-06-11T16:23:43,196,"(28, 28)","(8,)",20,0.000141,2894.941,2894.941,0.0,0.002991,0.059814,0.001526
2026-06-11T16:23:43,197,"(28, 28)","(8,)",20,0.000142,2894.941,2894.941,0.0,0.002991,0.059814,0.001526
2026-06-11T16:23:43,198,"(28, 28)","(8,)",20,0.000141,2894.941,2894.941,0.0,0.002991,0.059814,0.001526
2026-06-11T16:23:43,199,"(28, 28)","(8,)",20,0.000143,2894.941,2894.941,0.0,0.002991,0.059814,0.001526
2026-06-11T16:23:43,200,"(28, 28)","(8,)",20,0.000142,2894.941,2894.941,0.0,0.002991,0.059814,0.001526
2026-06-11T16:23:43,201,"(28, 28)","(8,)",20,0.000146,2894.941,2894.941,0.0,0.002991,0.059814,0.001526
2026-06-11T16:23:43,202,"(28, 28)","(8,)",20,0.000158,2894.941,2894.941,0.0,0.002991,0.059814,0.001526
2026-06-11T16:23:43,203,"(28, 28)","(8,)",20,0.000141,2894.941,2894.941,0.0,0.002991,0.059814,0.001526
2026-06-11T16:23:43,204,"(28, 28)","(8,)",20,0.000141,2894.941,2894.941,0.0,0.002991,0.059814,0.001526
2026-06-11T16:23:43,205,"(28, 28)","(8,)",20,0.000142,2894.941,2894.941,0.0,0.002991,0.059814,0.001526
2026-06-11T16:23:43,206,"(28, 28)","(8,)",20,0.000142,2894.941,2894.941,0.0,0.002991,0.059814,0.001526
2026-06-11T16:23:43,207,"(28, 28)","(8,)",20,0.000145,2894.941,2894.941,0.0,0.002991,0.059814,0.001526
2026-06-11T16:23:43,208,"(28, 28)","(8,)",20,0.000142,2894.941,2894.941,0.0,0.002991,0.059814,0.001526
2026-06-11T16:23:43,209,"(28, 28)","(8,)",20,0.000141,2894.941,2894.941,0.0,0.002991,0.059814,0.001526
2026-06-11T16:23:43,210,"(28, 28)","(8,)",20,0.000141,2894.941,2894.941,0.0,0.002991,0.059814,0.001526
2026-06-11T16:23:43,211,"(28, 28)","(8,)",20,0.000151,2894.941,2894.941,0.0,0.002991,0.059814,0.001526
2026-06-11T16:23:43,212,"(28, 28)","(8,)",20,0.000144,2894.941,2894.941,0.0,0.002991,0.059814,0.001526
2026-06-11T16:23:43,213,"(28, 28)","(8,)",20,0.000143,2894.941,2894.941,0.0,0.002991,0.059814,0.001526
2026-06-11T16:23:43,214,"(28, 28)","(8,)",20,0.000142,2894.941,2894.941,0.0,0.002991,0.059814,0.001526
2026-06-11T16:23:43,215,"(28, 28)","(8,)",20,0.000144,2894.941,2894.941,0.0,0.002991,0.059814,0.001526
2026-06-11T16:23:43,216,"(28, 28)","(8,)",20,0.000152,2894.941,2894.941,0.0,0.002991,0.059814,0.001526
2026-06-11T16:23:43,217,"(28, 28)","(8,)",20,0.000141,2894.941,2894.941,0.0,0.002991,0.059814,0.001526
2026-06-11T16:23:43,218,"(28, 28)","(8,)",20,0.000141,2894.941,2894.941,0.0,0.002991,0.059814,0.001526
2026-06-11T16:23:43,219,"(28, 28)","(8,)",20,0.000151,2894.941,2894.941,0.0,0.002991,0.059814,0.001526
2026-06-11T16:23:43,220,"(28, 28)","(8,)",20,0.000153,2894.941,2894.941,0.0,0.002991,0.059814,0.001526
2026-06-11T16:23:43,221,"(28, 28)","(8,)",20,0.000144,2894.941,2894.941,0.0,0.002991,0.059814,0.001526
2026-06-11T16:23:43,222,"(28, 28)","(8,)",20,0.000142,2894.941,2894.941,0.0,0.002991,0.059814,0.001526
2026-06-11T16:23:43,223,"(28, 28)","(8,)",20,0.00014,2894.941,2894.941,0.0,0.002991,0.059814,0.001526
2026-06-11T16:23:43,224,"(28, 28)","(8,)",20,0.000142,2894.941,2894.941,0.0,0.002991,0.059814,0.001526
2026-06-11T16:23:43,225,"(28, 28)","(8,)",20,0.000149,2894.941,2894.941,0.0,0.002991,0.059814,0.001526
2026-06-11T16:23:43,226,"(28, 28)","(8,)",20,0.000144,2894.941,2894.941,0.0,0.002991,0.059814,0.001526
2026-06-11T16:23:43,227,"(28, 28)","(8,)",20,0.000142,2894.941,2894.941,0.0,0.002991,0.059814,0.001526
2026-06-11T16:23:43,228,"(28, 28)","(8,)",20,0.00014,2894.941,2894.941,0.0,0.002991,0.059814,0.001526
2026-06-11T16:23:43,229,"(28, 28)","(8,)",20,0.000141,2894.941,2894.941,0.0,0.002991,0.059814,0.001526
2026-06-11T16:23:43,230,"(28, 28)","(8,)",20,0.000141,2894.941,2894.941,0.0,0.002991,0.059814,0.001526
2026-06-11T16:23:43,231,"(28, 28)","(8,)",20,0.000139,2894.941,2894.941,0.0,0.002991,0.059814,0.001526
2026-06-11T16:23:43,232,"(28, 28)","(8,)",20,0.000141,2894.941,2894.941,0.0,0.002991,0.059814,0.001526
2026-06-11T16:23:43,233,"(28, 28)","(8,)",20,0.000142,2894.941,2894.941,0.0,0.002991,0.059814,0.001526
2026-06-11T16:23:43,234,"(28, 28)","(8,)",20,0.000147,2894.941,2894.941,0.0,0.002991,0.059814,0.001526
2026-06-11T16:23:43,235,"(28, 28)","(8,)",20,0.000149,2894.941,2894.941,0.0,0.002991,0.059814,0.001526
2026-06-11T16:23:43,236,"(28, 28)","(8,)",20,0.000142,2894.941,2894.941,0.0,0.002991,0.059814,0.001526
2026-06-11T16:23:43,237,"(28, 28)","(8,)",20,0.00014,2894.941,2894.941,0.0,0.002991,0.059814,0.001526
2026-06-11T16:23:43,238,"(28, 28)","(8,)",20,0.000144,2894.941,2894.941,0.0,0.002991,0.059814,0.001526
2026-06-11T16:23:43,239,"(28, 28)","(8,)",20,0.000144,2894.941,2894.941,0.0,0.002991,0.059814,0.001526
2026-06-11T16:23:43,240,"(28, 28)","(8,)",20,0.000142,2894.941,2894.941,0.0,0.002991,0.059814,0.001526
2026-06-11T16:23:43,241,"(28, 28)","(8,)",20,0.000147,2894.941,2894.941,0.0,0.002991,0.059814,0.001526
2026-06-11T16:23:43,242,"(28, 28)","(8,)",20,0.000142,2894.941,2894.941,0.0,0.002991,0.059814,0.001526
2026-06-11T16:23:43,243,"(28, 28)","(8,)",20,0.000153,2894.941,2894.941,0.0,0.002991,0.059814,0.001526
2026-06-11T16:23:43,244,"(28, 28)","(8,)",20,0.000141,2894.941,2894.941,0.0,0.002991,0.059814,0.001526
2026-06-11T16:23:43,245,"(28, 28)","(8,)",20,0.00014,2894.941,2894.941,0.0,0.002991,0.059814,0.001526
2026-06-11T16:23:43,246,"(28, 28)","(8,)",20,0.000143,2894.941,2894.941,0.0,0.002991,0.059814,0.001526
2026-06-11T16:23:43,247,"(28, 28)","(8,)",20,0.000148,2894.941,2894.941,0.0,0.002991,0.059814,0.001526
2026-06-11T16:23:43,248,"(28, 28)","(8,)",20,0.000145,2894.941,2894.941,0.0,0.002991,0.059814,0.001526
2026-06-11T16:23:43,249,"(28, 28)","(8,)",20,0.000141,2894.941,2894.941,0.0,0.002991,0.059814,0.001526
2026-06-11T16:23:43,250,"(28, 28)","(8,)",20,0.00014,2894.941,2894.941,0.0,0.002991,0.059814,0.001526
2026-06-11T16:23:43,251,"(28, 28)","(8,)",20,0.000142,2894.941,2894.941,0.0,0.002991,0.059814,0.001526
2026-06-11T16:23:43,252,"(28, 28)","(8,)",20,0.000143,2894.941,2894.941,0.0,0.002991,0.059814,0.001526
2026-06-11T16:23:43,253,"(28, 28)","(8,)",20,0.000149,2894.941,2894.941,0.0,0.002991,0.059814,0.001526
2026-06-11T16:23:43,254,"(28, 28)","(8,)",20,0.000139,2894.941,2894.941,0.0,0.002991,0.059814,0.001526
2026-06-11T16:23:43,255,"(28, 28)","(8,)",20,0.00014,2894.941,2894.941,0.0,0.002991,0.059814,0.001526
2026-06-11T16:23:43,256,"(28, 28)","(8,)",20,0.00014,2894.941,2894.941,0.0,0.002991,0.059814,0.001526
2026-06-11T16:23:43,257,"(28, 28)","(8,)",20,0.000159,2894.941,2894.941,0.0,0.002991,0.059814,0.001526
2026-06-11T16:23:43,258,"(28, 28)","(8,)",20,0.00014,2894.941,2894.941,0.0,0.002991,0.059814,0.001526
2026-06-11T16:23:43,259,"(28, 28)","(8,)",20,0.000152,2894.941,2894.941,0.0,0.002991,0.059814,0.001526
2026-06-11T16:23:43,260,"(28, 28)","(8,)",20,0.00014,2894.941,2894.941,0.0,0.002991,0.059814,0.001526
2026-06-11T16:23:43,261,"(28, 28)","(8,)",20,0.000139,2894.941,2894.941,0.0,0.002991,0.059814,0.001526
2026-06-11T16:23:43,262,"(28, 28)","(8,)",20,0.00014,2894.941,2894.941,0.0,0.002991,0.059814,0.001526
2026-06-11T16:23:43,263,"(28, 28)","(8,)",20,0.000141,2894.941,2894.941,0.0,0.002991,0.059814,0.001526
2026-06-11T16:23:43,264,"(28, 28)","(8,)",20,0.000138,2894.941,2894.941,0.0,0.002991,0.059814,0.001526
2026-06-11T16:23:43,265,"(28, 28)","(8,)",20,0.00014,2894.941,2894.941,0.0,0.002991,0.059814,0.001526
2026-06-11T16:23:43,266,"(28, 28)","(8,)",20,0.000145,2894.941,2894.941,0.0,0.002991,0.059814,0.001526
2026-06-11T16:23:43,267,"(28, 28)","(8,)",20,0.000141,2894.941,2894.941,0.0,0.002991,0.059814,0.001526
2026-06-11T16:23:43,268,"(28, 28)","(8,)",20,0.00014,2894.941,2894.941,0.0,0.002991,0.059814,0.001526
2026-06-11T16:23:43,269,"(28, 28)","(8,)",20,0.000139,2894.941,2894.941,0.0,0.002991,0.059814,0.001526
2026-06-11T16:23:43,270,"(28, 28)","(8,)",20,0.000165,2894.941,2895.0,0.059,0.002991,0.059814,0.001526
2026-06-11T16:23:43,271,"(28, 28)","(8,)",20,0.000159,2895.0,2895.059,0.059,0.002991,0.059814,0.001526
2026-06-11T16:23:43,272,"(28, 28)","(8,)",20,0.000165,2895.059,2895.121,0.062,0.002991,0.059814,0.001526
2026-06-11T16:23:43,273,"(28, 28)","(8,)",20,0.000156,2895.121,2895.18,0.059,0.002991,0.059814,0.001526
2026-06-11T16:23:43,274,"(28, 28)","(8,)",20,0.000156,2895.18,2895.238,0.059,0.002991,0.059814,0.001526
2026-06-11T16:23:43,275,"(28, 28)","(8,)",20,0.000173,2895.238,2895.301,0.062,0.002991,0.059814,0.001526
2026-06-11T16:23:43,276,"(28, 28)","(8,)",20,0.000158,2895.301,2895.359,0.059,0.002991,0.059814,0.001526
2026-06-11T16:23:43,277,"(28, 28)","(8,)",20,0.000157,2895.359,2895.418,0.059,0.002991,0.059814,0.001526
2026-06-11T16:23:43,278,"(28, 28)","(8,)",20,0.000159,2895.418,2895.48,0.062,0.002991,0.059814,0.001526
2026-06-11T16:23:43,279,"(28, 28)","(8,)",20,0.000168,2895.48,2895.539,0.059,0.002991,0.059814,0.001526
2026-06-11T16:23:43,280,"(28, 28)","(8,)",20,0.000158,2895.539,2895.598,0.059,0.002991,0.059814,0.001526
2026-06-11T16:23:43,281,"(28, 28)","(8,)",20,0.000167,2895.598,2895.66,0.062,0.002991,0.059814,0.001526
2026-06-11T16:23:43,282,"(28, 28)","(8,)",20,0.000157,2895.66,2895.719,0.059,0.002991,0.059814,0.001526
2026-06-11T16:23:43,283,"(28, 28)","(8,)",20,0.000158,2895.719,2895.777,0.059,0.002991,0.059814,0.001526
2026-06-11T16:23:43,284,"(28, 28)","(8,)",20,0.00016,2895.777,2895.84,0.062,0.002991,0.059814,0.001526
2026-06-11T16:23:43,285,"(28, 28)","(8,)",20,0.000164,2895.84,2895.898,0.059,0.002991,0.059814,0.001526
2026-06-11T16:23:43,286,"(28, 28)","(8,)",20,0.00016,2895.898,2895.957,0.059,0.002991,0.059814,0.001526
2026-06-11T16:23:43,287,"(28, 28)","(8,)",20,0.000159,2895.957,2896.016,0.059,0.002991,0.059814,0.001526
2026-06-11T16:23:43,288,"(28, 28)","(8,)",20,0.000214,2896.016,2896.078,0.062,0.002991,0.059814,0.001526
2026-06-11T16:23:43,289,"(28, 28)","(8,)",20,0.000161,2896.078,2896.137,0.059,0.002991,0.059814,0.001526
2026-06-11T16:23:43,290,"(28, 28)","(8,)",20,0.000161,2896.137,2896.195,0.059,0.002991,0.059814,0.001526
2026-06-11T16:23:43,291,"(28, 28)","(8,)",20,0.000167,2896.195,2896.258,0.062,0.002991,0.059814,0.001526
2026-06-11T16:23:43,292,"(28, 28)","(8,)",20,0.000156,2896.258,2896.316,0.059,0.002991,0.059814,0.001526
2026-06-11T16:23:43,293,"(28, 28)","(8,)",20,0.000168,2896.316,2896.375,0.059,0.002991,0.059814,0.001526
2026-06-11T16:23:43,294,"(28, 28)","(8,)",20,0.000158,2896.375,2896.438,0.062,0.002991,0.059814,0.001526
2026-06-11T16:23:43,295,"(28, 28)","(8,)",20,0.000157,2896.438,2896.496,0.059,0.002991,0.059814,0.001526
2026-06-11T16:23:43,296,"(28, 28)","(8,)",20,0.000158,2896.496,2896.555,0.059,0.002991,0.059814,0.001526
2026-06-11T16:23:43,297,"(28, 28)","(8,)",20,0.000161,2896.555,2896.617,0.062,0.002991,0.059814,0.001526
2026-06-11T16:23:43,298,"(28, 28)","(8,)",20,0.000161,2896.617,2896.676,0.059,0.002991,0.059814,0.001526
2026-06-11T16:23:43,299,"(28, 28)","(8,)",20,0.00016,2896.676,2896.734,0.059,0.002991,0.059814,0.001526
2026-06-11T16:23:43,300,"(28, 28)","(8,)",20,0.000165,2896.734,2896.797,0.062,0.002991,0.059814,0.001526
2026-06-11T16:23:43,301,"(28, 28)","(8,)",20,0.000162,2896.797,2896.855,0.059,0.002991,0.059814,0.001526
2026-06-11T16:23:43,302,"(28, 28)","(8,)",20,0.00016,2896.855,2896.914,0.059,0.002991,0.059814,0.001526
2026-06-11T16:23:43,303,"(28, 28)","(8,)",20,0.000157,2896.914,2896.977,0.062,0.002991,0.059814,0.001526
2026-06-11T16:23:43,304,"(28, 28)","(8,)",20,0.000168,2896.977,2897.035,0.059,0.002991,0.059814,0.001526
2026-06-11T16:23:43,305,"(28, 28)","(8,)",20,0.000161,2897.035,2897.094,0.059,0.002991,0.059814,0.001526
2026-06-11T16:23:43,306,"(28, 28)","(8,)",20,0.000155,2897.094,2897.152,0.059,0.002991,0.059814,0.001526
2026-06-11T16:23:43,307,"(28, 28)","(8,)",20,0.000158,2897.152,2897.215,0.062,0.002991,0.059814,0.001526
2026-06-11T16:23:43,308,"(28, 28)","(8,)",20,0.000169,2897.215,2897.273,0.059,0.002991,0.059814,0.001526
2026-06-11T16:23:43,309,"(28, 28)","(8,)",20,0.000163,2897.273,2897.336,0.062,0.002991,0.059814,0.001526
2026-06-11T16:23:43,310,"(28, 28)","(8,)",20,0.000157,2897.336,2897.398,0.062,0.002991,0.059814,0.001526
2026-06-11T16:23:43,311,"(28, 28)","(8,)",20,0.00016,2897.398,2897.461,0.062,0.002991,0.059814,0.001526
2026-06-11T16:23:43,312,"(28, 28)","(8,)",20,0.000167,2897.461,2897.52,0.059,0.002991,0.059814,0.001526
2026-06-11T16:23:43,313,"(28, 28)","(8,)",20,0.000163,2897.52,2897.582,0.062,0.002991,0.059814,0.001526
2026-06-11T16:23:43,314,"(28, 28)","(8,)",20,0.000159,2897.582,2897.645,0.062,0.002991,0.059814,0.001526
2026-06-11T16:23:43,315,"(28, 28)","(8,)",20,0.000156,2897.645,2897.707,0.062,0.002991,0.059814,0.001526
2026-06-11T16:23:43,316,"(28, 28)","(8,)",20,0.000158,2897.707,2897.77,0.062,0.002991,0.059814,0.001526
2026-06-11T16:23:43,317,"(28, 28)","(8,)",20,0.000166,2897.77,2897.832,0.062,0.002991,0.059814,0.001526
2026-06-11T16:23:43,318,"(28, 28)","(8,)",20,0.000157,2897.832,2897.895,0.062,0.002991,0.059814,0.001526
2026-06-11T16:23:43,319,"(28, 28)","(8,)",20,0.000158,2897.895,2897.961,0.066,0.002991,0.059814,0.001526
2026-06-11T16:23:43,320,"(28, 28)","(8,)",20,0.000156,2897.961,2898.023,0.062,0.002991,0.059814,0.001526
2026-06-11T16:23:43,321,"(28, 28)","(8,)",20,0.00017,2898.023,2898.086,0.062,0.002991,0.059814,0.001526
2026-06-11T16:23:43,322,"(28, 28)","(8,)",20,0.000159,2898.086,2898.148,0.062,0.002991,0.059814,0.001526
2026-06-11T16:23:43,323,"(28, 28)","(8,)",20,0.000157,2898.148,2898.211,0.062,0.002991,0.059814,0.001526
2026-06-11T16:23:43,324,"(28, 28)","(8,)",20,0.000159,2898.211,2898.273,0.062,0.002991,0.059814,0.001526
2026-06-11T16:23:43,325,"(28, 28)","(8,)",20,0.000176,2898.273,2898.336,0.062,0.002991,0.059814,0.001526
2026-06-11T16:23:43,326,"(28, 28)","(8,)",20,0.000157,2898.336,2898.398,0.062,0.002991,0.059814,0.001526
2026-06-11T16:23:43,327,"(28, 28)","(8,)",20,0.00016,2898.398,2898.461,0.062,0.002991,0.059814,0.001526
2026-06-11T16:23:43,328,"(28, 28)","(8,)",20,0.000159,2898.461,2898.523,0.062,0.002991,0.059814,0.001526
2026-06-11T16:23:43,329,"(28, 28)","(8,)",20,0.000168,2898.523,2898.586,0.062,0.002991,0.059814,0.001526
2026-06-11T16:23:43,330,"(28, 28)","(8,)",20,0.000162,2898.586,2898.648,0.062,0.002991,0.059814,0.001526
2026-06-11T16:23:43,331,"(28, 28)","(8,)",20,0.000158,2898.648,2898.715,0.066,0.002991,0.059814,0.001526
2026-06-11T16:23:43,332,"(28, 28)","(8,)",20,0.000161,2898.715,2898.777,0.062,0.002991,0.059814,0.001526
2026-06-11T16:23:43,333,"(28, 28)","(8,)",20,0.000177,2898.777,2898.84,0.062,0.002991,0.059814,0.001526
2026-06-11T16:23:43,334,"(28, 28)","(8,)",20,0.000159,2898.84,2898.902,0.062,0.002991,0.059814,0.001526
2026-06-11T16:23:43,335,"(28, 28)","(8,)",20,0.00016,2898.902,2898.965,0.062,0.002991,0.059814,0.001526
2026-06-11T16:23:43,336,"(28, 28)","(8,)",20,0.000157,2898.965,2899.027,0.062,0.002991,0.059814,0.001526
2026-06-11T16:23:43,337,"(28, 28)","(8,)",20,0.000164,2899.027,2899.09,0.062,0.002991,0.059814,0.001526
2026-06-11T16:23:43,338,"(28, 28)","(8,)",20,0.00016,2899.09,2899.152,0.062,0.002991,0.059814,0.001526
2026-06-11T16:23:43,339,"(28, 28)","(8,)",20,0.000158,2899.152,2899.215,0.062,0.002991,0.059814,0.001526
2026-06-11T16:23:43,340,"(28, 28)","(8,)",20,0.000161,2899.215,2899.277,0.062,0.002991,0.059814,0.001526
2026-06-11T16:23:43,341,"(28, 28)","(8,)",20,0.000162,2899.277,2899.34,0.062,0.002991,0.059814,0.001526
2026-06-11T16:23:43,342,"(28, 28)","(8,)",20,0.000162,2899.34,2899.406,0.066,0.002991,0.059814,0.001526
2026-06-11T16:23:43,343,"(28, 28)","(8,)",20,0.000161,2899.406,2899.469,0.062,0.002991,0.059814,0.001526
2026-06-11T16:23:43,344,"(28, 28)","(8,)",20,0.000156,2899.469,2899.531,0.062,0.002991,0.059814,0.001526
2026-06-11T16:23:43,345,"(28, 28)","(8,)",20,0.000162,2899.531,2899.594,0.062,0.002991,0.059814,0.001526
2026-06-11T16:23:43,346,"(28, 28)","(8,)",20,0.000165,2899.594,2899.656,0.062,0.002991,0.059814,0.001526
2026-06-11T16:23:43,347,"(28, 28)","(8,)",20,0.000158,2899.656,2899.719,0.062,0.002991,0.059814,0.001526
2026-06-11T16:23:43,348,"(28, 28)","(8,)",20,0.000159,2899.719,2899.781,0.062,0.002991,0.059814,0.001526
2026-06-11T16:23:43,349,"(28, 28)","(8,)",20,0.00016,2899.781,2899.844,0.062,0.002991,0.059814,0.001526
2026-06-11T16:23:43,350,"(28, 28)","(8,)",20,0.000168,2899.844,2899.906,0.062,0.002991,0.059814,0.001526
2026-06-11T16:23:43,351,"(28, 28)","(8,)",20,0.00016,2899.906,2899.969,0.062,0.002991,0.059814,0.001526
2026-06-11T16:23:43,352,"(28, 28)","(8,)",20,0.000157,2899.969,2900.031,0.062,0.002991,0.059814,0.001526
2026-06-11T16:23:43,353,"(28, 28)","(8,)",20,0.000167,2900.031,2900.098,0.066,0.002991,0.059814,0.001526
2026-06-11T16:23:43,354,"(28, 28)","(8,)",20,0.000171,2900.098,2900.16,0.062,0.002991,0.059814,0.001526
2026-06-11T16:23:43,355,"(28, 28)","(8,)",20,0.000162,2900.16,2900.223,0.062,0.002991,0.059814,0.001526
2026-06-11T16:23:43,356,"(28, 28)","(8,)",20,0.000164,2900.223,2900.285,0.062,0.002991,0.059814,0.001526
2026-06-11T16:23:43,357,"(28, 28)","(8,)",20,0.00016,2900.285,2900.352,0.066,0.002991,0.059814,0.001526
2026-06-11T16:23:43,358,"(28, 28)","(8,)",20,0.000155,2900.352,2900.414,0.062,0.002991,0.059814,0.001526
2026-06-11T16:23:43,359,"(28, 28)","(8,)",20,0.000157,2900.414,2900.477,0.062,0.002991,0.059814,0.001526
2026-06-11T16:23:43,360,"(28, 28)","(8,)",20,0.000167,2900.477,2900.539,0.062,0.002991,0.059814,0.001526
2026-06-11T16:23:43,361,"(28, 28)","(8,)",20,0.000159,2900.539,2900.602,0.062,0.002991,0.059814,0.001526
2026-06-11T16:23:43,362,"(28, 28)","(8,)",20,0.000159,2900.602,2900.664,0.062,0.002991,0.059814,0.001526
2026-06-11T16:23:43,363,"(28, 28)","(8,)",20,0.00016,2900.664,2900.727,0.062,0.002991,0.059814,0.001526
2026-06-11T16:23:43,364,"(28, 28)","(8,)",20,0.000163,2900.727,2900.789,0.062,0.002991,0.059814,0.001526
2026-06-11T16:23:43,365,"(28, 28)","(8,)",20,0.000163,2900.789,2900.852,0.062,0.002991,0.059814,0.001526
2026-06-11T16:23:43,366,"(28, 28)","(8,)",20,0.000155,2900.852,2900.914,0.062,0.002991,0.059814,0.001526
2026-06-11T16:23:43,367,"(28, 28)","(8,)",20,0.000176,2900.914,2900.977,0.062,0.002991,0.059814,0.001526
2026-06-11T16:23:43,368,"(28, 28)","(8,)",20,0.000162,2900.977,2901.043,0.066,0.002991,0.059814,0.001526
2026-06-11T16:23:43,369,"(28, 28)","(8,)",20,0.000158,2901.043,2901.105,0.062,0.002991,0.059814,0.001526
2026-06-11T16:23:43,370,"(28, 28)","(8,)",20,0.000165,2901.105,2901.168,0.062,0.002991,0.059814,0.001526
2026-06-11T16:23:43,371,"(28, 28)","(8,)",20,0.00018,2901.168,2901.23,0.062,0.002991,0.059814,0.001526
2026-06-11T16:23:43,372,"(28, 28)","(8,)",20,0.000174,2901.23,2901.293,0.062,0.002991,0.059814,0.001526
2026-06-11T16:23:43,373,"(28, 28)","(8,)",20,0.00016,2901.293,2901.355,0.062,0.002991,0.059814,0.001526
2026-06-11T16:23:43,374,"(28, 28)","(8,)",20,0.000166,2901.355,2901.418,0.062,0.002991,0.059814,0.001526
2026-06-11T16:23:43,375,"(28, 28)","(8,)",20,0.000176,2901.418,2901.48,0.062,0.002991,0.059814,0.001526
2026-06-11T16:23:43,376,"(28, 28)","(8,)",20,0.000168,2901.48,2901.543,0.062,0.002991,0.059814,0.001526
2026-06-11T16:23:43,377,"(28, 28)","(8,)",20,0.000179,2901.543,2901.605,0.062,0.002991,0.059814,0.001526
2026-06-11T16:23:43,378,"(28, 28)","(8,)",20,0.000166,2901.605,2901.668,0.062,0.002991,0.059814,0.001526
2026-06-11T16:23:43,379,"(28, 28)","(8,)",20,0.000169,2901.668,2901.73,0.062,0.002991,0.059814,0.001526
2026-06-11T16:23:43,380,"(28, 28)","(8,)",20,0.000169,2901.73,2901.797,0.066,0.002991,0.059814,0.001526
2026-06-11T16:23:43,381,"(28, 28)","(8,)",20,0.000162,2901.797,2901.859,0.062,0.002991,0.059814,0.001526
2026-06-11T16:23:43,382,"(28, 28)","(8,)",20,0.000158,2901.859,2901.922,0.062,0.002991,0.059814,0.001526
2026-06-11T16:23:43,383,"(28, 28)","(8,)",20,0.000173,2901.922,2901.984,0.062,0.002991,0.059814,0.001526
2026-06-11T16:23:43,384,"(28, 28)","(8,)",20,0.000166,2901.984,2902.047,0.062,0.002991,0.059814,0.001526
2026-06-11T16:23:43,385,"(28, 28)","(8,)",20,0.000159,2902.047,2902.109,0.062,0.002991,0.059814,0.001526
2026-06-11T16:23:43,386,"(28, 28)","(8,)",20,0.00016,2902.109,2902.172,0.062,0.002991,0.059814,0.001526
2026-06-11T16:23:43,387,"(28, 28)","(8,)",20,0.000173,2902.172,2902.234,0.062,0.002991,0.059814,0.001526
2026-06-11T16:23:43,388,"(28, 28)","(8,)",20,0.000165,2902.234,2902.297,0.062,0.002991,0.059814,0.001526
2026-06-11T16:23:43,389,"(28, 28)","(8,)",20,0.000166,2902.297,2902.359,0.062,0.002991,0.059814,0.001526
2026-06-11T16:23:43,390,"(28, 28)","(8,)",20,0.000163,2902.359,2902.422,0.062,0.002991,0.059814,0.001526
2026-06-11T16:23:43,391,"(28, 28)","(8,)",20,0.000171,2902.422,2902.484,0.062,0.002991,0.059814,0.001526
2026-06-11T16:23:43,392,"(28, 28)","(8,)",20,0.000179,2902.484,2902.551,0.066,0.002991,0.059814,0.001526
2026-06-11T16:23:43,393,"(28, 28)","(8,)",20,0.000167,2902.551,2902.613,0.062,0.002991,0.059814,0.001526
2026-06-11T16:23:43,394,"(28, 28)","(8,)",20,0.000161,2902.613,2902.676,0.062,0.002991,0.059814,0.001526
2026-06-11T16:23:43,395,"(28, 28)","(8,)",20,0.000172,2902.676,2902.738,0.062,0.002991,0.059814,0.001526
2026-06-11T16:23:43,396,"(28, 28)","(8,)",20,0.000165,2902.738,2902.801,0.062,0.002991,0.059814,0.001526
2026-06-11T16:23:43,397,"(28, 28)","(8,)",20,0.000159,2902.801,2902.863,0.062,0.002991,0.059814,0.001526
2026-06-11T16:23:43,398,"(28, 28)","(8,)",20,0.000164,2902.863,2902.926,0.062,0.002991,0.059814,0.001526
2026-06-11T16:23:43,399,"(28, 28)","(8,)",20,0.000183,2902.926,2902.988,0.062,0.002991,0.059814,0.001526
2026-06-11T16:23:43,400,"(28, 28)","(8,)",20,0.000161,2902.988,2903.051,0.062,0.002991,0.059814,0.001526
2026-06-11T16:23:43,401,"(28, 28)","(8,)",20,0.000171,2903.051,2903.117,0.066,0.002991,0.059814,0.001526
2026-06-11T16:23:43,402,"(28, 28)","(8,)",20,0.000161,2903.117,2903.18,0.062,0.002991,0.059814,0.001526
2026-06-11T16:23:43,403,"(28, 28)","(8,)",20,0.000178,2903.18,2903.242,0.062,0.002991,0.059814,0.001526
2026-06-11T16:23:43,404,"(28, 28)","(8,)",20,0.000161,2903.242,2903.305,0.062,0.002991,0.059814,0.001526
2026-06-11T16:23:43,405,"(28, 28)","(8,)",20,0.000165,2903.305,2903.367,0.062,0.002991,0.059814,0.001526
2026-06-11T16:23:43,406,"(28, 28)","(8,)",20,0.000164,2903.367,2903.434,0.066,0.002991,0.059814,0.001526
2026-06-11T16:23:43,407,"(28, 28)","(8,)",20,0.000179,2903.434,2903.496,0.062,0.002991,0.059814,0.001526
2026-06-11T16:23:43,408,"(28, 28)","(8,)",20,0.000163,2903.496,2903.559,0.062,0.002991,0.059814,0.001526
2026-06-11T16:23:43,409,"(28, 28)","(8,)",20,0.000161,2903.559,2903.621,0.062,0.002991,0.059814,0.001526
2026-06-11T16:23:43,410,"(28, 28)","(8,)",20,0.000163,2903.621,2903.684,0.062,0.002991,0.059814,0.001526
2026-06-11T16:23:43,411,"(28, 28)","(8,)",20,0.000169,2903.684,2903.746,0.062,0.002991,0.059814,0.001526
2026-06-11T16:23:43,412,"(28, 28)","(8,)",20,0.000162,2903.746,2903.809,0.062,0.002991,0.059814,0.001526
2026-06-11T16:23:43,413,"(28, 28)","(8,)",20,0.00016,2903.809,2903.871,0.062,0.002991,0.059814,0.001526
2026-06-11T16:23:43,414,"(28, 28)","(8,)",20,0.000159,2903.871,2903.934,0.062,0.002991,0.059814,0.001526
2026-06-11T16:23:43,415,"(28, 28)","(8,)",20,0.000179,2903.934,2903.996,0.062,0.002991,0.059814,0.001526
2026-06-11T16:23:43,416,"(28, 28)","(8,)",20,0.000162,2903.996,2904.059,0.062,0.002991,0.059814,0.001526
2026-06-11T16:23:43,417,"(28, 28)","(8,)",20,0.000162,2904.059,2904.121,0.062,0.002991,0.059814,0.001526
2026-06-11T16:23:43,418,"(28, 28)","(8,)",20,0.000162,2904.121,2904.188,0.066,0.002991,0.059814,0.001526
2026-06-11T16:23:43,419,"(28, 28)","(8,)",20,0.000163,2904.188,2904.25,0.062,0.002991,0.059814,0.001526
2026-06-11T16:23:43,420,"(28, 28)","(8,)",20,0.000158,2904.25,2904.312,0.062,0.002991,0.059814,0.001526
2026-06-11T16:23:43,421,"(28, 28)","(8,)",20,0.00016,2904.312,2904.375,0.062,0.002991,0.059814,0.001526
2026-06-11T16:23:43,422,"(28, 28)","(8,)",20,0.000166,2904.375,2904.438,0.062,0.002991,0.059814,0.001526
2026-06-11T16:23:43,423,"(28, 28)","(8,)",20,0.000165,2904.438,2904.5,0.062,0.002991,0.059814,0.001526
2026-06-11T16:23:43,424,"(28, 28)","(8,)",20,0.000162,2904.5,2904.562,0.062,0.002991,0.059814,0.001526
2026-06-11T16:23:43,425,"(28, 28)","(8,)",20,0.00016,2904.562,2904.625,0.062,0.002991,0.059814,0.001526
2026-06-11T16:23:43,426,"(28, 28)","(8,)",20,0.000158,2904.625,2904.688,0.062,0.002991,0.059814,0.001526
2026-06-11T16:23:43,427,"(28, 28)","(8,)",20,0.000165,2904.688,2904.75,0.062,0.002991,0.059814,0.001526
2026-06-11T16:23:43,428,"(28, 28)","(8,)",20,0.000156,2904.75,2904.812,0.062,0.002991,0.059814,0.001526
2026-06-11T16:23:43,429,"(28, 28)","(8,)",20,0.000162,2904.812,2904.879,0.066,0.002991,0.059814,0.001526
2026-06-11T16:23:43,430,"(28, 28)","(8,)",20,0.000159,2904.879,2904.941,0.062,0.002991,0.059814,0.001526
2026-06-11T16:23:43,431,"(28, 28)","(8,)",20,0.000164,2904.941,2905.004,0.062,0.002991,0.059814,0.001526
2026-06-11T16:23:43,432,"(28, 28)","(8,)",20,0.000166,2905.004,2905.066,0.062,0.002991,0.059814,0.001526
2026-06-11T16:23:43,433,"(28, 28)","(8,)",20,0.000161,2905.066,2905.129,0.062,0.002991,0.059814,0.001526
2026-06-11T16:23:43,434,"(28, 28)","(8,)",20,0.000165,2905.129,2905.191,0.062,0.002991,0.059814,0.001526
2026-06-11T16:23:43,435,"(28, 28)","(8,)",20,0.000165,2905.191,2905.254,0.062,0.002991,0.059814,0.001526
2026-06-11T16:23:43,436,"(28, 28)","(8,)",20,0.000177,2905.254,2905.316,0.062,0.002991,0.059814,0.001526
2026-06-11T16:23:43,437,"(28, 28)","(8,)",20,0.000161,2905.316,2905.379,0.062,0.002991,0.059814,0.001526
2026-06-11T16:23:43,438,"(28, 28)","(8,)",20,0.000163,2905.379,2905.441,0.062,0.002991,0.059814,0.001526
2026-06-11T16:23:43,439,"(28, 28)","(8,)",20,0.000163,2905.441,2905.504,0.062,0.002991,0.059814,0.001526
2026-06-11T16:23:43,440,"(28, 28)","(8,)",20,0.000182,2905.504,2905.566,0.062,0.002991,0.059814,0.001526
2026-06-11T16:23:43,441,"(28, 28)","(8,)",20,0.000162,2905.566,2905.633,0.066,0.002991,0.059814,0.001526
2026-06-11T16:23:43,442,"(28, 28)","(8,)",20,0.000164,2905.633,2905.695,0.062,0.002991,0.059814,0.001526
2026-06-11T16:23:43,443,"(28, 28)","(8,)",20,0.00016,2905.695,2905.758,0.062,0.002991,0.059814,0.001526
2026-06-11T16:23:43,444,"(28, 28)","(8,)",20,0.000169,2905.758,2905.82,0.062,0.002991,0.059814,0.001526
2026-06-11T16:23:43,445,"(28, 28)","(8,)",20,0.000187,2905.82,2905.883,0.062,0.002991,0.059814,0.001526
2026-06-11T16:23:43,446,"(28, 28)","(8,)",20,0.00018,2905.883,2905.945,0.062,0.002991,0.059814,0.001526
2026-06-11T16:23:43,447,"(28, 28)","(8,)",20,0.000163,2905.945,2906.008,0.062,0.002991,0.059814,0.001526
2026-06-11T16:23:43,448,"(28, 28)","(8,)",20,0.000168,2906.008,2906.07,0.062,0.002991,0.059814,0.001526
2026-06-11T16:23:43,449,"(28, 28)","(8,)",20,0.000157,2906.07,2906.133,0.062,0.002991,0.059814,0.001526
2026-06-11T16:23:43,450,"(28, 28)","(8,)",20,0.000164,2906.133,2906.195,0.062,0.002991,0.059814,0.001526
2026-06-11T16:23:43,451,"(28, 28)","(8,)",20,0.000158,2906.195,2906.258,0.062,0.002991,0.059814,0.001526
2026-06-11T16:23:43,452,"(28, 28)","(8,)",20,0.000173,2906.258,2906.32,0.062,0.002991,0.059814,0.001526
2026-06-11T16:23:43,453,"(28, 28)","(8,)",20,0.00016,2906.32,2906.387,0.066,0.002991,0.059814,0.001526
2026-06-11T16:23:43,454,"(28, 28)","(8,)",20,0.00016,2906.387,2906.449,0.062,0.002991,0.059814,0.001526
2026-06-11T16:23:43,455,"(28, 28)","(8,)",20,0.000159,2906.449,2906.512,0.062,0.002991,0.059814,0.001526
2026-06-11T16:23:43,456,"(28, 28)","(8,)",20,0.000177,2906.512,2906.574,0.062,0.002991,0.059814,0.001526
2026-06-11T16:23:43,457,"(28, 28)","(8,)",20,0.000161,2906.574,2906.637,0.062,0.002991,0.059814,0.001526
2026-06-11T16:23:43,458,"(28, 28)","(8,)",20,0.000167,2906.637,2906.699,0.062,0.002991,0.059814,0.001526
2026-06-11T16:23:43,459,"(28, 28)","(8,)",20,0.000164,2906.699,2906.762,0.062,0.002991,0.059814,0.001526
2026-06-11T16:23:43,460,"(28, 28)","(8,)",20,0.000175,2906.762,2906.824,0.062,0.002991,0.059814,0.001526
2026-06-11T16:23:43,461,"(28, 28)","(8,)",20,0.000161,2906.824,2906.887,0.062,0.002991,0.059814,0.001526
2026-06-11T16:23:43,462,"(28, 28)","(8,)",20,0.000163,2906.887,2906.949,0.062,0.002991,0.059814,0.001526
2026-06-11T16:23:43,463,"(28, 28)","(8,)",20,0.000192,2906.949,2907.012,0.062,0.002991,0.059814,0.001526
2026-06-11T16:23:43,464,"(28, 28)","(8,)",20,0.000188,2907.012,2907.078,0.066,0.002991,0.059814,0.001526
2026-06-11T16:23:43,465,"(28, 28)","(8,)",20,0.000165,2907.078,2907.141,0.062,0.002991,0.059814,0.001526
2026-06-11T16:23:43,466,"(28, 28)","(8,)",20,0.000161,2907.141,2907.203,0.062,0.002991,0.059814,0.001526
2026-06-11T16:23:43,467,"(28, 28)","(8,)",20,0.000158,2907.203,2907.266,0.062,0.002991,0.059814,0.001526
2026-06-11T16:23:43,468,"(28, 28)","(8,)",20,0.000176,2907.266,2907.328,0.062,0.002991,0.059814,0.001526
2026-06-11T16:23:43,469,"(28, 28)","(8,)",20,0.00016,2907.328,2907.391,0.062,0.002991,0.059814,0.001526
2026-06-11T16:23:43,470,"(28, 28)","(8,)",20,0.000166,2907.391,2907.453,0.062,0.002991,0.059814,0.001526
2026-06-11T16:23:43,471,"(28, 28)","(8,)",20,0.000161,2907.453,2907.516,0.062,0.002991,0.059814,0.001526
2026-06-11T16:23:43,472,"(28, 28)","(8,)",20,0.000174,2907.516,2907.578,0.062,0.002991,0.059814,0.001526
2026-06-11T16:23:43,473,"(28, 28)","(8,)",20,0.000165,2907.578,2907.641,0.062,0.002991,0.059814,0.001526
2026-06-11T16:23:43,474,"(28, 28)","(8,)",20,0.000165,2907.641,2907.703,0.062,0.002991,0.059814,0.001526
2026-06-11T16:23:43,475,"(28, 28)","(8,)",20,0.000162,2907.703,2907.766,0.062,0.002991,0.059814,0.001526
2026-06-11T16:23:43,476,"(28, 28)","(8,)",20,0.000174,2907.766,2907.832,0.066,0.002991,0.059814,0.001526
2026-06-11T16:23:43,477,"(28, 28)","(8,)",20,0.000162,2907.832,2907.895,0.062,0.002991,0.059814,0.001526
2026-06-11T16:23:43,478,"(28, 28)","(8,)",20,0.000163,2907.895,2907.957,0.062,0.002991,0.059814,0.001526
2026-06-11T16:23:43,479,"(28, 28)","(8,)",20,0.000164,2907.957,2908.02,0.062,0.002991,0.059814,0.001526
2026-06-11T16:23:43,480,"(28, 28)","(8,)",20,0.000172,2908.02,2908.082,0.062,0.002991,0.059814,0.001526
2026-06-11T16:23:43,481,"(28, 28)","(8,)",20,0.000168,2908.082,2908.145,0.062,0.002991,0.059814,0.001526
2026-06-11T16:23:43,482,"(28, 28)","(8,)",20,0.000163,2908.145,2908.207,0.062,0.002991,0.059814,0.001526
2026-06-11T16:23:43,483,"(28, 28)","(8,)",20,0.00016,2908.207,2908.27,0.062,0.002991,0.059814,0.001526
2026-06-11T16:23:43,484,"(28, 28)","(8,)",20,0.000177,2908.27,2908.332,0.062,0.002991,0.059814,0.001526
2026-06-11T16:23:43,485,"(28, 28)","(8,)",20,0.000169,2908.332,2908.395,0.062,0.002991,0.059814,0.001526
2026-06-11T16:23:43,486,"(28, 28)","(8,)",20,0.000161,2908.395,2908.457,0.062,0.002991,0.059814,0.001526
2026-06-11T16:23:43,487,"(28, 28)","(8,)",20,0.000165,2908.457,2908.523,0.066,0.002991,0.059814,0.001526
2026-06-11T16:23:43,488,"(28, 28)","(8,)",20,0.000159,2908.523,2908.586,0.062,0.002991,0.059814,0.001526
2026-06-11T16:23:43,489,"(28, 28)","(8,)",20,0.000166,2908.586,2908.648,0.062,0.002991,0.059814,0.001526
2026-06-11T16:23:43,490,"(28, 28)","(8,)",20,0.000163,2908.648,2908.711,0.062,0.002991,0.059814,0.001526
2026-06-11T16:23:43,491,"(28, 28)","(8,)",20,0.00016,2908.711,2908.773,0.062,0.002991,0.059814,0.001526
2026-06-11T16:23:43,492,"(28, 28)","(8,)",20,0.00016,2908.773,2908.836,0.062,0.002991,0.059814,0.001526
2026-06-11T16:23:43,493,"(28, 28)","(8,)",20,0.000168,2908.836,2908.898,0.062,0.002991,0.059814,0.001526
2026-06-11T16:23:43,494,"(28, 28)","(8,)",20,0.000161,2908.898,2908.961,0.062,0.002991,0.059814,0.001526
2026-06-11T16:23:43,495,"(28, 28)","(8,)",20,0.000165,2908.961,2909.023,0.062,0.002991,0.059814,0.001526
2026-06-11T16:23:43,496,"(28, 28)","(8,)",20,0.00016,2909.023,2909.086,0.062,0.002991,0.059814,0.001526
2026-06-11T16:23:43,497,"(28, 28)","(8,)",20,0.000168,2909.086,2909.148,0.062,0.002991,0.059814,0.001526
2026-06-11T16:23:43,498,"(28, 28)","(8,)",20,0.000164,2909.148,2909.211,0.062,0.002991,0.059814,0.001526
2026-06-11T16:23:43,499,"(28, 28)","(8,)",20,0.00016,2909.211,2909.277,0.066,0.002991,0.059814,0.001526
2026-06-11T16:23:43,500,"(28, 28)","(8,)",20,0.00016,2909.277,2909.34,0.062,0.002991,0.059814,0.001526
2026-06-11T16:23:43,501,"(28, 28)","(8,)",20,0.000162,2909.34,2909.402,0.062,0.002991,0.059814,0.001526
2026-06-11T16:23:43,502,"(28, 28)","(8,)",20,0.000163,2909.402,2909.465,0.062,0.002991,0.059814,0.001526
2026-06-11T16:23:43,503,"(28, 28)","(8,)",20,0.000166,2909.465,2909.527,0.062,0.002991,0.059814,0.001526
2026-06-11T16:23:43,504,"(28, 28)","(8,)",20,0.000161,2909.527,2909.59,0.062,0.002991,0.059814,0.001526
2026-06-11T16:23:43,505,"(28, 28)","(8,)",20,0.000166,2909.59,2909.652,0.062,0.002991,0.059814,0.001526
2026-06-11T16:23:43,506,"(28, 28)","(8,)",20,0.000163,2909.652,2909.715,0.062,0.002991,0.059814,0.001526
2026-06-11T16:23:43,507,"(28, 28)","(8,)",20,0.000159,2909.715,2909.777,0.062,0.002991,0.059814,0.001526
2026-06-11T16:23:43,508,"(28, 28)","(8,)",20,0.000162,2909.777,2909.84,0.062,0.002991,0.059814,0.001526
2026-06-11T16:23:43,509,"(28, 28)","(8,)",20,0.000174,2909.84,2909.902,0.062,0.002991,0.059814,0.001526
2026-06-11T16:23:43,510,"(28, 28)","(8,)",20,0.000163,2909.902,2909.965,0.062,0.002991,0.059814,0.001526
2026-06-11T16:23:43,511,"(28, 28)","(8,)",20,0.00016,2909.965,2910.031,0.066,0.002991,0.059814,0.001526
2026-06-11T16:23:43,512,"(28, 28)","(8,)",20,0.000161,2910.031,2910.094,0.062,0.002991,0.059814,0.001526
2026-06-11T16:23:43,513,"(28, 28)","(8,)",20,0.000173,2910.094,2910.156,0.062,0.002991,0.059814,0.001526
2026-06-11T16:23:43,514,"(28, 28)","(8,)",20,0.000166,2910.156,2910.219,0.062,0.002991,0.059814,0.001526
2026-06-11T16:23:43,515,"(28, 28)","(8,)",20,0.000163,2910.219,2910.281,0.062,0.002991,0.059814,0.001526
2026-06-11T16:23:43,516,"(28, 28)","(8,)",20,0.000159,2910.281,2910.344,0.062,0.002991,0.059814,0.001526
2026-06-11T16:23:43,517,"(28, 28)","(8,)",20,0.000179,2910.344,2910.406,0.062,0.002991,0.059814,0.001526
2026-06-11T16:23:43,518,"(28, 28)","(8,)",20,0.000162,2910.406,2910.469,0.062,0.002991,0.059814,0.001526
2026-06-11T16:23:43,519,"(28, 28)","(8,)",20,0.000162,2910.469,2910.531,0.062,0.002991,0.059814,0.001526
2026-06-11T16:23:43,520,"(28, 28)","(8,)",20,0.000168,2910.531,2910.594,0.062,0.002991,0.059814,0.001526
2026-06-11T16:23:43,521,"(28, 28)","(8,)",20,0.000178,2910.594,2910.656,0.062,0.002991,0.059814,0.001526
2026-06-11T16:23:43,522,"(28, 28)","(8,)",20,0.000165,2910.656,2910.723,0.066,0.002991,0.059814,0.001526
2026-06-11T16:23:43,523,"(28, 28)","(8,)",20,0.00016,2910.723,2910.785,0.062,0.002991,0.059814,0.001526
2026-06-11T16:23:43,524,"(28, 28)","(8,)",20,0.000162,2910.785,2910.848,0.062,0.002991,0.059814,0.001526
2026-06-11T16:23:43,525,"(28, 28)","(8,)",20,0.000184,2910.848,2910.91,0.062,0.002991,0.059814,0.001526
2026-06-11T16:23:43,526,"(28, 28)","(8,)",20,0.000163,2910.91,2910.973,0.062,0.002991,0.059814,0.001526
2026-06-11T16:23:43,527,"(28, 28)","(8,)",20,0.000161,2910.973,2911.035,0.062,0.002991,0.059814,0.001526
2026-06-11T16:23:43,528,"(28, 28)","(8,)",20,0.000166,2911.035,2911.098,0.062,0.002991,0.059814,0.001526
2026-06-11T16:23:43,529,"(28, 28)","(8,)",20,0.000169,2911.098,2911.16,0.062,0.002991,0.059814,0.001526
2026-06-11T16:23:43,530,"(28, 28)","(8,)",20,0.000163,2911.16,2911.223,0.062,0.002991,0.059814,0.001526
2026-06-11T16:23:43,531,"(28, 28)","(8,)",20,0.000161,2911.223,2911.285,0.062,0.002991,0.059814,0.001526
2026-06-11T16:23:43,532,"(28, 28)","(8,)",20,0.000162,2911.285,2911.348,0.062,0.002991,0.059814,0.001526
2026-06-11T16:23:43,533,"(28, 28)","(8,)",20,0.000173,2911.348,2911.41,0.062,0.002991,0.059814,0.001526
2026-06-11T16:23:43,534,"(28, 28)","(8,)",20,0.000166,2911.41,2911.477,0.066,0.002991,0.059814,0.001526
2026-06-11T16:23:43,535,"(28, 28)","(8,)",20,0.000167,2911.477,2911.539,0.062,0.002991,0.059814,0.001526
2026-06-11T16:23:43,536,"(28, 28)","(8,)",20,0.000162,2911.539,2911.602,0.062,0.002991,0.059814,0.001526
2026-06-11T16:23:43,537,"(28, 28)","(8,)",20,0.000165,2911.602,2911.664,0.062,0.002991,0.059814,0.001526
2026-06-11T16:23:43,538,"(28, 28)","(8,)",20,0.000165,2911.664,2911.727,0.062,0.002991,0.059814,0.001526
2026-06-11T16:23:43,539,"(28, 28)","(8,)",20,0.000162,2911.727,2911.789,0.062,0.002991,0.059814,0.001526
2026-06-11T16:23:43,540,"(28, 28)","(8,)",20,0.000167,2911.789,2911.852,0.062,0.002991,0.059814,0.001526
2026-06-11T16:23:43,541,"(28, 28)","(8,)",20,0.000168,2911.852,2911.914,0.062,0.002991,0.059814,0.001526
2026-06-11T16:23:43,542,"(28, 28)","(8,)",20,0.000161,2911.914,2911.977,0.062,0.002991,0.059814,0.001526
2026-06-11T16:23:43,543,"(28, 28)","(8,)",20,0.000162,2911.977,2912.039,0.062,0.002991,0.059814,0.001526
2026-06-11T16:23:43,544,"(28, 28)","(8,)",20,0.000168,2912.039,2912.102,0.062,0.002991,0.059814,0.001526
2026-06-11T16:23:43,545,"(28, 28)","(8,)",20,0.000164,2912.102,2912.164,0.062,0.002991,0.059814,0.001526
2026-06-11T16:23:43,546,"(28, 28)","(8,)",20,0.000161,2912.164,2912.23,0.066,0.002991,0.059814,0.001526
2026-06-11T16:23:43,547,"(28, 28)","(8,)",20,0.000164,2912.23,2912.293,0.062,0.002991,0.059814,0.001526
2026-06-11T16:23:43,548,"(28, 28)","(8,)",20,0.000172,2912.293,2912.355,0.062,0.002991,0.059814,0.001526
2026-06-11T16:23:43,549,"(28, 28)","(8,)",20,0.000162,2912.355,2912.418,0.062,0.002991,0.059814,0.001526
2026-06-11T16:23:43,550,"(28, 28)","(8,)",20,0.000226,2912.418,2912.48,0.062,0.002991,0.059814,0.001526
2026-06-11T16:23:43,551,"(28, 28)","(8,)",20,0.000165,2912.48,2912.543,0.062,0.002991,0.059814,0.001526
2026-06-11T16:23:43,552,"(28, 28)","(8,)",20,0.000171,2912.543,2912.605,0.062,0.002991,0.059814,0.001526
2026-06-11T16:23:43,553,"(28, 28)","(8,)",20,0.000172,2912.605,2912.668,0.062,0.002991,0.059814,0.001526
2026-06-11T16:23:43,554,"(28, 28)","(8,)",20,0.00016,2912.668,2912.73,0.062,0.002991,0.059814,0.001526
2026-06-11T16:23:43,555,"(28, 28)","(8,)",20,0.000163,2912.73,2912.793,0.062,0.002991,0.059814,0.001526
2026-06-11T16:23:43,556,"(28, 28)","(8,)",20,0.000163,2912.793,2912.855,0.062,0.002991,0.059814,0.001526
2026-06-11T16:23:43,557,"(28, 28)","(8,)",20,0.000171,2912.855,2912.922,0.066,0.002991,0.059814,0.001526
2026-06-11T16:23:43,558,"(28, 28)","(8,)",20,0.000157,2912.922,2912.984,0.062,0.002991,0.059814,0.001526
2026-06-11T16:23:43,559,"(28, 28)","(8,)",20,0.000158,2912.984,2913.047,0.062,0.002991,0.059814,0.001526
2026-06-11T16:23:43,560,"(28, 28)","(8,)",20,0.000166,2913.047,2913.109,0.062,0.002991,0.059814,0.001526
2026-06-11T16:23:43,561,"(28, 28)","(8,)",20,0.000169,2913.109,2913.172,0.062,0.002991,0.059814,0.001526
2026-06-11T16:23:43,562,"(28, 28)","(8,)",20,0.000162,2913.172,2913.234,0.062,0.002991,0.059814,0.001526
2026-06-11T16:23:43,563,"(28, 28)","(8,)",20,0.000161,2913.234,2913.297,0.062,0.002991,0.059814,0.001526
2026-06-11T16:23:43,564,"(28, 28)","(8,)",20,0.000162,2913.297,2913.359,0.062,0.002991,0.059814,0.001526
2026-06-11T16:23:43,565,"(28, 28)","(8,)",20,0.000163,2913.359,2913.422,0.062,0.002991,0.059814,0.001526
2026-06-11T16:23:43,566,"(28, 28)","(8,)",20,0.000159,2913.422,2913.484,0.062,0.002991,0.059814,0.001526
2026-06-11T16:23:43,567,"(28, 28)","(8,)",20,0.000163,2913.484,2913.547,0.062,0.002991,0.059814,0.001526
2026-06-11T16:23:43,568,"(28, 28)","(8,)",20,0.000163,2913.547,2913.609,0.062,0.002991,0.059814,0.001526
2026-06-11T16:23:43,569,"(28, 28)","(8,)",20,0.000157,2913.609,2913.676,0.066,0.002991,0.059814,0.001526
2026-06-11T16:23:43,570,"(28, 28)","(8,)",20,0.000157,2913.676,2913.738,0.062,0.002991,0.059814,0.001526
2026-06-11T16:23:43,571,"(28, 28)","(8,)",20,0.000163,2913.738,2913.801,0.062,0.002991,0.059814,0.001526
2026-06-11T16:23:43,572,"(28, 28)","(8,)",20,0.000158,2913.801,2913.863,0.062,0.002991,0.059814,0.001526
2026-06-11T16:23:43,573,"(28, 28)","(8,)",20,0.000159,2913.863,2913.926,0.062,0.002991,0.059814,0.001526
2026-06-11T16:23:43,574,"(28, 28)","(8,)",20,0.000164,2913.926,2913.988,0.062,0.002991,0.059814,0.001526
2026-06-11T16:23:43,575,"(28, 28)","(8,)",20,0.000163,2913.988,2914.051,0.062,0.002991,0.059814,0.001526
2026-06-11T16:23:43,576,"(28, 28)","(8,)",20,0.000161,2914.051,2914.113,0.062,0.002991,0.059814,0.001526
2026-06-11T16:23:43,577,"(28, 28)","(8,)",20,0.00016,2914.113,2914.176,0.062,0.002991,0.059814,0.001526
2026-06-11T16:23:43,578,"(28, 28)","(8,)",20,0.000176,2914.176,2914.238,0.062,0.002991,0.059814,0.001526
2026-06-11T16:23:43,579,"(28, 28)","(8,)",20,0.000161,2914.238,2914.301,0.062,0.002991,0.059814,0.001526
2026-06-11T16:23:43,580,"(28, 28)","(8,)",20,0.00016,2914.301,2914.363,0.062,0.002991,0.059814,0.001526
2026-06-11T16:23:43,581,"(28, 28)","(8,)",20,0.000159,2914.363,2914.43,0.066,0.002991,0.059814,0.001526
2026-06-11T16:23:43,582,"(28, 28)","(8,)",20,0.000167,2914.43,2914.492,0.062,0.002991,0.059814,0.001526
2026-06-11T16:23:43,583,"(28, 28)","(8,)",20,0.000162,2914.492,2914.555,0.062,0.002991,0.059814,0.001526
2026-06-11T16:23:43,584,"(28, 28)","(8,)",20,0.000158,2914.555,2914.617,0.062,0.002991,0.059814,0.001526
2026-06-11T16:23:43,585,"(28, 28)","(8,)",20,0.000158,2914.617,2914.68,0.062,0.002991,0.059814,0.001526
2026-06-11T16:23:43,586,"(28, 28)","(8,)",20,0.000171,2914.68,2914.742,0.062,0.002991,0.059814,0.001526
2026-06-11T16:23:43,587,"(28, 28)","(8,)",20,0.000172,2914.742,2914.805,0.062,0.002991,0.059814,0.001526
2026-06-11T16:23:43,588,"(28, 28)","(8,)",20,0.000158,2914.805,2914.867,0.062,0.002991,0.059814,0.001526
2026-06-11T16:23:43,589,"(28, 28)","(8,)",20,0.000157,2914.867,2914.93,0.062,0.002991,0.059814,0.001526
2026-06-11T16:23:43,590,"(28, 28)","(8,)",20,0.000157,2914.93,2914.992,0.062,0.002991,0.059814,0.001526
2026-06-11T16:23:43,591,"(28, 28)","(8,)",20,0.000165,2914.992,2915.055,0.062,0.002991,0.059814,0.001526
2026-06-11T16:23:43,592,"(28, 28)","(8,)",20,0.000158,2915.055,2915.121,0.066,0.002991,0.059814,0.001526
2026-06-11T16:23:43,593,"(28, 28)","(8,)",20,0.00016,2915.121,2915.184,0.062,0.002991,0.059814,0.001526
2026-06-11T16:23:43,594,"(28, 28)","(8,)",20,0.000158,2915.184,2915.246,0.062,0.002991,0.059814,0.001526
2026-06-11T16:23:43,595,"(28, 28)","(8,)",20,0.000166,2915.246,2915.312,0.066,0.002991,0.059814,0.001526
2026-06-11T16:23:43,596,"(28, 28)","(8,)",20,0.000155,2915.312,2915.375,0.062,0.002991,0.059814,0.001526
2026-06-11T16:23:43,597,"(28, 28)","(8,)",20,0.000158,2915.375,2915.438,0.062,0.002991,0.059814,0.001526
2026-06-11T16:23:43,598,"(28, 28)","(8,)",20,0.000159,2915.438,2915.5,0.062,0.002991,0.059814,0.001526
2026-06-11T16:23:43,599,"(28, 28)","(8,)",20,0.000168,2915.5,2915.562,0.062,0.002991,0.059814,0.001526
2026-06-11T16:23:43,600,"(28, 28)","(8,)",20,0.000159,2915.562,2915.625,0.062,0.002991,0.059814,0.001526
2026-06-11T16:23:43,601,"(28, 28)","(8,)",20,0.000158,2915.625,2915.688,0.062,0.002991,0.059814,0.001526
2026-06-11T16:23:43,602,"(28, 28)","(8,)",20,0.000158,2915.688,2915.75,0.062,0.002991,0.059814,0.001526
2026-06-11T16:23:43,603,"(28, 28)","(8,)",20,0.000169,2915.75,2915.812,0.062,0.002991,0.059814,0.001526
2026-06-11T16:23:43,604,"(28, 28)","(8,)",20,0.000157,2915.812,2915.875,0.062,0.002991,0.059814,0.001526
2026-06-11T16:23:43,605,"(28, 28)","(8,)",20,0.000162,2915.875,2915.938,0.062,0.002991,0.059814,0.001526
2026-06-11T16:23:43,606,"(28, 28)","(8,)",20,0.000159,2915.938,2916.004,0.066,0.002991,0.059814,0.001526
2026-06-11T16:23:43,607,"(28, 28)","(8,)",20,0.000177,2916.004,2916.066,0.062,0.002991,0.059814,0.001526
2026-06-11T16:23:43,608,"(28, 28)","(8,)",20,0.000162,2916.066,2916.129,0.062,0.002991,0.059814,0.001526
2026-06-11T16:23:43,609,"(28, 28)","(8,)",20,0.000157,2916.129,2916.191,0.062,0.002991,0.059814,0.001526
2026-06-11T16:23:43,610,"(28, 28)","(8,)",20,0.000165,2916.191,2916.254,0.062,0.002991,0.059814,0.001526
2026-06-11T16:23:43,611,"(28, 28)","(8,)",20,0.000165,2916.254,2916.316,0.062,0.002991,0.059814,0.001526
2026-06-11T16:23:43,612,"(28, 28)","(8,)",20,0.00016,2916.316,2916.379,0.062,0.002991,0.059814,0.001526
2026-06-11T16:23:43,613,"(28, 28)","(8,)",20,0.000157,2916.379,2916.441,0.062,0.002991,0.059814,0.001526
2026-06-11T16:23:43,614,"(28, 28)","(8,)",20,0.000161,2916.441,2916.504,0.062,0.002991,0.059814,0.001526
2026-06-11T16:23:43,615,"(28, 28)","(8,)",20,0.00016,2916.504,2916.566,0.062,0.002991,0.059814,0.001526
2026-06-11T16:23:43,616,"(28, 28)","(8,)",20,0.000161,2916.566,2916.629,0.062,0.002991,0.059814,0.001526
2026-06-11T16:23:43,617,"(28, 28)","(8,)",20,0.000158,2916.629,2916.691,0.062,0.002991,0.059814,0.001526
2026-06-11T16:23:43,618,"(28, 28)","(8,)",20,0.000162,2916.691,2916.758,0.066,0.002991,0.059814,0.001526
2026-06-11T16:23:43,619,"(28, 28)","(8,)",20,0.000159,2916.758,2916.82,0.062,0.002991,0.059814,0.001526
2026-06-11T16:23:43,620,"(28, 28)","(8,)",20,0.00016,2916.82,2916.883,0.062,0.002991,0.059814,0.001526
2026-06-11T16:23:43,621,"(28, 28)","(8,)",20,0.000159,2916.883,2916.945,0.062,0.002991,0.059814,0.001526
2026-06-11T16:23:43,622,"(28, 28)","(8,)",20,0.000164,2916.945,2917.008,0.062,0.002991,0.059814,0.001526
2026-06-11T16:23:43,623,"(28, 28)","(8,)",20,0.000158,2917.008,2917.07,0.062,0.002991,0.059814,0.001526
2026-06-11T16:23:43,624,"(28, 28)","(8,)",20,0.00017,2917.07,2917.133,0.062,0.002991,0.059814,0.001526
2026-06-11T16:23:43,625,"(28, 28)","(8,)",20,0.000163,2917.133,2917.195,0.062,0.002991,0.059814,0.001526
2026-06-11T16:23:43,626,"(28, 28)","(8,)",20,0.000166,2917.195,2917.258,0.062,0.002991,0.059814,0.001526
2026-06-11T16:23:43,627,"(28, 28)","(8,)",20,0.000206,2917.258,2917.32,0.062,0.002991,0.059814,0.001526
2026-06-11T16:23:43,628,"(28, 28)","(8,)",20,0.000164,2917.32,2917.383,0.062,0.002991,0.059814,0.001526
2026-06-11T16:23:43,629,"(28, 28)","(8,)",20,0.000163,2917.383,2917.445,0.062,0.002991,0.059814,0.001526
2026-06-11T16:23:43,630,"(28, 28)","(8,)",20,0.000166,2917.445,2917.512,0.066,0.002991,0.059814,0.001526
2026-06-11T16:23:43,631,"(28, 28)","(8,)",20,0.000163,2917.512,2917.574,0.062,0.002991,0.059814,0.001526
2026-06-11T16:23:43,632,"(28, 28)","(8,)",20,0.00016,2917.574,2917.637,0.062,0.002991,0.059814,0.001526
2026-06-11T16:23:43,633,"(28, 28)","(8,)",20,0.000162,2917.637,2917.699,0.062,0.002991,0.059814,0.001526
2026-06-11T16:23:43,634,"(28, 28)","(8,)",20,0.000166,2917.699,2917.762,0.062,0.002991,0.059814,0.001526
2026-06-11T16:23:43,635,"(28, 28)","(8,)",20,0.000159,2917.762,2917.824,0.062,0.002991,0.059814,0.001526
2026-06-11T16:23:43,636,"(28, 28)","(8,)",20,0.000165,2917.824,2917.887,0.062,0.002991,0.059814,0.001526
2026-06-11T16:23:43,637,"(28, 28)","(8,)",20,0.00021,2917.887,2917.949,0.062,0.002991,0.059814,0.001526
2026-06-11T16:23:43,638,"(28, 28)","(8,)",20,0.00017,2917.949,2918.012,0.062,0.002991,0.059814,0.001526
2026-06-11T16:23:43,639,"(28, 28)","(8,)",20,0.000163,2918.012,2918.074,0.062,0.002991,0.059814,0.001526
2026-06-11T16:23:43,640,"(28, 28)","(8,)",20,0.000162,2918.074,2918.137,0.062,0.002991,0.059814,0.001526
2026-06-11T16:23:43,641,"(28, 28)","(8,)",20,0.000162,2918.137,2918.203,0.066,0.002991,0.059814,0.001526
2026-06-11T16:23:43,642,"(28, 28)","(8,)",20,0.000159,2918.203,2918.266,0.062,0.002991,0.059814,0.001526
2026-06-11T16:23:43,643,"(28, 28)","(8,)",20,0.000157,2918.266,2918.328,0.062,0.002991,0.059814,0.001526
2026-06-11T16:23:43,644,"(28, 28)","(8,)",20,0.000161,2918.328,2918.391,0.062,0.002991,0.059814,0.001526
2026-06-11T16:23:43,645,"(28, 28)","(8,)",20,0.000164,2918.391,2918.453,0.062,0.002991,0.059814,0.001526
2026-06-11T16:23:43,646,"(28, 28)","(8,)",20,0.000163,2918.453,2918.516,0.062,0.002991,0.059814,0.001526
2026-06-11T16:23:43,647,"(28, 28)","(8,)",20,0.000165,2918.516,2918.578,0.062,0.002991,0.059814,0.001526
2026-06-11T16:23:43,648,"(28, 28)","(8,)",20,0.000174,2918.578,2918.641,0.062,0.002991,0.059814,0.001526
2026-06-11T16:23:43,649,"(28, 28)","(8,)",20,0.000165,2918.641,2918.703,0.062,0.002991,0.059814,0.001526
2026-06-11T16:23:43,650,"(28, 28)","(8,)",20,0.000165,2918.703,2918.766,0.062,0.002991,0.059814,0.001526
2026-06-11T16:23:43,651,"(28, 28)","(8,)",20,0.00016,2918.766,2918.828,0.062,0.002991,0.059814,0.001526
2026-06-11T16:23:43,652,"(28, 28)","(8,)",20,0.000177,2918.828,2918.891,0.062,0.002991,0.059814,0.001526
2026-06-11T16:23:43,653,"(28, 28)","(8,)",20,0.000181,2918.891,2918.957,0.066,0.002991,0.059814,0.001526
2026-06-11T16:23:43,654,"(28, 28)","(8,)",20,0.000162,2918.957,2919.02,0.062,0.002991,0.059814,0.001526
2026-06-11T16:23:43,655,"(28, 28)","(8,)",20,0.00016,2919.02,2919.082,0.062,0.002991,0.059814,0.001526
2026-06-11T16:23:43,656,"(28, 28)","(8,)",20,0.000167,2919.082,2919.145,0.062,0.002991,0.059814,0.001526
2026-06-11T16:23:43,657,"(28, 28)","(8,)",20,0.000169,2919.145,2919.207,0.062,0.002991,0.059814,0.001526
2026-06-11T16:23:43,658,"(28, 28)","(8,)",20,0.000159,2919.207,2919.27,0.062,0.002991,0.059814,0.001526
2026-06-11T16:23:43,659,"(28, 28)","(8,)",20,0.000163,2919.27,2919.332,0.062,0.002991,0.059814,0.001526
2026-06-11T16:23:43,660,"(28, 28)","(8,)",20,0.000186,2919.332,2919.395,0.062,0.002991,0.059814,0.001526
2026-06-11T16:23:43,661,"(28, 28)","(8,)",20,0.000164,2919.395,2919.457,0.062,0.002991,0.059814,0.001526
2026-06-11T16:23:43,662,"(28, 28)","(8,)",20,0.000163,2919.457,2919.52,0.062,0.002991,0.059814,0.001526
2026-06-11T16:23:43,663,"(28, 28)","(8,)",20,0.000159,2919.52,2919.582,0.062,0.002991,0.059814,0.001526
2026-06-11T16:23:43,664,"(28, 28)","(8,)",20,0.000174,2919.582,2919.645,0.062,0.002991,0.059814,0.001526
2026-06-11T16:23:43,665,"(28, 28)","(8,)",20,0.000173,2919.645,2919.711,0.066,0.002991,0.059814,0.001526
2026-06-11T16:23:43,666,"(28, 28)","(8,)",20,0.00016,2919.711,2919.773,0.062,0.002991,0.059814,0.001526
2026-06-11T16:23:43,667,"(28, 28)","(8,)",20,0.000158,2919.773,2919.836,0.062,0.002991,0.059814,0.001526
2026-06-11T16:23:43,668,"(28, 28)","(8,)",20,0.00017,2919.836,2919.898,0.062,0.002991,0.059814,0.001526
2026-06-11T16:23:43,669,"(28, 28)","(8,)",20,0.000175,2919.898,2919.961,0.062,0.002991,0.059814,0.001526
2026-06-11T16:23:43,670,"(28, 28)","(8,)",20,0.00016,2919.961,2920.023,0.062,0.002991,0.059814,0.001526
2026-06-11T16:23:43,671,"(28, 28)","(8,)",20,0.000161,2920.023,2920.086,0.062,0.002991,0.059814,0.001526
2026-06-11T16:23:43,672,"(28, 28)","(8,)",20,0.00017,2920.086,2920.148,0.062,0.002991,0.059814,0.001526
2026-06-11T16:23:43,673,"(28, 28)","(8,)",20,0.000169,2920.148,2920.215,0.066,0.002991,0.059814,0.001526
2026-06-11T16:23:43,674,"(28, 28)","(8,)",20,0.000162,2920.215,2920.277,0.062,0.002991,0.059814,0.001526
2026-06-11T16:23:43,675,"(28, 28)","(8,)",20,0.000158,2920.277,2920.34,0.062,0.002991,0.059814,0.001526
2026-06-11T16:23:43,676,"(28, 28)","(8,)",20,0.000178,2920.34,2920.402,0.062,0.002991,0.059814,0.001526
2026-06-11T16:23:43,677,"(28, 28)","(8,)",20,0.000164,2920.402,2920.465,0.062,0.002991,0.059814,0.001526
2026-06-11T16:23:43,678,"(28, 28)","(8,)",20,0.000164,2920.465,2920.527,0.062,0.002991,0.059814,0.001526
2026-06-11T16:23:43,679,"(28, 28)","(8,)",20,0.000161,2920.527,2920.594,0.066,0.002991,0.059814,0.001526
2026-06-11T16:23:43,680,"(28, 28)","(8,)",20,0.000174,2920.594,2920.656,0.062,0.002991,0.059814,0.001526
2026-06-11T16:23:43,681,"(28, 28)","(8,)",20,0.000162,2920.656,2920.719,0.062,0.002991,0.059814,0.001526
2026-06-11T16:23:43,682,"(28, 28)","(8,)",20,0.00016,2920.719,2920.781,0.062,0.002991,0.059814,0.001526
2026-06-11T16:23:43,683,"(28, 28)","(8,)",20,0.000163,2920.781,2920.844,0.062,0.002991,0.059814,0.001526
2026-06-11T16:23:43,684,"(28, 28)","(8,)",20,0.000169,2920.844,2920.906,0.062,0.002991,0.059814,0.001526
2026-06-11T16:23:43,685,"(28, 28)","(8,)",20,0.000168,2920.906,2920.969,0.062,0.002991,0.059814,0.001526
2026-06-11T16:23:43,686,"(28, 28)","(8,)",20,0.000159,2920.969,2921.031,0.062,0.002991,0.059814,0.001526
2026-06-11T16:23:43,687,"(28, 28)","(8,)",20,0.000161,2921.031,2921.094,0.062,0.002991,0.059814,0.001526
2026-06-11T16:23:43,688,"(28, 28)","(8,)",20,0.000168,2921.094,2921.156,0.062,0.002991,0.059814,0.001526
2026-06-11T16:23:43,689,"(28, 28)","(8,)",20,0.000164,2921.156,2921.219,0.062,0.002991,0.059814,0.001526
2026-06-11T16:23:43,690,"(28, 28)","(8,)",20,0.000161,2921.219,2921.281,0.062,0.002991,0.059814,0.001526
2026-06-11T16:23:43,691,"(28, 28)","(8,)",20,0.000161,2921.281,2921.348,0.066,0.002991,0.059814,0.001526
2026-06-11T16:23:43,692,"(28, 28)","(8,)",20,0.000175,2921.348,2921.41,0.062,0.002991,0.059814,0.001526
2026-06-11T16:23:43,693,"(28, 28)","(8,)",20,0.00016,2921.41,2921.473,0.062,0.002991,0.059814,0.001526
2026-06-11T16:23:43,694,"(28, 28)","(8,)",20,0.000161,2921.473,2921.535,0.062,0.002991,0.059814,0.001526
2026-06-11T16:23:43,695,"(28, 28)","(8,)",20,0.000164,2921.535,2921.598,0.062,0.002991,0.059814,0.001526
2026-06-11T16:23:43,696,"(28, 28)","(8,)",20,0.000171,2921.598,2921.66,0.062,0.002991,0.059814,0.001526
2026-06-11T16:23:43,697,"(28, 28)","(8,)",20,0.000161,2921.66,2921.723,0.062,0.002991,0.059814,0.001526
2026-06-11T16:23:43,698,"(28, 28)","(8,)",20,0.000159,2921.723,2921.785,0.062,0.002991,0.059814,0.001526
2026-06-11T16:23:43,699,"(28, 28)","(8,)",20,0.000163,2921.785,2921.848,0.062,0.002991,0.059814,0.001526
2026-06-11T16:23:43,700,"(28, 28)","(8,)",20,0.000182,2921.848,2921.91,0.062,0.002991,0.059814,0.001526
2026-06-11T16:23:43,701,"(28, 28)","(8,)",20,0.000159,2921.91,2921.973,0.062,0.002991,0.059814,0.001526
2026-06-11T16:23:43,702,"(28, 28)","(8,)",20,0.000163,2921.973,2922.039,0.066,0.002991,0.059814,0.001526
2026-06-11T16:23:43,703,"(28, 28)","(8,)",20,0.000157,2922.039,2922.102,0.062,0.002991,0.059814,0.001526
2026-06-11T16:23:43,704,"(28, 28)","(8,)",20,0.000166,2922.102,2922.164,0.062,0.002991,0.059814,0.001526
2026-06-11T16:23:43,705,"(28, 28)","(8,)",20,0.000159,2922.164,2922.227,0.062,0.002991,0.059814,0.001526
2026-06-11T16:23:43,706,"(28, 28)","(8,)",20,0.000159,2922.227,2922.289,0.062,0.002991,0.059814,0.001526
2026-06-11T16:23:43,707,"(28, 28)","(8,)",20,0.00016,2922.289,2922.352,0.062,0.002991,0.059814,0.001526
2026-06-11T16:23:43,708,"(28, 28)","(8,)",20,0.000165,2922.352,2922.414,0.062,0.002991,0.059814,0.001526
2026-06-11T16:23:43,709,"(28, 28)","(8,)",20,0.000159,2922.414,2922.477,0.062,0.002991,0.059814,0.001526
2026-06-11T16:23:43,710,"(28, 28)","(8,)",20,0.000161,2922.477,2922.539,0.062,0.002991,0.059814,0.001526
2026-06-11T16:23:43,711,"(28, 28)","(8,)",20,0.000163,2922.539,2922.602,0.062,0.002991,0.059814,0.001526
2026-06-11T16:23:43,712,"(28, 28)","(8,)",20,0.000162,2922.602,2922.664,0.062,0.002991,0.059814,0.001526
2026-06-11T16:23:43,713,"(28, 28)","(8,)",20,0.000164,2922.664,2922.727,0.062,0.002991,0.059814,0.001526
2026-06-11T16:23:43,714,"(28, 28)","(8,)",20,0.000161,2922.727,2922.793,0.066,0.002991,0.059814,0.001526
2026-06-11T16:23:43,715,"(28, 28)","(8,)",20,0.000163,2922.793,2922.855,0.062,0.002991,0.059814,0.001526
2026-06-11T16:23:43,716,"(28, 28)","(8,)",20,0.000164,2922.855,2922.918,0.062,0.002991,0.059814,0.001526
2026-06-11T16:23:43,717,"(28, 28)","(8,)",20,0.000158,2922.918,2922.98,0.062,0.002991,0.059814,0.001526
2026-06-11T16:23:43,718,"(28, 28)","(8,)",20,0.000166,2922.98,2923.043,0.062,0.002991,0.059814,0.001526
2026-06-11T16:23:43,719,"(28, 28)","(8,)",20,0.00016,2923.043,2923.105,0.062,0.002991,0.059814,0.001526
2026-06-11T16:23:43,720,"(28, 28)","(8,)",20,0.000164,2923.105,2923.168,0.062,0.002991,0.059814,0.001526
2026-06-11T16:23:43,721,"(28, 28)","(8,)",20,0.00016,2923.168,2923.23,0.062,0.002991,0.059814,0.001526
2026-06-11T16:23:43,722,"(28, 28)","(8,)",20,0.000159,2923.23,2923.293,0.062,0.002991,0.059814,0.001526
2026-06-11T16:23:43,723,"(28, 28)","(8,)",20,0.000163,2923.293,2923.355,0.062,0.002991,0.059814,0.001526
2026-06-11T16:23:43,724,"(28, 28)","(8,)",20,0.000234,2923.355,2923.418,0.062,0.002991,0.059814,0.001526
2026-06-11T16:23:43,725,"(28, 28)","(8,)",20,0.000165,2923.418,2923.48,0.062,0.002991,0.059814,0.001526
2026-06-11T16:23:43,726,"(28, 28)","(8,)",20,0.000162,2923.48,2923.547,0.066,0.002991,0.059814,0.001526
2026-06-11T16:23:43,727,"(28, 28)","(8,)",20,0.000159,2923.547,2923.609,0.062,0.002991,0.059814,0.001526
2026-06-11T16:23:43,728,"(28, 28)","(8,)",20,0.000168,2923.609,2923.672,0.062,0.002991,0.059814,0.001526
2026-06-11T16:23:43,729,"(28, 28)","(8,)",20,0.000163,2923.672,2923.734,0.062,0.002991,0.059814,0.001526
2026-06-11T16:23:43,730,"(28, 28)","(8,)",20,0.000159,2923.734,2923.797,0.062,0.002991,0.059814,0.001526
2026-06-11T16:23:43,731,"(28, 28)","(8,)",20,0.000163,2923.797,2923.859,0.062,0.002991,0.059814,0.001526
2026-06-11T16:23:43,732,"(28, 28)","(8,)",20,0.000164,2923.859,2923.922,0.062,0.002991,0.059814,0.001526
2026-06-11T16:23:43,733,"(28, 28)","(8,)",20,0.000162,2923.922,2923.984,0.062,0.002991,0.059814,0.001526
2026-06-11T16:23:43,734,"(28, 28)","(8,)",20,0.000159,2923.984,2924.047,0.062,0.002991,0.059814,0.001526
2026-06-11T16:23:43,735,"(28, 28)","(8,)",20,0.000161,2924.047,2924.109,0.062,0.002991,0.059814,0.001526
2026-06-11T16:23:43,736,"(28, 28)","(8,)",20,0.000168,2924.109,2924.172,0.062,0.002991,0.059814,0.001526
2026-06-11T16:23:43,737,"(28, 28)","(8,)",20,0.00016,2924.172,2924.238,0.066,0.002991,0.059814,0.001526
2026-06-11T16:23:43,738,"(28, 28)","(8,)",20,0.000161,2924.238,2924.301,0.062,0.002991,0.059814,0.001526
2026-06-11T16:23:43,739,"(28, 28)","(8,)",20,0.000163,2924.301,2924.363,0.062,0.002991,0.059814,0.001526
2026-06-11T16:23:43,740,"(28, 28)","(8,)",20,0.000158,2924.363,2924.426,0.062,0.002991,0.059814,0.001526
2026-06-11T16:23:43,741,"(28, 28)","(8,)",20,0.000174,2924.426,2924.488,0.062,0.002991,0.059814,0.001526
2026-06-11T16:23:43,742,"(28, 28)","(8,)",20,0.00016,2924.488,2924.551,0.062,0.002991,0.059814,0.001526
2026-06-11T16:23:43,743,"(28, 28)","(8,)",20,0.00017,2924.551,2924.613,0.062,0.002991,0.059814,0.001526
2026-06-11T16:23:43,744,"(28, 28)","(8,)",20,0.00016,2924.613,2924.676,0.062,0.002991,0.059814,0.001526
2026-06-11T16:23:43,745,"(28, 28)","(8,)",20,0.000171,2924.676,2924.738,0.062,0.002991,0.059814,0.001526
2026-06-11T16:23:43,746,"(28, 28)","(8,)",20,0.000163,2924.738,2924.801,0.062,0.002991,0.059814,0.001526
2026-06-11T16:23:43,747,"(28, 28)","(8,)",20,0.000163,2924.801,2924.863,0.062,0.002991,0.059814,0.001526
2026-06-11T16:23:43,748,"(28, 28)","(8,)",20,0.000162,2924.863,2924.926,0.062,0.002991,0.059814,0.001526
2026-06-11T16:23:43,749,"(28, 28)","(8,)",20,0.000166,2924.926,2924.992,0.066,0.002991,0.059814,0.001526
2026-06-11T16:23:43,750,"(28, 28)","(8,)",20,0.000159,2924.992,2925.055,0.062,0.002991,0.059814,0.001526
2026-06-11T16:23:43,751,"(28, 28)","(8,)",20,0.000162,2925.055,2925.117,0.062,0.002991,0.059814,0.001526
2026-06-11T16:23:43,752,"(28, 28)","(8,)",20,0.000159,2925.117,2925.18,0.062,0.002991,0.059814,0.001526
2026-06-11T16:23:43,753,"(28, 28)","(8,)",20,0.00017,2925.18,2925.242,0.062,0.002991,0.059814,0.001526
2026-06-11T16:23:43,754,"(28, 28)","(8,)",20,0.000161,2925.242,2925.305,0.062,0.002991,0.059814,0.001526
2026-06-11T16:23:43,755,"(28, 28)","(8,)",20,0.000163,2925.305,2925.367,0.062,0.002991,0.059814,0.001526
2026-06-11T16:23:43,756,"(28, 28)","(8,)",20,0.00016,2925.367,2925.43,0.062,0.002991,0.059814,0.001526
2026-06-11T16:23:43,757,"(28, 28)","(8,)",20,0.000169,2925.43,2925.492,0.062,0.002991,0.059814,0.001526
2026-06-11T16:23:43,758,"(28, 28)","(8,)",20,0.000168,2925.492,2925.555,0.062,0.002991,0.059814,0.001526
2026-06-11T16:23:43,759,"(28, 28)","(8,)",20,0.000165,2925.555,2925.617,0.062,0.002991,0.059814,0.001526
2026-06-11T16:23:43,760,"(28, 28)","(8,)",20,0.000162,2925.617,2925.684,0.066,0.002991,0.059814,0.001526
2026-06-11T16:23:43,761,"(28, 28)","(8,)",20,0.000169,2925.684,2925.746,0.062,0.002991,0.059814,0.001526
2026-06-11T16:23:43,762,"(28, 28)","(8,)",20,0.000157,2925.746,2925.812,0.066,0.002991,0.059814,0.001526
2026-06-11T16:23:43,763,"(28, 28)","(8,)",20,0.000161,2925.812,2925.871,0.059,0.002991,0.059814,0.001526
2026-06-11T16:23:43,764,"(28, 28)","(8,)",20,0.000161,2925.871,2925.934,0.062,0.002991,0.059814,0.001526
2026-06-11T16:23:43,765,"(28, 28)","(8,)",20,0.00017,2925.934,2925.996,0.062,0.002991,0.059814,0.001526
2026-06-11T16:23:43,766,"(28, 28)","(8,)",20,0.000161,2925.996,2926.059,0.062,0.002991,0.059814,0.001526
2026-06-11T16:23:43,767,"(28, 28)","(8,)",20,0.000162,2926.059,2926.121,0.062,0.002991,0.059814,0.001526
2026-06-11T16:23:43,768,"(28, 28)","(8,)",20,0.000157,2926.121,2926.184,0.062,0.002991,0.059814,0.001526
2026-06-11T16:23:43,769,"(28, 28)","(8,)",20,0.000171,2926.184,2926.25,0.066,0.002991,0.059814,0.001526
2026-06-11T16:23:43,770,"(28, 28)","(8,)",20,0.000158,2926.25,2926.312,0.062,0.002991,0.059814,0.001526
2026-06-11T16:23:43,771,"(28, 28)","(8,)",20,0.000161,2926.312,2926.375,0.062,0.002991,0.059814,0.001526
2026-06-11T16:23:43,772,"(28, 28)","(8,)",20,0.000163,2926.375,2926.438,0.062,0.002991,0.059814,0.001526
2026-06-11T16:23:43,773,"(28, 28)","(8,)",20,0.000164,2926.438,2926.5,0.062,0.002991,0.059814,0.001526
2026-06-11T16:23:43,774,"(28, 28)","(8,)",20,0.000159,2926.5,2926.562,0.062,0.002991,0.059814,0.001526
2026-06-11T16:23:43,775,"(28, 28)","(8,)",20,0.000161,2926.562,2926.625,0.062,0.002991,0.059814,0.001526
2026-06-11T16:23:43,776,"(28, 28)","(8,)",20,0.000158,2926.625,2926.688,0.062,0.002991,0.059814,0.001526
2026-06-11T16:23:43,777,"(28, 28)","(8,)",20,0.00016,2926.688,2926.75,0.062,0.002991,0.059814,0.001526
2026-06-11T16:23:43,778,"(28, 28)","(8,)",20,0.000158,2926.75,2926.812,0.062,0.002991,0.059814,0.001526
2026-06-11T16:23:43,779,"(28, 28)","(8,)",20,0.000162,2926.812,2926.875,0.062,0.002991,0.059814,0.001526
2026-06-11T16:23:43,780,"(28, 28)","(8,)",20,0.000157,2926.875,2926.938,0.062,0.002991,0.059814,0.001526
2026-06-11T16:23:43,781,"(28, 28)","(8,)",20,0.000159,2926.938,2927.004,0.066,0.002991,0.059814,0.001526
2026-06-11T16:23:43,782,"(28, 28)","(8,)",20,0.000163,2927.004,2927.066,0.062,0.002991,0.059814,0.001526
2026-06-11T16:23:43,783,"(28, 28)","(8,)",20,0.000161,2927.066,2927.129,0.062,0.002991,0.059814,0.001526
2026-06-11T16:23:43,784,"(28, 28)","(8,)",20,0.000157,2927.129,2927.191,0.062,0.002991,0.059814,0.001526
2026-06-11T16:23:43,785,"(28, 28)","(8,)",20,0.000157,2927.191,2927.254,0.062,0.002991,0.059814,0.001526
2026-06-11T16:23:43,786,"(28, 28)","(8,)",20,0.000163,2927.254,2927.316,0.062,0.002991,0.059814,0.001526
2026-06-11T16:23:43,787,"(28, 28)","(8,)",20,0.000157,2927.316,2927.379,0.062,0.002991,0.059814,0.001526
2026-06-11T16:23:43,788,"(28, 28)","(8,)",20,0.000158,2927.379,2927.441,0.062,0.002991,0.059814,0.001526
2026-06-11T16:23:43,789,"(28, 28)","(8,)",20,0.000162,2927.441,2927.504,0.062,0.002991,0.059814,0.001526
2026-06-11T16:23:43,790,"(28, 28)","(8,)",20,0.000163,2927.504,2927.566,0.062,0.002991,0.059814,0.001526
2026-06-11T16:23:43,791,"(28, 28)","(8,)",20,0.000158,2927.566,2927.629,0.062,0.002991,0.059814,0.001526
2026-06-11T16:23:43,792,"(28, 28)","(8,)",20,0.000157,2927.629,2927.691,0.062,0.002991,0.059814,0.001526
2026-06-11T16:23:43,793,"(28, 28)","(8,)",20,0.000157,2927.695,2927.758,0.062,0.002991,0.059814,0.001526
2026-06-11T16:23:43,794,"(28, 28)","(8,)",20,0.000168,2927.758,2927.82,0.062,0.002991,0.059814,0.001526
2026-06-11T16:23:43,795,"(28, 28)","(8,)",20,0.000157,2927.82,2927.883,0.062,0.002991,0.059814,0.001526
2026-06-11T16:23:43,796,"(28, 28)","(8,)",20,0.00016,2927.883,2927.945,0.062,0.002991,0.059814,0.001526
2026-06-11T16:23:43,797,"(28, 28)","(8,)",20,0.000161,2927.945,2928.008,0.062,0.002991,0.059814,0.001526
2026-06-11T16:23:43,798,"(28, 28)","(8,)",20,0.00017,2928.008,2928.07,0.062,0.002991,0.059814,0.001526
2026-06-11T16:23:43,799,"(28, 28)","(8,)",20,0.000158,2928.07,2928.133,0.062,0.002991,0.059814,0.001526
2026-06-11T16:23:43,800,"(28, 28)","(8,)",20,0.000158,2928.133,2928.195,0.062,0.002991,0.059814,0.001526
2026-06-11T16:23:43,801,"(28, 28)","(8,)",20,0.00016,2928.195,2928.258,0.062,0.002991,0.059814,0.001526
2026-06-11T16:23:43,802,"(28, 28)","(8,)",20,0.000182,2928.258,2928.32,0.062,0.002991,0.059814,0.001526
2026-06-11T16:23:43,803,"(28, 28)","(8,)",20,0.000159,2928.32,2928.383,0.062,0.002991,0.059814,0.001526
2026-06-11T16:23:43,804,"(28, 28)","(8,)",20,0.000167,2928.383,2928.449,0.066,0.002991,0.059814,0.001526
2026-06-11T16:23:43,805,"(28, 28)","(8,)",20,0.000162,2928.449,2928.512,0.062,0.002991,0.059814,0.001526
2026-06-11T16:23:43,806,"(28, 28)","(8,)",20,0.000179,2928.512,2928.574,0.062,0.002991,0.059814,0.001526
2026-06-11T16:23:43,807,"(28, 28)","(8,)",20,0.000163,2928.574,2928.637,0.062,0.002991,0.059814,0.001526
2026-06-11T16:23:43,808,"(28, 28)","(8,)",20,0.000179,2928.637,2928.699,0.062,0.002991,0.059814,0.001526
2026-06-11T16:23:43,809,"(28, 28)","(8,)",20,0.00019,2928.699,2928.762,0.062,0.002991,0.059814,0.001526
2026-06-11T16:23:43,810,"(28, 28)","(8,)",20,0.000272,2928.762,2928.824,0.062,0.002991,0.059814,0.001526
2026-06-11T16:23:43,811,"(28, 28)","(8,)",20,0.000177,2928.824,2928.887,0.062,0.002991,0.059814,0.001526
2026-06-11T16:23:43,812,"(28, 28)","(8,)",20,0.000177,2928.887,2928.949,0.062,0.002991,0.059814,0.001526
2026-06-11T16:23:43,813,"(28, 28)","(8,)",20,0.000181,2928.949,2929.012,0.062,0.002991,0.059814,0.001526
2026-06-11T16:23:43,814,"(28, 28)","(8,)",20,0.000174,2929.012,2929.074,0.062,0.002991,0.059814,0.001526
2026-06-11T16:23:43,815,"(28, 28)","(8,)",20,0.000168,2929.074,2929.137,0.062,0.002991,0.059814,0.001526
2026-06-11T16:23:43,816,"(28, 28)","(8,)",20,0.000163,2929.137,2929.203,0.066,0.002991,0.059814,0.001526
2026-06-11T16:23:43,817,"(28, 28)","(8,)",20,0.000178,2929.203,2929.266,0.062,0.002991,0.059814,0.001526
2026-06-11T16:23:43,818,"(28, 28)","(8,)",20,0.000161,2929.266,2929.328,0.062,0.002991,0.059814,0.001526
2026-06-11T16:23:43,819,"(28, 28)","(8,)",20,0.000157,2929.328,2929.391,0.062,0.002991,0.059814,0.001526
2026-06-11T16:23:43,820,"(28, 28)","(8,)",20,0.000162,2929.391,2929.453,0.062,0.002991,0.059814,0.001526
2026-06-11T16:23:43,821,"(28, 28)","(8,)",20,0.000167,2929.453,2929.516,0.062,0.002991,0.059814,0.001526
2026-06-11T16:23:43,822,"(28, 28)","(8,)",20,0.000165,2929.516,2929.578,0.062,0.002991,0.059814,0.001526
2026-06-11T16:23:43,823,"(28, 28)","(8,)",20,0.00016,2929.578,2929.641,0.062,0.002991,0.059814,0.001526
2026-06-11T16:23:43,824,"(28, 28)","(8,)",20,0.00016,2929.641,2929.703,0.062,0.002991,0.059814,0.001526
2026-06-11T16:23:43,825,"(28, 28)","(8,)",20,0.000171,2929.703,2929.766,0.062,0.002991,0.059814,0.001526
2026-06-11T16:23:43,826,"(28, 28)","(8,)",20,0.00016,2929.766,2929.828,0.062,0.002991,0.059814,0.001526
2026-06-11T16:23:43,827,"(28, 28)","(8,)",20,0.000158,2929.828,2929.895,0.066,0.002991,0.059814,0.001526
2026-06-11T16:23:43,828,"(28, 28)","(8,)",20,0.000158,2929.895,2929.957,0.062,0.002991,0.059814,0.001526
2026-06-11T16:23:43,829,"(28, 28)","(8,)",20,0.000168,2929.957,2930.02,0.062,0.002991,0.059814,0.001526
2026-06-11T16:23:43,830,"(28, 28)","(8,)",20,0.000161,2930.02,2930.082,0.062,0.002991,0.059814,0.001526
2026-06-11T16:23:43,831,"(28, 28)","(8,)",20,0.000164,2930.082,2930.145,0.062,0.002991,0.059814,0.001526
2026-06-11T16:23:43,832,"(28, 28)","(8,)",20,0.000158,2930.145,2930.207,0.062,0.002991,0.059814,0.001526
2026-06-11T16:23:43,833,"(28, 28)","(8,)",20,0.000177,2930.207,2930.27,0.062,0.002991,0.059814,0.001526
2026-06-11T16:23:43,834,"(28, 28)","(8,)",20,0.000159,2930.27,2930.332,0.062,0.002991,0.059814,0.001526
2026-06-11T16:23:43,835,"(28, 28)","(8,)",20,0.000162,2930.332,2930.395,0.062,0.002991,0.059814,0.001526
2026-06-11T16:23:43,836,"(28, 28)","(8,)",20,0.000159,2930.395,2930.457,0.062,0.002991,0.059814,0.001526
2026-06-11T16:23:43,837,"(28, 28)","(8,)",20,0.000172,2930.457,2930.52,0.062,0.002991,0.059814,0.001526
2026-06-11T16:23:43,838,"(28, 28)","(8,)",20,0.00016,2930.52,2930.582,0.062,0.002991,0.059814,0.001526
2026-06-11T16:23:43,839,"(28, 28)","(8,)",20,0.000161,2930.582,2930.648,0.066,0.002991,0.059814,0.001526
2026-06-11T16:23:43,840,"(28, 28)","(8,)",20,0.000157,2930.648,2930.711,0.062,0.002991,0.059814,0.001526
2026-06-11T16:23:43,841,"(28, 28)","(8,)",20,0.000168,2930.711,2930.773,0.062,0.002991,0.059814,0.001526
2026-06-11T16:23:43,842,"(28, 28)","(8,)",20,0.000161,2930.773,2930.836,0.062,0.002991,0.059814,0.001526
2026-06-11T16:23:43,843,"(28, 28)","(8,)",20,0.000158,2930.836,2930.898,0.062,0.002991,0.059814,0.001526
2026-06-11T16:23:43,844,"(28, 28)","(8,)",20,0.000165,2930.898,2930.961,0.062,0.002991,0.059814,0.001526
2026-06-11T16:23:43,845,"(28, 28)","(8,)",20,0.000174,2930.961,2931.023,0.062,0.002991,0.059814,0.001526
2026-06-11T16:23:43,846,"(28, 28)","(8,)",20,0.000159,2931.023,2931.086,0.062,0.002991,0.059814,0.001526
2026-06-11T16:23:43,847,"(28, 28)","(8,)",20,0.00016,2931.086,2931.148,0.062,0.002991,0.059814,0.001526
2026-06-11T16:23:43,848,"(28, 28)","(8,)",20,0.000158,2931.148,2931.211,0.062,0.002991,0.059814,0.001526
2026-06-11T16:23:43,849,"(28, 28)","(8,)",20,0.00017,2931.211,2931.273,0.062,0.002991,0.059814,0.001526
2026-06-11T16:23:43,850,"(28, 28)","(8,)",20,0.000159,2931.273,2931.336,0.062,0.002991,0.059814,0.001526
2026-06-11T16:23:43,851,"(28, 28)","(8,)",20,0.00016,2931.336,2931.402,0.066,0.002991,0.059814,0.001526
2026-06-11T16:23:43,852,"(28, 28)","(8,)",20,0.000157,2931.402,2931.465,0.062,0.002991,0.059814,0.001526
2026-06-11T16:23:43,853,"(28, 28)","(8,)",20,0.000173,2931.465,2931.527,0.062,0.002991,0.059814,0.001526
2026-06-11T16:23:43,854,"(28, 28)","(8,)",20,0.00016,2931.527,2931.59,0.062,0.002991,0.059814,0.001526
2026-06-11T16:23:43,855,"(28, 28)","(8,)",20,0.00016,2931.59,2931.652,0.062,0.002991,0.059814,0.001526
2026-06-11T16:23:43,856,"(28, 28)","(8,)",20,0.000159,2931.652,2931.715,0.062,0.002991,0.059814,0.001526
2026-06-11T16:23:43,857,"(28, 28)","(8,)",20,0.000168,2931.715,2931.777,0.062,0.002991,0.059814,0.001526
2026-06-11T16:23:43,858,"(28, 28)","(8,)",20,0.000161,2931.777,2931.84,0.062,0.002991,0.059814,0.001526
2026-06-11T16:23:43,859,"(28, 28)","(8,)",20,0.000163,2931.84,2931.902,0.062,0.002991,0.059814,0.001526
2026-06-11T16:23:43,860,"(28, 28)","(8,)",20,0.000158,2931.902,2931.965,0.062,0.002991,0.059814,0.001526
2026-06-11T16:23:43,861,"(28, 28)","(8,)",20,0.000164,2931.977,2932.035,0.059,0.002991,0.059814,0.001526
2026-06-11T16:23:43,862,"(28, 28)","(8,)",20,0.000157,2932.035,2932.098,0.062,0.002991,0.059814,0.001526
2026-06-11T16:23:43,863,"(28, 28)","(8,)",20,0.000158,2932.098,2932.156,0.059,0.002991,0.059814,0.001526
2026-06-11T16:23:43,864,"(28, 28)","(8,)",20,0.000159,2932.156,2932.215,0.059,0.002991,0.059814,0.001526
2026-06-11T16:23:43,865,"(28, 28)","(8,)",20,0.00016,2932.215,2932.281,0.066,0.002991,0.059814,0.001526
2026-06-11T16:23:43,866,"(28, 28)","(8,)",20,0.000158,2932.281,2932.34,0.059,0.002991,0.059814,0.001526
2026-06-11T16:23:43,867,"(28, 28)","(8,)",20,0.000158,2932.34,2932.402,0.062,0.002991,0.059814,0.001526
2026-06-11T16:23:43,868,"(28, 28)","(8,)",20,0.000159,2932.402,2932.465,0.062,0.002991,0.059814,0.001526
2026-06-11T16:23:43,869,"(28, 28)","(8,)",20,0.000164,2932.465,2932.527,0.062,0.002991,0.059814,0.001526
2026-06-11T16:23:43,870,"(28, 28)","(8,)",20,0.000157,2932.527,2932.59,0.062,0.002991,0.059814,0.001526
2026-06-11T16:23:43,871,"(28, 28)","(8,)",20,0.000158,2932.59,2932.652,0.062,0.002991,0.059814,0.001526
2026-06-11T16:23:43,872,"(28, 28)","(8,)",20,0.000162,2932.652,2932.715,0.062,0.002991,0.059814,0.001526
2026-06-11T16:23:43,873,"(28, 28)","(8,)",20,0.000158,2932.715,2932.777,0.062,0.002991,0.059814,0.001526
2026-06-11T16:23:43,874,"(28, 28)","(8,)",20,0.00016,2932.777,2932.84,0.062,0.002991,0.059814,0.001526
2026-06-11T16:23:43,875,"(28, 28)","(8,)",20,0.000157,2932.84,2932.902,0.062,0.002991,0.059814,0.001526
2026-06-11T16:23:43,876,"(28, 28)","(8,)",20,0.000161,2932.902,2932.965,0.062,0.002991,0.059814,0.001526
2026-06-11T16:23:43,877,"(28, 28)","(8,)",20,0.000157,2932.965,2933.027,0.062,0.002991,0.059814,0.001526
2026-06-11T16:23:43,878,"(28, 28)","(8,)",20,0.000163,2933.027,2933.09,0.062,0.002991,0.059814,0.001526
2026-06-11T16:23:43,879,"(28, 28)","(8,)",20,0.000162,2933.09,2933.152,0.062,0.002991,0.059814,0.001526
2026-06-11T16:23:43,880,"(28, 28)","(8,)",20,0.000163,2933.152,2933.215,0.062,0.002991,0.059814,0.001526
2026-06-11T16:23:43,881,"(28, 28)","(8,)",20,0.000163,2933.215,2933.281,0.066,0.002991,0.059814,0.001526
2026-06-11T16:23:43,882,"(28, 28)","(8,)",20,0.000169,2933.281,2933.344,0.062,0.002991,0.059814,0.001526
2026-06-11T16:23:43,883,"(28, 28)","(8,)",20,0.000158,2933.344,2933.406,0.062,0.002991,0.059814,0.001526
2026-06-11T16:23:43,884,"(28, 28)","(8,)",20,0.000162,2933.406,2933.469,0.062,0.002991,0.059814,0.001526
2026-06-11T16:23:43,885,"(28, 28)","(8,)",20,0.000164,2933.469,2933.531,0.062,0.002991,0.059814,0.001526
2026-06-11T16:23:43,886,"(28, 28)","(8,)",20,0.000178,2933.531,2933.594,0.062,0.002991,0.059814,0.001526
2026-06-11T16:23:43,887,"(28, 28)","(8,)",20,0.000161,2933.594,2933.656,0.062,0.002991,0.059814,0.001526
2026-06-11T16:23:43,888,"(28, 28)","(8,)",20,0.000163,2933.656,2933.719,0.062,0.002991,0.059814,0.001526
2026-06-11T16:23:43,889,"(28, 28)","(8,)",20,0.000158,2933.719,2933.781,0.062,0.002991,0.059814,0.001526
2026-06-11T16:23:43,890,"(28, 28)","(8,)",20,0.000167,2933.781,2933.844,0.062,0.002991,0.059814,0.001526
2026-06-11T16:23:43,891,"(28, 28)","(8,)",20,0.00016,2933.844,2933.906,0.062,0.002991,0.059814,0.001526
2026-06-11T16:23:43,892,"(28, 28)","(8,)",20,0.000165,2933.906,2933.973,0.066,0.002991,0.059814,0.001526
2026-06-11T16:23:43,893,"(28, 28)","(8,)",20,0.00016,2933.973,2934.035,0.062,0.002991,0.059814,0.001526
2026-06-11T16:23:43,894,"(28, 28)","(8,)",20,0.000167,2934.035,2934.098,0.062,0.002991,0.059814,0.001526
2026-06-11T16:23:43,895,"(28, 28)","(8,)",20,0.000158,2934.098,2934.16,0.062,0.002991,0.059814,0.001526
2026-06-11T16:23:43,896,"(28, 28)","(8,)",20,0.000194,2934.16,2934.223,0.062,0.002991,0.059814,0.001526
2026-06-11T16:23:43,897,"(28, 28)","(8,)",20,0.000163,2934.223,2934.285,0.062,0.002991,0.059814,0.001526
2026-06-11T16:23:43,898,"(28, 28)","(8,)",20,0.000174,2934.285,2934.348,0.062,0.002991,0.059814,0.001526
2026-06-11T16:23:43,899,"(28, 28)","(8,)",20,0.00016,2934.348,2934.41,0.062,0.002991,0.059814,0.001526
2026-06-11T16:23:43,900,"(28, 28)","(8,)",20,0.000162,2934.41,2934.473,0.062,0.002991,0.059814,0.001526
2026-06-11T16:23:43,901,"(28, 28)","(8,)",20,0.00016,2934.473,2934.535,0.062,0.002991,0.059814,0.001526
2026-06-11T16:23:43,902,"(28, 28)","(8,)",20,0.000165,2934.535,2934.598,0.062,0.002991,0.059814,0.001526
2026-06-11T16:23:43,903,"(28, 28)","(8,)",20,0.000162,2934.598,2934.66,0.062,0.002991,0.059814,0.001526
2026-06-11T16:23:43,904,"(28, 28)","(8,)",20,0.000164,2934.66,2934.727,0.066,0.002991,0.059814,0.001526
2026-06-11T16:23:43,905,"(28, 28)","(8,)",20,0.000162,2934.727,2934.789,0.062,0.002991,0.059814,0.001526
2026-06-11T16:23:43,906,"(28, 28)","(8,)",20,0.000174,2934.789,2934.852,0.062,0.002991,0.059814,0.001526
2026-06-11T16:23:43,907,"(28, 28)","(8,)",20,0.000159,2934.852,2934.914,0.062,0.002991,0.059814,0.001526
2026-06-11T16:23:43,908,"(28, 28)","(8,)",20,0.000165,2934.914,2934.977,0.062,0.002991,0.059814,0.001526
2026-06-11T16:23:43,909,"(28, 28)","(8,)",20,0.000159,2934.977,2935.039,0.062,0.002991,0.059814,0.001526
2026-06-11T16:23:43,910,"(28, 28)","(8,)",20,0.000169,2935.039,2935.102,0.062,0.002991,0.059814,0.001526
2026-06-11T16:23:43,911,"(28, 28)","(8,)",20,0.000158,2935.102,2935.164,0.062,0.002991,0.059814,0.001526
2026-06-11T16:23:43,912,"(28, 28)","(8,)",20,0.000161,2935.164,2935.227,0.062,0.002991,0.059814,0.001526
2026-06-11T16:23:43,913,"(28, 28)","(8,)",20,0.00016,2935.227,2935.289,0.062,0.002991,0.059814,0.001526
2026-06-11T16:23:43,914,"(28, 28)","(8,)",20,0.000175,2935.289,2935.352,0.062,0.002991,0.059814,0.001526
2026-06-11T16:23:43,915,"(28, 28)","(8,)",20,0.00016,2935.352,2935.414,0.062,0.002991,0.059814,0.001526
2026-06-11T16:23:43,916,"(28, 28)","(8,)",20,0.000162,2935.414,2935.48,0.066,0.002991,0.059814,0.001526
2026-06-11T16:23:43,917,"(28, 28)","(8,)",20,0.000162,2935.48,2935.543,0.062,0.002991,0.059814,0.001526
2026-06-11T16:23:43,918,"(28, 28)","(8,)",20,0.000165,2935.543,2935.605,0.062,0.002991,0.059814,0.001526
2026-06-11T16:23:43,919,"(28, 28)","(8,)",20,0.000165,2935.605,2935.668,0.062,0.002991,0.059814,0.001526
2026-06-11T16:23:43,920,"(28, 28)","(8,)",20,0.000174,2935.668,2935.73,0.062,0.002991,0.059814,0.001526
2026-06-11T16:23:43,921,"(28, 28)","(8,)",20,0.000166,2935.73,2935.793,0.062,0.002991,0.059814,0.001526
2026-06-11T16:23:43,922,"(28, 28)","(8,)",20,0.00017,2935.793,2935.855,0.062,0.002991,0.059814,0.001526
2026-06-11T16:23:43,923,"(28, 28)","(8,)",20,0.000162,2935.855,2935.918,0.062,0.002991,0.059814,0.001526
2026-06-11T16:23:43,924,"(28, 28)","(8,)",20,0.000158,2935.918,2935.98,0.062,0.002991,0.059814,0.001526
2026-06-11T16:23:43,925,"(28, 28)","(8,)",20,0.000158,2935.98,2936.043,0.062,0.002991,0.059814,0.001526
2026-06-11T16:23:43,926,"(28, 28)","(8,)",20,0.000177,2936.043,2936.105,0.062,0.002991,0.059814,0.001526
2026-06-11T16:23:43,927,"(28, 28)","(8,)",20,0.000167,2936.105,2936.172,0.066,0.002991,0.059814,0.001526
2026-06-11T16:23:43,928,"(28, 28)","(8,)",20,0.000155,2936.172,2936.234,0.062,0.002991,0.059814,0.001526
2026-06-11T16:23:43,929,"(28, 28)","(8,)",20,0.000234,2936.234,2936.297,0.062,0.002991,0.059814,0.001526
2026-06-11T16:23:43,930,"(28, 28)","(8,)",20,0.000215,2936.297,2936.359,0.062,0.002991,0.059814,0.001526
2026-06-11T16:23:43,931,"(28, 28)","(8,)",20,0.000216,2936.359,2936.422,0.062,0.002991,0.059814,0.001526
2026-06-11T16:23:43,932,"(28, 28)","(8,)",20,0.000216,2936.422,2936.484,0.062,0.002991,0.059814,0.001526
2026-06-11T16:23:43,933,"(28, 28)","(8,)",20,0.000218,2936.484,2936.547,0.062,0.002991,0.059814,0.001526
2026-06-11T16:23:43,934,"(28, 28)","(8,)",20,0.000256,2936.547,2936.609,0.062,0.002991,0.059814,0.001526
2026-06-11T16:23:43,935,"(28, 28)","(8,)",20,0.000222,2936.609,2936.672,0.062,0.002991,0.059814,0.001526
2026-06-11T16:23:43,936,"(28, 28)","(8,)",20,0.000211,2936.672,2936.734,0.062,0.002991,0.059814,0.001526
2026-06-11T16:23:43,937,"(28, 28)","(8,)",20,0.000219,2936.734,2936.797,0.062,0.002991,0.059814,0.001526
2026-06-11T16:23:43,938,"(28, 28)","(8,)",20,0.00021,2936.797,2936.859,0.062,0.002991,0.059814,0.001526
2026-06-11T16:23:43,939,"(28, 28)","(8,)",20,0.00023,2936.859,2936.926,0.066,0.002991,0.059814,0.001526
2026-06-11T16:23:43,940,"(28, 28)","(8,)",20,0.000212,2936.926,2936.988,0.062,0.002991,0.059814,0.001526
2026-06-11T16:23:43,941,"(28, 28)","(8,)",20,0.000208,2936.988,2937.051,0.062,0.002991,0.059814,0.001526
2026-06-11T16:23:43,942,"(28, 28)","(8,)",20,0.000218,2937.051,2937.113,0.062,0.002991,0.059814,0.001526
2026-06-11T16:23:43,943,"(28, 28)","(8,)",20,0.000216,2937.113,2937.176,0.062,0.002991,0.059814,0.001526
2026-06-11T16:23:43,944,"(28, 28)","(8,)",20,0.000212,2937.176,2937.238,0.062,0.002991,0.059814,0.001526
2026-06-11T16:23:43,945,"(28, 28)","(8,)",20,0.000219,2937.238,2937.301,0.062,0.002991,0.059814,0.001526
2026-06-11T16:23:43,946,"(28, 28)","(8,)",20,0.000212,2937.301,2937.363,0.062,0.002991,0.059814,0.001526
2026-06-11T16:23:43,947,"(28, 28)","(8,)",20,0.000216,2937.363,2937.426,0.062,0.002991,0.059814,0.001526
2026-06-11T16:23:43,948,"(28, 28)","(8,)",20,0.00021,2937.426,2937.488,0.062,0.002991,0.059814,0.001526
2026-06-11T16:23:43,949,"(28, 28)","(8,)",20,0.000216,2937.488,2937.551,0.062,0.002991,0.059814,0.001526
2026-06-11T16:23:43,950,"(28, 28)","(8,)",20,0.000213,2937.551,2937.613,0.062,0.002991,0.059814,0.001526
2026-06-11T16:23:43,951,"(28, 28)","(8,)",20,0.000216,2937.617,2937.68,0.062,0.002991,0.059814,0.001526
2026-06-11T16:23:43,952,"(28, 28)","(8,)",20,0.000214,2937.68,2937.742,0.062,0.002991,0.059814,0.001526
2026-06-11T16:23:43,953,"(28, 28)","(8,)",20,0.00021,2937.742,2937.805,0.062,0.002991,0.059814,0.001526
2026-06-11T16:23:43,954,"(28, 28)","(8,)",20,0.000209,2937.805,2937.867,0.062,0.002991,0.059814,0.001526
2026-06-11T16:23:43,955,"(28, 28)","(8,)",20,0.000223,2937.867,2937.93,0.062,0.002991,0.059814,0.001526
2026-06-11T16:23:43,956,"(28, 28)","(8,)",20,0.000214,2937.93,2937.992,0.062,0.002991,0.059814,0.001526
2026-06-11T16:23:43,957,"(28, 28)","(8,)",20,0.000211,2937.992,2938.055,0.062,0.002991,0.059814,0.001526
2026-06-11T16:23:43,958,"(28, 28)","(8,)",20,0.000224,2938.055,2938.117,0.062,0.002991,0.059814,0.001526
2026-06-11T16:23:43,959,"(28, 28)","(8,)",20,0.000216,2938.117,2938.18,0.062,0.002991,0.059814,0.001526
2026-06-11T16:23:43,960,"(28, 28)","(8,)",20,0.00021,2938.18,2938.242,0.062,0.002991,0.059814,0.001526
2026-06-11T16:23:43,961,"(28, 28)","(8,)",20,0.00022,2938.242,2938.305,0.062,0.002991,0.059814,0.001526
2026-06-11T16:23:43,962,"(28, 28)","(8,)",20,0.000213,2938.305,2938.371,0.066,0.002991,0.059814,0.001526
2026-06-11T16:23:43,963,"(28, 28)","(8,)",20,0.000212,2938.371,2938.434,0.062,0.002991,0.059814,0.001526
2026-06-11T16:23:43,964,"(28, 28)","(8,)",20,0.00021,2938.434,2938.496,0.062,0.002991,0.059814,0.001526
2026-06-11T16:23:43,965,"(28, 28)","(8,)",20,0.00021,2938.496,2938.559,0.062,0.002991,0.059814,0.001526
2026-06-11T16:23:43,966,"(28, 28)","(8,)",20,0.000216,2938.559,2938.621,0.062,0.002991,0.059814,0.001526
2026-06-11T16:23:43,967,"(28, 28)","(8,)",20,0.00021,2938.621,2938.684,0.062,0.002991,0.059814,0.001526
2026-06-11T16:23:43,968,"(28, 28)","(8,)",20,0.00021,2938.684,2938.746,0.062,0.002991,0.059814,0.001526
2026-06-11T16:23:43,969,"(28, 28)","(8,)",20,0.000211,2938.746,2938.809,0.062,0.002991,0.059814,0.001526
2026-06-11T16:23:43,970,"(28, 28)","(8,)",20,0.000281,2938.809,2938.871,0.062,0.002991,0.059814,0.001526
2026-06-11T16:23:43,971,"(28, 28)","(8,)",20,0.00022,2938.871,2938.934,0.062,0.002991,0.059814,0.001526
2026-06-11T16:23:43,972,"(28, 28)","(8,)",20,0.000217,2938.934,2938.996,0.062,0.002991,0.059814,0.001526
2026-06-11T16:23:43,973,"(28, 28)","(8,)",20,0.000211,2939.012,2939.07,0.059,0.002991,0.059814,0.001526
2026-06-11T16:23:43,974,"(28, 28)","(8,)",20,0.000237,2939.07,2939.129,0.059,0.002991,0.059814,0.001526
2026-06-11T16:23:43,975,"(28, 28)","(8,)",20,0.000273,2939.129,2939.191,0.062,0.002991,0.059814,0.001526
2026-06-11T16:23:43,976,"(28, 28)","(8,)",20,0.000218,2939.191,2939.25,0.059,0.002991,0.059814,0.001526
2026-06-11T16:23:43,977,"(28, 28)","(8,)",20,0.000211,2939.25,2939.309,0.059,0.002991,0.059814,0.001526
2026-06-11T16:23:43,978,"(28, 28)","(8,)",20,0.000218,2939.309,2939.375,0.066,0.002991,0.059814,0.001526
2026-06-11T16:23:43,979,"(28, 28)","(8,)",20,0.000208,2939.375,2939.434,0.059,0.002991,0.059814,0.001526
2026-06-11T16:23:43,980,"(28, 28)","(8,)",20,0.000223,2939.434,2939.496,0.062,0.002991,0.059814,0.001526
2026-06-11T16:23:43,981,"(28, 28)","(8,)",20,0.000212,2939.496,2939.559,0.062,0.002991,0.059814,0.001526
2026-06-11T16:23:43,982,"(28, 28)","(8,)",20,0.000217,2939.559,2939.617,0.059,0.002991,0.059814,0.001526
2026-06-11T16:23:43,983,"(28, 28)","(8,)",20,0.000218,2939.617,2939.68,0.062,0.002991,0.059814,0.001526
2026-06-11T16:23:43,984,"(28, 28)","(8,)",20,0.000215,2939.68,2939.746,0.066,0.002991,0.059814,0.001526
2026-06-11T16:23:43,985,"(28, 28)","(8,)",20,0.000211,2939.746,2939.809,0.062,0.002991,0.059814,0.001526
2026-06-11T16:23:43,986,"(28, 28)","(8,)",20,0.000227,2939.809,2939.871,0.062,0.002991,0.059814,0.001526
2026-06-11T16:23:43,987,"(28, 28)","(8,)",20,0.000211,2939.871,2939.934,0.062,0.002991,0.059814,0.001526
2026-06-11T16:23:43,988,"(28, 28)","(8,)",20,0.000212,2939.934,2939.996,0.062,0.002991,0.059814,0.001526
2026-06-11T16:23:43,989,"(28, 28)","(8,)",20,0.000219,2939.996,2940.059,0.062,0.002991,0.059814,0.001526
2026-06-11T16:23:43,990,"(28, 28)","(8,)",20,0.000213,2940.059,2940.121,0.062,0.002991,0.059814,0.001526
2026-06-11T16:23:43,991,"(28, 28)","(8,)",20,0.000207,2940.121,2940.184,0.062,0.002991,0.059814,0.001526
2026-06-11T16:23:43,992,"(28, 28)","(8,)",20,0.000208,2940.184,2940.246,0.062,0.002991,0.059814,0.001526
2026-06-11T16:23:43,993,"(28, 28)","(8,)",20,0.000208,2940.246,2940.309,0.062,0.002991,0.059814,0.001526
2026-06-11T16:23:43,994,"(28, 28)","(8,)",20,0.000212,2940.309,2940.371,0.062,0.002991,0.059814,0.001526
2026-06-11T16:23:43,995,"(28, 28)","(8,)",20,0.000211,2940.371,2940.438,0.066,0.002991,0.059814,0.001526
2026-06-11T16:23:43,996,"(28, 28)","(8,)",20,0.000211,2940.438,2940.5,0.062,0.002991,0.059814,0.001526
2026-06-11T16:23:43,997,"(28, 28)","(8,)",20,0.000209,2940.5,2940.562,0.062,0.002991,0.059814,0.001526
2026-06-11T16:23:43,998,"(28, 28)","(8,)",20,0.000212,2940.562,2940.625,0.062,0.002991,0.059814,0.001526
2026-06-11T16:23:43,999,"(28, 28)","(8,)",20,0.000211,2940.625,2940.688,0.062,0.002991,0.059814,0.001526
2026-06-11T16:23:43,1000,"(28, 28)","(8,)",20,0.000212,2940.688,2940.75,0.062,0.002991,0.059814,0.001526
2026-06-11T16:23:43,1001,"(28, 28)","(8,)",20,0.000213,2940.75,2940.812,0.062,0.002991,0.059814,0.001526
2026-06-11T16:23:43,1002,"(28, 28)","(8,)",20,0.000237,2940.812,2940.875,0.062,0.002991,0.059814,0.001526
2026-06-11T16:23:43,1003,"(28, 28)","(8,)",20,0.00023,2940.875,2940.938,0.062,0.002991,0.059814,0.001526
2026-06-11T16:23:43,1004,"(28, 28)","(8,)",20,0.000221,2940.938,2941.0,0.062,0.002991,0.059814,0.001526
2026-06-11T16:23:43,1005,"(28, 28)","(8,)",20,0.000235,2941.0,2941.062,0.062,0.002991,0.059814,0.001526
2026-06-11T16:23:43,1006,"(28, 28)","(8,)",20,0.000215,2941.062,2941.125,0.062,0.002991,0.059814,0.001526
2026-06-11T16:23:43,1007,"(28, 28)","(8,)",20,0.000215,2941.125,2941.191,0.066,0.002991,0.059814,0.001526
2026-06-11T16:23:43,1008,"(28, 28)","(8,)",20,0.000214,2941.191,2941.254,0.062,0.002991,0.059814,0.001526
2026-06-11T16:23:43,1009,"(28, 28)","(8,)",20,0.00021,2941.254,2941.316,0.062,0.002991,0.059814,0.001526
2026-06-11T16:23:43,1010,"(28, 28)","(8,)",20,0.000211,2941.316,2941.379,0.062,0.002991,0.059814,0.001526
2026-06-11T16:23:43,1011,"(28, 28)","(8,)",20,0.000215,2941.379,2941.441,0.062,0.002991,0.059814,0.001526
2026-06-11T16:23:43,1012,"(28, 28)","(8,)",20,0.000216,2941.441,2941.504,0.062,0.002991,0.059814,0.001526
2026-06-11T16:23:43,1013,"(28, 28)","(8,)",20,0.000218,2941.504,2941.566,0.062,0.002991,0.059814,0.001526
2026-06-11T16:23:43,1014,"(28, 28)","(8,)",20,0.00021,2941.566,2941.629,0.062,0.002991,0.059814,0.001526
2026-06-11T16:23:43,1015,"(28, 28)","(8,)",20,0.000212,2941.629,2941.691,0.062,0.002991,0.059814,0.001526
2026-06-11T16:23:43,1016,"(28, 28)","(8,)",20,0.000257,2941.691,2941.754,0.062,0.002991,0.059814,0.001526
2026-06-11T16:23:43,1017,"(28, 28)","(8,)",20,0.000215,2941.754,2941.816,0.062,0.002991,0.059814,0.001526
2026-06-11T16:23:43,1018,"(28, 28)","(8,)",20,0.000212,2941.816,2941.879,0.062,0.002991,0.059814,0.001526
2026-06-11T16:23:43,1019,"(28, 28)","(8,)",20,0.000216,2941.879,2941.945,0.066,0.002991,0.059814,0.001526
2026-06-11T16:23:43,1020,"(28, 28)","(8,)",20,0.000213,2941.945,2942.008,0.062,0.002991,0.059814,0.001526
2026-06-11T16:23:43,1021,"(28, 28)","(8,)",20,0.000226,2942.008,2942.07,0.062,0.002991,0.059814,0.001526
2026-06-11T16:23:43,1022,"(28, 28)","(8,)",20,0.000212,2942.07,2942.133,0.062,0.002991,0.059814,0.001526
2026-06-11T16:23:43,1023,"(28, 28)","(8,)",20,0.000214,2942.133,2942.195,0.062,0.002991,0.059814,0.001526
2026-06-11T16:23:43,1024,"(28, 28)","(8,)",20,0.000216,2942.195,2942.258,0.062,0.002991,0.059814,0.001526
2026-06-11T16:23:43,1025,"(28, 28)","(8,)",20,0.000227,2942.258,2942.32,0.062,0.002991,0.059814,0.001526
2026-06-11T16:23:43,1026,"(28, 28)","(8,)",20,0.000209,2942.32,2942.383,0.062,0.002991,0.059814,0.001526
2026-06-11T16:23:43,1027,"(28, 28)","(8,)",20,0.00022,2942.383,2942.445,0.062,0.002991,0.059814,0.001526
2026-06-11T16:23:43,1028,"(28, 28)","(8,)",20,0.000212,2942.445,2942.508,0.062,0.002991,0.059814,0.001526
2026-06-11T16:23:43,1029,"(28, 28)","(8,)",20,0.000217,2942.508,2942.57,0.062,0.002991,0.059814,0.001526
2026-06-11T16:23:43,1030,"(28, 28)","(8,)",20,0.000217,2942.57,2942.637,0.066,0.002991,0.059814,0.001526
2026-06-11T16:23:43,1031,"(28, 28)","(8,)",20,0.00021,2942.637,2942.699,0.062,0.002991,0.059814,0.001526
2026-06-11T16:23:43,1032,"(28, 28)","(8,)",20,0.000206,2942.699,2942.762,0.062,0.002991,0.059814,0.001526
2026-06-11T16:23:43,1033,"(28, 28)","(8,)",20,0.000215,2942.762,2942.824,0.062,0.002991,0.059814,0.001526
2026-06-11T16:23:43,1034,"(28, 28)","(8,)",20,0.000215,2942.824,2942.887,0.062,0.002991,0.059814,0.001526
2026-06-11T16:23:43,1035,"(28, 28)","(8,)",20,0.00021,2942.887,2942.949,0.062,0.002991,0.059814,0.001526
2026-06-11T16:23:43,1036,"(28, 28)","(8,)",20,0.000215,2942.949,2943.012,0.062,0.002991,0.059814,0.001526
2026-06-11T16:23:43,1037,"(28, 28)","(8,)",20,0.000275,2943.012,2943.074,0.062,0.002991,0.059814,0.001526
2026-06-11T16:23:43,1038,"(28, 28)","(8,)",20,0.000215,2943.074,2943.137,0.062,0.002991,0.059814,0.001526
2026-06-11T16:23:43,1039,"(28, 28)","(8,)",20,0.000211,2943.137,2943.199,0.062,0.002991,0.059814,0.001526
2026-06-11T16:23:43,1040,"(28, 28)","(8,)",20,0.00022,2943.199,2943.262,0.062,0.002991,0.059814,0.001526
2026-06-11T16:23:43,1041,"(28, 28)","(8,)",20,0.000219,2943.262,2943.324,0.062,0.002991,0.059814,0.001526
2026-06-11T16:23:43,1042,"(28, 28)","(8,)",20,0.000212,2943.324,2943.391,0.066,0.002991,0.059814,0.001526
2026-06-11T16:23:43,1043,"(28, 28)","(8,)",20,0.000235,2943.391,2943.453,0.062,0.002991,0.059814,0.001526
2026-06-11T16:23:43,1044,"(28, 28)","(8,)",20,0.000209,2943.453,2943.516,0.062,0.002991,0.059814,0.001526
2026-06-11T16:23:43,1045,"(28, 28)","(8,)",20,0.000212,2943.516,2943.578,0.062,0.002991,0.059814,0.001526
2026-06-11T16:23:43,1046,"(28, 28)","(8,)",20,0.000217,2943.578,2943.641,0.062,0.002991,0.059814,0.001526
2026-06-11T16:23:43,1047,"(28, 28)","(8,)",20,0.000211,2943.641,2943.703,0.062,0.002991,0.059814,0.001526
2026-06-11T16:23:43,1048,"(28, 28)","(8,)",20,0.000216,2943.703,2943.766,0.062,0.002991,0.059814,0.001526
2026-06-11T16:23:43,1049,"(28, 28)","(8,)",20,0.000224,2943.766,2943.828,0.062,0.002991,0.059814,0.001526
2026-06-11T16:23:43,1050,"(28, 28)","(8,)",20,0.000212,2943.828,2943.891,0.062,0.002991,0.059814,0.001526
2026-06-11T16:23:43,1051,"(28, 28)","(8,)",20,0.000211,2943.891,2943.953,0.062,0.002991,0.059814,0.001526
2026-06-11T16:23:43,1052,"(28, 28)","(8,)",20,0.00021,2943.953,2944.016,0.062,0.002991,0.059814,0.001526
2026-06-11T16:23:43,1053,"(28, 28)","(8,)",20,0.000215,2944.016,2944.078,0.062,0.002991,0.059814,0.001526
2026-06-11T16:23:43,1054,"(28, 28)","(8,)",20,0.00021,2944.082,2944.145,0.062,0.002991,0.059814,0.001526
2026-06-11T16:23:43,1055,"(28, 28)","(8,)",20,0.00021,2944.145,2944.207,0.062,0.002991,0.059814,0.001526
2026-06-11T16:23:43,1056,"(28, 28)","(8,)",20,0.000211,2944.207,2944.27,0.062,0.002991,0.059814,0.001526
2026-06-11T16:23:43,1057,"(28, 28)","(8,)",20,0.000257,2944.27,2944.332,0.062,0.002991,0.059814,0.001526
2026-06-11T16:23:43,1058,"(28, 28)","(8,)",20,0.00021,2944.332,2944.395,0.062,0.002991,0.059814,0.001526
2026-06-11T16:23:43,1059,"(28, 28)","(8,)",20,0.000211,2944.395,2944.457,0.062,0.002991,0.059814,0.001526
2026-06-11T16:23:43,1060,"(28, 28)","(8,)",20,0.000216,2944.457,2944.52,0.062,0.002991,0.059814,0.001526
2026-06-11T16:23:43,1061,"(28, 28)","(8,)",20,0.000212,2944.52,2944.582,0.062,0.002991,0.059814,0.001526
2026-06-11T16:23:43,1062,"(28, 28)","(8,)",20,0.000215,2944.582,2944.645,0.062,0.002991,0.059814,0.001526
2026-06-11T16:23:43,1063,"(28, 28)","(8,)",20,0.000213,2944.645,2944.707,0.062,0.002991,0.059814,0.001526
2026-06-11T16:23:43,1064,"(28, 28)","(8,)",20,0.000214,2944.707,2944.77,0.062,0.002991,0.059814,0.001526
2026-06-11T16:23:43,1065,"(28, 28)","(8,)",20,0.000222,2944.77,2944.836,0.066,0.002991,0.059814,0.001526
2026-06-11T16:23:43,1066,"(28, 28)","(8,)",20,0.00021,2944.836,2944.898,0.062,0.002991,0.059814,0.001526
2026-06-11T16:23:43,1067,"(28, 28)","(8,)",20,0.000209,2944.898,2944.961,0.062,0.002991,0.059814,0.001526
2026-06-11T16:23:43,1068,"(28, 28)","(8,)",20,0.000218,2944.961,2945.023,0.062,0.002991,0.059814,0.001526
2026-06-11T16:23:43,1069,"(28, 28)","(8,)",20,0.000209,2945.023,2945.086,0.062,0.002991,0.059814,0.001526
2026-06-11T16:23:43,1070,"(28, 28)","(8,)",20,0.000212,2945.086,2945.148,0.062,0.002991,0.059814,0.001526
2026-06-11T16:23:43,1071,"(28, 28)","(8,)",20,0.000208,2945.148,2945.211,0.062,0.002991,0.059814,0.001526
2026-06-11T16:23:43,1072,"(28, 28)","(8,)",20,0.000216,2945.211,2945.273,0.062,0.002991,0.059814,0.001526
2026-06-11T16:23:43,1073,"(28, 28)","(8,)",20,0.000209,2945.273,2945.336,0.062,0.002991,0.059814,0.001526
2026-06-11T16:23:43,1074,"(28, 28)","(8,)",20,0.000206,2945.336,2945.398,0.062,0.002991,0.059814,0.001526
2026-06-11T16:23:43,1075,"(28, 28)","(8,)",20,0.000213,2945.398,2945.461,0.062,0.002991,0.059814,0.001526
2026-06-11T16:23:43,1076,"(28, 28)","(8,)",20,0.000215,2945.461,2945.523,0.062,0.002991,0.059814,0.001526
2026-06-11T16:23:43,1077,"(28, 28)","(8,)",20,0.000212,2945.523,2945.59,0.066,0.002991,0.059814,0.001526
2026-06-11T16:23:43,1078,"(28, 28)","(8,)",20,0.000213,2945.59,2945.652,0.062,0.002991,0.059814,0.001526
2026-06-11T16:23:43,1079,"(28, 28)","(8,)",20,0.000209,2945.652,2945.715,0.062,0.002991,0.059814,0.001526
2026-06-11T16:23:43,1080,"(28, 28)","(8,)",20,0.000211,2945.715,2945.777,0.062,0.002991,0.059814,0.001526
2026-06-11T16:23:43,1081,"(28, 28)","(8,)",20,0.00022,2945.777,2945.84,0.062,0.002991,0.059814,0.001526
2026-06-11T16:23:43,1082,"(28, 28)","(8,)",20,0.000212,2945.84,2945.902,0.062,0.002991,0.059814,0.001526
2026-06-11T16:23:43,1083,"(28, 28)","(8,)",20,0.000214,2945.902,2945.965,0.062,0.002991,0.059814,0.001526
2026-06-11T16:23:43,1084,"(28, 28)","(8,)",20,0.000223,2945.965,2946.027,0.062,0.002991,0.059814,0.001526
2026-06-11T16:23:43,1085,"(28, 28)","(8,)",20,0.00021,2946.027,2946.09,0.062,0.002991,0.059814,0.001526
2026-06-11T16:23:43,1086,"(28, 28)","(8,)",20,0.000207,2946.09,2946.152,0.062,0.002991,0.059814,0.001526
2026-06-11T16:23:43,1087,"(28, 28)","(8,)",20,0.000211,2946.152,2946.215,0.062,0.002991,0.059814,0.001526
2026-06-11T16:23:43,1088,"(28, 28)","(8,)",20,0.000213,2946.215,2946.277,0.062,0.002991,0.059814,0.001526
2026-06-11T16:23:43,1089,"(28, 28)","(8,)",20,0.00021,2946.281,2946.344,0.062,0.002991,0.059814,0.001526
2026-06-11T16:23:43,1090,"(28, 28)","(8,)",20,0.000206,2946.344,2946.406,0.062,0.002991,0.059814,0.001526
2026-06-11T16:23:43,1091,"(28, 28)","(8,)",20,0.000214,2946.406,2946.469,0.062,0.002991,0.059814,0.001526
2026-06-11T16:23:43,1092,"(28, 28)","(8,)",20,0.000214,2946.469,2946.531,0.062,0.002991,0.059814,0.001526
2026-06-11T16:23:43,1093,"(28, 28)","(8,)",20,0.00021,2946.531,2946.594,0.062,0.002991,0.059814,0.001526
2026-06-11T16:23:43,1094,"(28, 28)","(8,)",20,0.000216,2946.594,2946.656,0.062,0.002991,0.059814,0.001526
2026-06-11T16:23:43,1095,"(28, 28)","(8,)",20,0.000212,2946.656,2946.719,0.062,0.002991,0.059814,0.001526
2026-06-11T16:23:43,1096,"(28, 28)","(8,)",20,0.000209,2946.719,2946.781,0.062,0.002991,0.059814,0.001526
2026-06-11T16:23:43,1097,"(28, 28)","(8,)",20,0.000222,2946.781,2946.844,0.062,0.002991,0.059814,0.001526
2026-06-11T16:23:43,1098,"(28, 28)","(8,)",20,0.000252,2946.844,2946.906,0.062,0.002991,0.059814,0.001526
2026-06-11T16:23:43,1099,"(28, 28)","(8,)",20,0.000221,2946.906,2946.969,0.062,0.002991,0.059814,0.001526
2026-06-11T16:23:43,1100,"(28, 28)","(8,)",20,0.00022,2946.969,2947.035,0.066,0.002991,0.059814,0.001526
2026-06-11T16:23:43,1101,"(28, 28)","(8,)",20,0.000211,2947.047,2947.109,0.062,0.002991,0.059814,0.001526
2026-06-11T16:23:43,1102,"(28, 28)","(8,)",20,0.000207,2947.109,2947.168,0.059,0.002991,0.059814,0.001526
2026-06-11T16:23:43,1103,"(28, 28)","(8,)",20,0.000213,2947.168,2947.227,0.059,0.002991,0.059814,0.001526
2026-06-11T16:23:43,1104,"(28, 28)","(8,)",20,0.000216,2947.227,2947.289,0.062,0.002991,0.059814,0.001526
2026-06-11T16:23:43,1105,"(28, 28)","(8,)",20,0.000211,2947.289,2947.348,0.059,0.002991,0.059814,0.001526
2026-06-11T16:23:43,1106,"(28, 28)","(8,)",20,0.000211,2947.348,2947.406,0.059,0.002991,0.059814,0.001526
2026-06-11T16:23:43,1107,"(28, 28)","(8,)",20,0.000219,2947.406,2947.473,0.066,0.002991,0.059814,0.001526
2026-06-11T16:23:43,1108,"(28, 28)","(8,)",20,0.000209,2947.473,2947.531,0.059,0.002991,0.059814,0.001526
2026-06-11T16:23:43,1109,"(28, 28)","(8,)",20,0.000211,2947.531,2947.59,0.059,0.002991,0.059814,0.001526
2026-06-11T16:23:43,1110,"(28, 28)","(8,)",20,0.000222,2947.59,2947.652,0.062,0.002991,0.059814,0.001526
2026-06-11T16:23:43,1111,"(28, 28)","(8,)",20,0.000213,2947.652,2947.715,0.062,0.002991,0.059814,0.001526
2026-06-11T16:23:43,1112,"(28, 28)","(8,)",20,0.000207,2947.715,2947.777,0.062,0.002991,0.059814,0.001526
2026-06-11T16:23:43,1113,"(28, 28)","(8,)",20,0.000214,2947.777,2947.84,0.062,0.002991,0.059814,0.001526
2026-06-11T16:23:43,1114,"(28, 28)","(8,)",20,0.000209,2947.84,2947.902,0.062,0.002991,0.059814,0.001526
2026-06-11T16:23:43,1115,"(28, 28)","(8,)",20,0.000218,2947.902,2947.965,0.062,0.002991,0.059814,0.001526
2026-06-11T16:23:43,1116,"(28, 28)","(8,)",20,0.000216,2947.965,2948.027,0.062,0.002991,0.059814,0.001526
2026-06-11T16:23:43,1117,"(28, 28)","(8,)",20,0.000208,2948.027,2948.09,0.062,0.002991,0.059814,0.001526
2026-06-11T16:23:43,1118,"(28, 28)","(8,)",20,0.00021,2948.09,2948.152,0.062,0.002991,0.059814,0.001526
2026-06-11T16:23:43,1119,"(28, 28)","(8,)",20,0.000218,2948.152,2948.215,0.062,0.002991,0.059814,0.001526
2026-06-11T16:23:43,1120,"(28, 28)","(8,)",20,0.000215,2948.215,2948.277,0.062,0.002991,0.059814,0.001526
2026-06-11T16:23:43,1121,"(28, 28)","(8,)",20,0.000207,2948.277,2948.344,0.066,0.002991,0.059814,0.001526
2026-06-11T16:23:43,1122,"(28, 28)","(8,)",20,0.000209,2948.344,2948.406,0.062,0.002991,0.059814,0.001526
2026-06-11T16:23:43,1123,"(28, 28)","(8,)",20,0.000211,2948.406,2948.469,0.062,0.002991,0.059814,0.001526
2026-06-11T16:23:43,1124,"(28, 28)","(8,)",20,0.000207,2948.469,2948.531,0.062,0.002991,0.059814,0.001526
2026-06-11T16:23:43,1125,"(28, 28)","(8,)",20,0.000209,2948.531,2948.594,0.062,0.002991,0.059814,0.001526
2026-06-11T16:23:43,1126,"(28, 28)","(8,)",20,0.000212,2948.594,2948.656,0.062,0.002991,0.059814,0.001526
2026-06-11T16:23:43,1127,"(28, 28)","(8,)",20,0.000233,2948.656,2948.719,0.062,0.002991,0.059814,0.001526
2026-06-11T16:23:43,1128,"(28, 28)","(8,)",20,0.000207,2948.719,2948.781,0.062,0.002991,0.059814,0.001526
2026-06-11T16:23:43,1129,"(28, 28)","(8,)",20,0.000224,2948.781,2948.844,0.062,0.002991,0.059814,0.001526
2026-06-11T16:23:43,1130,"(28, 28)","(8,)",20,0.000213,2948.844,2948.906,0.062,0.002991,0.059814,0.001526
2026-06-11T16:23:43,1131,"(28, 28)","(8,)",20,0.000212,2948.906,2948.969,0.062,0.002991,0.059814,0.001526
2026-06-11T16:23:43,1132,"(28, 28)","(8,)",20,0.000223,2948.969,2949.031,0.062,0.002991,0.059814,0.001526
2026-06-11T16:23:43,1133,"(28, 28)","(8,)",20,0.000209,2949.031,2949.098,0.066,0.002991,0.059814,0.001526
2026-06-11T16:23:43,1134,"(28, 28)","(8,)",20,0.000208,2949.098,2949.16,0.062,0.002991,0.059814,0.001526
2026-06-11T16:23:43,1135,"(28, 28)","(8,)",20,0.000213,2949.16,2949.223,0.062,0.002991,0.059814,0.001526
2026-06-11T16:23:43,1136,"(28, 28)","(8,)",20,0.000208,2949.223,2949.285,0.062,0.002991,0.059814,0.001526
2026-06-11T16:23:43,1137,"(28, 28)","(8,)",20,0.000211,2949.285,2949.348,0.062,0.002991,0.059814,0.001526
2026-06-11T16:23:43,1138,"(28, 28)","(8,)",20,0.000212,2949.348,2949.41,0.062,0.002991,0.059814,0.001526
2026-06-11T16:23:43,1139,"(28, 28)","(8,)",20,0.000264,2949.41,2949.473,0.062,0.002991,0.059814,0.001526
2026-06-11T16:23:43,1140,"(28, 28)","(8,)",20,0.000217,2949.473,2949.535,0.062,0.002991,0.059814,0.001526
2026-06-11T16:23:43,1141,"(28, 28)","(8,)",20,0.000208,2949.535,2949.598,0.062,0.002991,0.059814,0.001526
2026-06-11T16:23:43,1142,"(28, 28)","(8,)",20,0.000213,2949.598,2949.66,0.062,0.002991,0.059814,0.001526
2026-06-11T16:23:43,1143,"(28, 28)","(8,)",20,0.000213,2949.66,2949.723,0.062,0.002991,0.059814,0.001526
2026-06-11T16:23:43,1144,"(28, 28)","(8,)",20,0.000211,2949.723,2949.785,0.062,0.002991,0.059814,0.001526
2026-06-11T16:23:43,1145,"(28, 28)","(8,)",20,0.000216,2949.785,2949.852,0.066,0.002991,0.059814,0.001526
2026-06-11T16:23:43,1146,"(28, 28)","(8,)",20,0.00021,2949.852,2949.914,0.062,0.002991,0.059814,0.001526
2026-06-11T16:23:43,1147,"(28, 28)","(8,)",20,0.000208,2949.914,2949.977,0.062,0.002991,0.059814,0.001526
2026-06-11T16:23:43,1148,"(28, 28)","(8,)",20,0.000225,2949.977,2950.039,0.062,0.002991,0.059814,0.001526
2026-06-11T16:23:43,1149,"(28, 28)","(8,)",20,0.00021,2950.039,2950.102,0.062,0.002991,0.059814,0.001526
2026-06-11T16:23:43,1150,"(28, 28)","(8,)",20,0.000214,2950.102,2950.164,0.062,0.002991,0.059814,0.001526
2026-06-11T16:23:43,1151,"(28, 28)","(8,)",20,0.000219,2950.164,2950.227,0.062,0.002991,0.059814,0.001526
2026-06-11T16:23:43,1152,"(28, 28)","(8,)",20,0.000212,2950.227,2950.289,0.062,0.002991,0.059814,0.001526
2026-06-11T16:23:43,1153,"(28, 28)","(8,)",20,0.000212,2950.289,2950.352,0.062,0.002991,0.059814,0.001526
2026-06-11T16:23:43,1154,"(28, 28)","(8,)",20,0.000211,2950.352,2950.414,0.062,0.002991,0.059814,0.001526
2026-06-11T16:23:43,1155,"(28, 28)","(8,)",20,0.000211,2950.414,2950.477,0.062,0.002991,0.059814,0.001526
2026-06-11T16:23:43,1156,"(28, 28)","(8,)",20,0.000213,2950.477,2950.543,0.066,0.002991,0.059814,0.001526
2026-06-11T16:23:43,1157,"(28, 28)","(8,)",20,0.000208,2950.543,2950.605,0.062,0.002991,0.059814,0.001526
2026-06-11T16:23:43,1158,"(28, 28)","(8,)",20,0.000215,2950.605,2950.668,0.062,0.002991,0.059814,0.001526
2026-06-11T16:23:43,1159,"(28, 28)","(8,)",20,0.00021,2950.668,2950.73,0.062,0.002991,0.059814,0.001526
2026-06-11T16:23:43,1160,"(28, 28)","(8,)",20,0.00021,2950.73,2950.793,0.062,0.002991,0.059814,0.001526
2026-06-11T16:23:43,1161,"(28, 28)","(8,)",20,0.000224,2950.793,2950.855,0.062,0.002991,0.059814,0.001526
2026-06-11T16:23:43,1162,"(28, 28)","(8,)",20,0.000217,2950.855,2950.918,0.062,0.002991,0.059814,0.001526
2026-06-11T16:23:43,1163,"(28, 28)","(8,)",20,0.00021,2950.918,2950.98,0.062,0.002991,0.059814,0.001526
2026-06-11T16:23:43,1164,"(28, 28)","(8,)",20,0.000223,2950.98,2951.043,0.062,0.002991,0.059814,0.001526
2026-06-11T16:23:43,1165,"(28, 28)","(8,)",20,0.000209,2951.043,2951.105,0.062,0.002991,0.059814,0.001526
2026-06-11T16:23:43,1166,"(28, 28)","(8,)",20,0.000216,2951.105,2951.168,0.062,0.002991,0.059814,0.001526
2026-06-11T16:23:43,1167,"(28, 28)","(8,)",20,0.000214,2951.168,2951.23,0.062,0.002991,0.059814,0.001526
2026-06-11T16:23:43,1168,"(28, 28)","(8,)",20,0.000211,2951.23,2951.297,0.066,0.002991,0.059814,0.001526
2026-06-11T16:23:43,1169,"(28, 28)","(8,)",20,0.000205,2951.297,2951.359,0.062,0.002991,0.059814,0.001526
2026-06-11T16:23:43,1170,"(28, 28)","(8,)",20,0.000224,2951.359,2951.422,0.062,0.002991,0.059814,0.001526
2026-06-11T16:23:43,1171,"(28, 28)","(8,)",20,0.000207,2951.422,2951.484,0.062,0.002991,0.059814,0.001526
2026-06-11T16:23:43,1172,"(28, 28)","(8,)",20,0.000212,2951.484,2951.547,0.062,0.002991,0.059814,0.001526
2026-06-11T16:23:43,1173,"(28, 28)","(8,)",20,0.000265,2951.547,2951.609,0.062,0.002991,0.059814,0.001526
2026-06-11T16:23:43,1174,"(28, 28)","(8,)",20,0.000218,2951.609,2951.672,0.062,0.002991,0.059814,0.001526
2026-06-11T16:23:43,1175,"(28, 28)","(8,)",20,0.000209,2951.672,2951.734,0.062,0.002991,0.059814,0.001526
2026-06-11T16:23:43,1176,"(28, 28)","(8,)",20,0.000208,2951.734,2951.797,0.062,0.002991,0.059814,0.001526
2026-06-11T16:23:43,1177,"(28, 28)","(8,)",20,0.000219,2951.797,2951.859,0.062,0.002991,0.059814,0.001526
2026-06-11T16:23:43,1178,"(28, 28)","(8,)",20,0.000215,2951.859,2951.922,0.062,0.002991,0.059814,0.001526
2026-06-11T16:23:43,1179,"(28, 28)","(8,)",20,0.000207,2951.922,2951.984,0.062,0.002991,0.059814,0.001526
2026-06-11T16:23:43,1180,"(28, 28)","(8,)",20,0.000267,2951.988,2952.051,0.062,0.002991,0.059814,0.001526
2026-06-11T16:23:43,1181,"(28, 28)","(8,)",20,0.000211,2952.051,2952.113,0.062,0.002991,0.059814,0.001526
2026-06-11T16:23:43,1182,"(28, 28)","(8,)",20,0.000211,2952.113,2952.176,0.062,0.002991,0.059814,0.001526
2026-06-11T16:23:43,1183,"(28, 28)","(8,)",20,0.000214,2952.176,2952.238,0.062,0.002991,0.059814,0.001526
2026-06-11T16:23:43,1184,"(28, 28)","(8,)",20,0.000209,2952.238,2952.301,0.062,0.002991,0.059814,0.001526
2026-06-11T16:23:43,1185,"(28, 28)","(8,)",20,0.000211,2952.301,2952.363,0.062,0.002991,0.059814,0.001526
2026-06-11T16:23:43,1186,"(28, 28)","(8,)",20,0.000228,2952.363,2952.426,0.062,0.002991,0.059814,0.001526
2026-06-11T16:23:43,1187,"(28, 28)","(8,)",20,0.000209,2952.426,2952.488,0.062,0.002991,0.059814,0.001526
2026-06-11T16:23:43,1188,"(28, 28)","(8,)",20,0.000205,2952.488,2952.551,0.062,0.002991,0.059814,0.001526
2026-06-11T16:23:43,1189,"(28, 28)","(8,)",20,0.000206,2952.551,2952.613,0.062,0.002991,0.059814,0.001526
2026-06-11T16:23:43,1190,"(28, 28)","(8,)",20,0.000211,2952.613,2952.676,0.062,0.002991,0.059814,0.001526
2026-06-11T16:23:43,1191,"(28, 28)","(8,)",20,0.00021,2952.676,2952.742,0.066,0.002991,0.059814,0.001526
2026-06-11T16:23:43,1192,"(28, 28)","(8,)",20,0.000209,2952.742,2952.805,0.062,0.002991,0.059814,0.001526
2026-06-11T16:23:43,1193,"(28, 28)","(8,)",20,0.000213,2952.805,2952.867,0.062,0.002991,0.059814,0.001526
2026-06-11T16:23:43,1194,"(28, 28)","(8,)",20,0.000207,2952.867,2952.93,0.062,0.002991,0.059814,0.001526
2026-06-11T16:23:43,1195,"(28, 28)","(8,)",20,0.000209,2952.93,2952.992,0.062,0.002991,0.059814,0.001526
2026-06-11T16:23:43,1196,"(28, 28)","(8,)",20,0.000211,2952.992,2953.055,0.062,0.002991,0.059814,0.001526
2026-06-11T16:23:43,1197,"(28, 28)","(8,)",20,0.000215,2953.055,2953.117,0.062,0.002991,0.059814,0.001526
2026-06-11T16:23:43,1198,"(28, 28)","(8,)",20,0.000211,2953.117,2953.18,0.062,0.002991,0.059814,0.001526
2026-06-11T16:23:43,1199,"(28, 28)","(8,)",20,0.000223,2953.18,2953.242,0.062,0.002991,0.059814,0.001526
2026-06-11T16:23:43,1200,"(28, 28)","(8,)",20,0.00021,2953.242,2953.305,0.062,0.002991,0.059814,0.001526
2026-06-11T16:23:43,1201,"(28, 28)","(8,)",20,0.000211,2953.305,2953.367,0.062,0.002991,0.059814,0.001526
2026-06-11T16:23:43,1202,"(28, 28)","(8,)",20,0.000222,2953.367,2953.43,0.062,0.002991,0.059814,0.001526
2026-06-11T16:23:43,1203,"(28, 28)","(8,)",20,0.000208,2953.43,2953.496,0.066,0.002991,0.059814,0.001526
2026-06-11T16:23:43,1204,"(28, 28)","(8,)",20,0.000206,2953.496,2953.559,0.062,0.002991,0.059814,0.001526
2026-06-11T16:23:43,1205,"(28, 28)","(8,)",20,0.00021,2953.559,2953.621,0.062,0.002991,0.059814,0.001526
2026-06-11T16:23:43,1206,"(28, 28)","(8,)",20,0.000207,2953.621,2953.684,0.062,0.002991,0.059814,0.001526
2026-06-11T16:23:43,1207,"(28, 28)","(8,)",20,0.000208,2953.684,2953.746,0.062,0.002991,0.059814,0.001526
2026-06-11T16:23:43,1208,"(28, 28)","(8,)",20,0.000209,2953.746,2953.809,0.062,0.002991,0.059814,0.001526
2026-06-11T16:23:43,1209,"(28, 28)","(8,)",20,0.000218,2953.809,2953.871,0.062,0.002991,0.059814,0.001526
2026-06-11T16:23:43,1210,"(28, 28)","(8,)",20,0.000206,2953.871,2953.934,0.062,0.002991,0.059814,0.001526
2026-06-11T16:23:43,1211,"(28, 28)","(8,)",20,0.000207,2953.934,2953.996,0.062,0.002991,0.059814,0.001526
2026-06-11T16:23:43,1212,"(28, 28)","(8,)",20,0.000221,2953.996,2954.059,0.062,0.002991,0.059814,0.001526
2026-06-11T16:23:43,1213,"(28, 28)","(8,)",20,0.000211,2954.059,2954.121,0.062,0.002991,0.059814,0.001526
2026-06-11T16:23:43,1214,"(28, 28)","(8,)",20,0.000214,2954.121,2954.184,0.062,0.002991,0.059814,0.001526
2026-06-11T16:23:43,1215,"(28, 28)","(8,)",20,0.000209,2954.188,2954.25,0.062,0.002991,0.059814,0.001526
2026-06-11T16:23:43,1216,"(28, 28)","(8,)",20,0.00021,2954.25,2954.312,0.062,0.002991,0.059814,0.001526
2026-06-11T16:23:43,1217,"(28, 28)","(8,)",20,0.00021,2954.312,2954.375,0.062,0.002991,0.059814,0.001526
2026-06-11T16:23:43,1218,"(28, 28)","(8,)",20,0.00021,2954.375,2954.438,0.062,0.002991,0.059814,0.001526
2026-06-11T16:23:43,1219,"(28, 28)","(8,)",20,0.000208,2954.438,2954.5,0.062,0.002991,0.059814,0.001526
2026-06-11T16:23:43,1220,"(28, 28)","(8,)",20,0.000208,2954.5,2954.562,0.062,0.002991,0.059814,0.001526
2026-06-11T16:23:43,1221,"(28, 28)","(8,)",20,0.00026,2954.562,2954.625,0.062,0.002991,0.059814,0.001526
2026-06-11T16:23:43,1222,"(28, 28)","(8,)",20,0.000213,2954.625,2954.688,0.062,0.002991,0.059814,0.001526
2026-06-11T16:23:43,1223,"(28, 28)","(8,)",20,0.00021,2954.688,2954.75,0.062,0.002991,0.059814,0.001526
2026-06-11T16:23:43,1224,"(28, 28)","(8,)",20,0.000209,2954.75,2954.812,0.062,0.002991,0.059814,0.001526
2026-06-11T16:23:43,1225,"(28, 28)","(8,)",20,0.000225,2954.812,2954.875,0.062,0.002991,0.059814,0.001526
2026-06-11T16:23:43,1226,"(28, 28)","(8,)",20,0.00021,2954.875,2954.941,0.066,0.002991,0.059814,0.001526
2026-06-11T16:23:43,1227,"(28, 28)","(8,)",20,0.000208,2954.941,2955.004,0.062,0.002991,0.059814,0.001526
2026-06-11T16:23:43,1228,"(28, 28)","(8,)",20,0.000211,2955.004,2955.066,0.062,0.002991,0.059814,0.001526
2026-06-11T16:23:43,1229,"(28, 28)","(8,)",20,0.000208,2955.066,2955.129,0.062,0.002991,0.059814,0.001526
2026-06-11T16:23:43,1230,"(28, 28)","(8,)",20,0.000207,2955.129,2955.191,0.062,0.002991,0.059814,0.001526
2026-06-11T16:23:43,1231,"(28, 28)","(8,)",20,0.000221,2955.191,2955.254,0.062,0.002991,0.059814,0.001526
2026-06-11T16:23:43,1232,"(28, 28)","(8,)",20,0.000209,2955.254,2955.316,0.062,0.002991,0.059814,0.001526
2026-06-11T16:23:43,1233,"(28, 28)","(8,)",20,0.000215,2955.316,2955.379,0.062,0.002991,0.059814,0.001526
2026-06-11T16:23:43,1234,"(28, 28)","(8,)",20,0.000215,2955.379,2955.441,0.062,0.002991,0.059814,0.001526
2026-06-11T16:23:43,1235,"(28, 28)","(8,)",20,0.000211,2955.441,2955.504,0.062,0.002991,0.059814,0.001526
2026-06-11T16:23:43,1236,"(28, 28)","(8,)",20,0.000214,2955.504,2955.566,0.062,0.002991,0.059814,0.001526
2026-06-11T16:23:43,1237,"(28, 28)","(8,)",20,0.000209,2955.566,2955.629,0.062,0.002991,0.059814,0.001526
2026-06-11T16:23:43,1238,"(28, 28)","(8,)",20,0.000212,2955.629,2955.695,0.066,0.002991,0.059814,0.001526
2026-06-11T16:23:43,1239,"(28, 28)","(8,)",20,0.00021,2955.695,2955.758,0.062,0.002991,0.059814,0.001526
2026-06-11T16:23:43,1240,"(28, 28)","(8,)",20,0.000212,2955.758,2955.82,0.062,0.002991,0.059814,0.001526
2026-06-11T16:23:43,1241,"(28, 28)","(8,)",20,0.000279,2955.82,2955.883,0.062,0.002991,0.059814,0.001526
2026-06-11T16:23:43,1242,"(28, 28)","(8,)",20,0.000214,2955.883,2955.945,0.062,0.002991,0.059814,0.001526
2026-06-11T16:23:43,1243,"(28, 28)","(8,)",20,0.000215,2955.945,2956.008,0.062,0.002991,0.059814,0.001526
2026-06-11T16:23:43,1244,"(28, 28)","(8,)",20,0.000227,2956.008,2956.07,0.062,0.002991,0.059814,0.001526
2026-06-11T16:23:43,1245,"(28, 28)","(8,)",20,0.000206,2956.09,2956.148,0.059,0.002991,0.059814,0.001526
2026-06-11T16:23:43,1246,"(28, 28)","(8,)",20,0.00021,2956.148,2956.207,0.059,0.002991,0.059814,0.001526
2026-06-11T16:23:43,1247,"(28, 28)","(8,)",20,0.000216,2956.207,2956.27,0.062,0.002991,0.059814,0.001526
2026-06-11T16:23:43,1248,"(28, 28)","(8,)",20,0.000215,2956.27,2956.328,0.059,0.002991,0.059814,0.001526
2026-06-11T16:23:43,1249,"(28, 28)","(8,)",20,0.000208,2956.328,2956.387,0.059,0.002991,0.059814,0.001526
2026-06-11T16:23:43,1250,"(28, 28)","(8,)",20,0.000221,2956.387,2956.445,0.059,0.002991,0.059814,0.001526
2026-06-11T16:23:43,1251,"(28, 28)","(8,)",20,0.00021,2956.445,2956.508,0.062,0.002991,0.059814,0.001526
2026-06-11T16:23:43,1252,"(28, 28)","(8,)",20,0.000211,2956.508,2956.566,0.059,0.002991,0.059814,0.001526
2026-06-11T16:23:43,1253,"(28, 28)","(8,)",20,0.00021,2956.566,2956.629,0.062,0.002991,0.059814,0.001526
2026-06-11T16:23:43,1254,"(28, 28)","(8,)",20,0.000212,2956.629,2956.691,0.062,0.002991,0.059814,0.001526
2026-06-11T16:23:43,1255,"(28, 28)","(8,)",20,0.000208,2956.691,2956.754,0.062,0.002991,0.059814,0.001526
2026-06-11T16:23:43,1256,"(28, 28)","(8,)",20,0.000212,2956.754,2956.816,0.062,0.002991,0.059814,0.001526
2026-06-11T16:23:43,1257,"(28, 28)","(8,)",20,0.000206,2956.816,2956.875,0.059,0.002991,0.059814,0.001526
2026-06-11T16:23:43,1258,"(28, 28)","(8,)",20,0.000209,2956.875,2956.938,0.062,0.002991,0.059814,0.001526
2026-06-11T16:23:43,1259,"(28, 28)","(8,)",20,0.000212,2956.938,2957.0,0.062,0.002991,0.059814,0.001526
2026-06-11T16:23:43,1260,"(28, 28)","(8,)",20,0.000222,2957.0,2957.062,0.062,0.002991,0.059814,0.001526
2026-06-11T16:23:43,1261,"(28, 28)","(8,)",20,0.000211,2957.062,2957.129,0.066,0.002991,0.059814,0.001526
2026-06-11T16:23:43,1262,"(28, 28)","(8,)",20,0.000255,2957.129,2957.191,0.062,0.002991,0.059814,0.001526
2026-06-11T16:23:43,1263,"(28, 28)","(8,)",20,0.000221,2957.191,2957.254,0.062,0.002991,0.059814,0.001526
2026-06-11T16:23:43,1264,"(28, 28)","(8,)",20,0.000213,2957.254,2957.316,0.062,0.002991,0.059814,0.001526
2026-06-11T16:23:43,1265,"(28, 28)","(8,)",20,0.00021,2957.316,2957.379,0.062,0.002991,0.059814,0.001526
2026-06-11T16:23:43,1266,"(28, 28)","(8,)",20,0.000218,2957.379,2957.441,0.062,0.002991,0.059814,0.001526
2026-06-11T16:23:43,1267,"(28, 28)","(8,)",20,0.000215,2957.441,2957.504,0.062,0.002991,0.059814,0.001526
2026-06-11T16:23:43,1268,"(28, 28)","(8,)",20,0.000214,2957.504,2957.566,0.062,0.002991,0.059814,0.001526
2026-06-11T16:23:43,1269,"(28, 28)","(8,)",20,0.00021,2957.566,2957.629,0.062,0.002991,0.059814,0.001526
2026-06-11T16:23:43,1270,"(28, 28)","(8,)",20,0.000213,2957.629,2957.691,0.062,0.002991,0.059814,0.001526
2026-06-11T16:23:43,1271,"(28, 28)","(8,)",20,0.000211,2957.691,2957.754,0.062,0.002991,0.059814,0.001526
2026-06-11T16:23:43,1272,"(28, 28)","(8,)",20,0.000212,2957.754,2957.82,0.066,0.002991,0.059814,0.001526
2026-06-11T16:23:43,1273,"(28, 28)","(8,)",20,0.000213,2957.82,2957.883,0.062,0.002991,0.059814,0.001526
2026-06-11T16:23:43,1274,"(28, 28)","(8,)",20,0.000209,2957.883,2957.945,0.062,0.002991,0.059814,0.001526
2026-06-11T16:23:43,1275,"(28, 28)","(8,)",20,0.000209,2957.945,2958.008,0.062,0.002991,0.059814,0.001526
2026-06-11T16:23:43,1276,"(28, 28)","(8,)",20,0.000223,2958.008,2958.07,0.062,0.002991,0.059814,0.001526
2026-06-11T16:23:43,1277,"(28, 28)","(8,)",20,0.000209,2958.07,2958.133,0.062,0.002991,0.059814,0.001526
2026-06-11T16:23:43,1278,"(28, 28)","(8,)",20,0.000212,2958.133,2958.195,0.062,0.002991,0.059814,0.001526
2026-06-11T16:23:43,1279,"(28, 28)","(8,)",20,0.000215,2958.195,2958.258,0.062,0.002991,0.059814,0.001526
2026-06-11T16:23:43,1280,"(28, 28)","(8,)",20,0.000212,2958.258,2958.32,0.062,0.002991,0.059814,0.001526
2026-06-11T16:23:43,1281,"(28, 28)","(8,)",20,0.000208,2958.32,2958.383,0.062,0.002991,0.059814,0.001526
2026-06-11T16:23:43,1282,"(28, 28)","(8,)",20,0.000215,2958.383,2958.445,0.062,0.002991,0.059814,0.001526
2026-06-11T16:23:43,1283,"(28, 28)","(8,)",20,0.000212,2958.445,2958.508,0.062,0.002991,0.059814,0.001526
2026-06-11T16:23:43,1284,"(28, 28)","(8,)",20,0.000215,2958.508,2958.574,0.066,0.002991,0.059814,0.001526
2026-06-11T16:23:43,1285,"(28, 28)","(8,)",20,0.000209,2958.574,2958.637,0.062,0.002991,0.059814,0.001526
2026-06-11T16:23:43,1286,"(28, 28)","(8,)",20,0.000205,2958.637,2958.699,0.062,0.002991,0.059814,0.001526
2026-06-11T16:23:43,1287,"(28, 28)","(8,)",20,0.000207,2958.699,2958.762,0.062,0.002991,0.059814,0.001526
2026-06-11T16:23:43,1288,"(28, 28)","(8,)",20,0.000208,2958.762,2958.824,0.062,0.002991,0.059814,0.001526
2026-06-11T16:23:43,1289,"(28, 28)","(8,)",20,0.000227,2958.824,2958.887,0.062,0.002991,0.059814,0.001526
2026-06-11T16:23:43,1290,"(28, 28)","(8,)",20,0.000165,2958.887,2958.949,0.062,0.002991,0.059814,0.001526
2026-06-11T16:23:43,1291,"(28, 28)","(8,)",20,0.000294,2958.949,2959.012,0.062,0.002991,0.059814,0.001526
2026-06-11T16:23:43,1292,"(28, 28)","(8,)",20,0.000225,2959.012,2959.074,0.062,0.002991,0.059814,0.001526
2026-06-11T16:23:43,1293,"(28, 28)","(8,)",20,0.000215,2959.074,2959.137,0.062,0.002991,0.059814,0.001526
2026-06-11T16:23:43,1294,"(28, 28)","(8,)",20,0.000215,2959.137,2959.199,0.062,0.002991,0.059814,0.001526
2026-06-11T16:23:43,1295,"(28, 28)","(8,)",20,0.000226,2959.199,2959.262,0.062,0.002991,0.059814,0.001526
2026-06-11T16:23:43,1296,"(28, 28)","(8,)",20,0.000211,2959.262,2959.328,0.066,0.002991,0.059814,0.001526
2026-06-11T16:23:43,1297,"(28, 28)","(8,)",20,0.000212,2959.328,2959.391,0.062,0.002991,0.059814,0.001526
2026-06-11T16:23:43,1298,"(28, 28)","(8,)",20,0.000215,2959.391,2959.453,0.062,0.002991,0.059814,0.001526
2026-06-11T16:23:43,1299,"(28, 28)","(8,)",20,0.000212,2959.453,2959.516,0.062,0.002991,0.059814,0.001526
2026-06-11T16:23:43,1300,"(28, 28)","(8,)",20,0.000216,2959.516,2959.578,0.062,0.002991,0.059814,0.001526
2026-06-11T16:23:43,1301,"(28, 28)","(8,)",20,0.000223,2959.578,2959.641,0.062,0.002991,0.059814,0.001526
2026-06-11T16:23:43,1302,"(28, 28)","(8,)",20,0.00026,2959.641,2959.703,0.062,0.002991,0.059814,0.001526
2026-06-11T16:23:43,1303,"(28, 28)","(8,)",20,0.000231,2959.703,2959.766,0.062,0.002991,0.059814,0.001526
2026-06-11T16:23:43,1304,"(28, 28)","(8,)",20,0.000218,2959.766,2959.828,0.062,0.002991,0.059814,0.001526
2026-06-11T16:23:43,1305,"(28, 28)","(8,)",20,0.000213,2959.828,2959.891,0.062,0.002991,0.059814,0.001526
2026-06-11T16:23:43,1306,"(28, 28)","(8,)",20,0.00021,2959.891,2959.953,0.062,0.002991,0.059814,0.001526
2026-06-11T16:23:43,1307,"(28, 28)","(8,)",20,0.000232,2959.953,2960.02,0.066,0.002991,0.059814,0.001526
2026-06-11T16:23:43,1308,"(28, 28)","(8,)",20,0.000208,2960.02,2960.082,0.062,0.002991,0.059814,0.001526
2026-06-11T16:23:43,1309,"(28, 28)","(8,)",20,0.000219,2960.082,2960.145,0.062,0.002991,0.059814,0.001526
2026-06-11T16:23:43,1310,"(28, 28)","(8,)",20,0.000215,2960.145,2960.207,0.062,0.002991,0.059814,0.001526
2026-06-11T16:23:43,1311,"(28, 28)","(8,)",20,0.000215,2960.207,2960.27,0.062,0.002991,0.059814,0.001526
2026-06-11T16:23:43,1312,"(28, 28)","(8,)",20,0.000211,2960.27,2960.332,0.062,0.002991,0.059814,0.001526
2026-06-11T16:23:43,1313,"(28, 28)","(8,)",20,0.000215,2960.332,2960.395,0.062,0.002991,0.059814,0.001526
2026-06-11T16:23:43,1314,"(28, 28)","(8,)",20,0.00021,2960.395,2960.457,0.062,0.002991,0.059814,0.001526
2026-06-11T16:23:43,1315,"(28, 28)","(8,)",20,0.000213,2960.457,2960.52,0.062,0.002991,0.059814,0.001526
2026-06-11T16:23:43,1316,"(28, 28)","(8,)",20,0.000209,2960.52,2960.582,0.062,0.002991,0.059814,0.001526
2026-06-11T16:23:43,1317,"(28, 28)","(8,)",20,0.00021,2960.582,2960.645,0.062,0.002991,0.059814,0.001526
2026-06-11T16:23:43,1318,"(28, 28)","(8,)",20,0.00021,2960.645,2960.707,0.062,0.002991,0.059814,0.001526
2026-06-11T16:23:43,1319,"(28, 28)","(8,)",20,0.000216,2960.707,2960.773,0.066,0.002991,0.059814,0.001526
2026-06-11T16:23:43,1320,"(28, 28)","(8,)",20,0.000212,2960.773,2960.836,0.062,0.002991,0.059814,0.001526
2026-06-11T16:23:43,1321,"(28, 28)","(8,)",20,0.000207,2960.836,2960.898,0.062,0.002991,0.059814,0.001526
2026-06-11T16:23:43,1322,"(28, 28)","(8,)",20,0.000208,2960.898,2960.961,0.062,0.002991,0.059814,0.001526
2026-06-11T16:23:43,1323,"(28, 28)","(8,)",20,0.00022,2960.961,2961.023,0.062,0.002991,0.059814,0.001526
2026-06-11T16:23:43,1324,"(28, 28)","(8,)",20,0.000213,2961.023,2961.086,0.062,0.002991,0.059814,0.001526
2026-06-11T16:23:43,1325,"(28, 28)","(8,)",20,0.000208,2961.086,2961.148,0.062,0.002991,0.059814,0.001526
2026-06-11T16:23:43,1326,"(28, 28)","(8,)",20,0.000216,2961.148,2961.211,0.062,0.002991,0.059814,0.001526
2026-06-11T16:23:43,1327,"(28, 28)","(8,)",20,0.000211,2961.211,2961.273,0.062,0.002991,0.059814,0.001526
2026-06-11T16:23:43,1328,"(28, 28)","(8,)",20,0.000207,2961.273,2961.336,0.062,0.002991,0.059814,0.001526
2026-06-11T16:23:43,1329,"(28, 28)","(8,)",20,0.00021,2961.336,2961.398,0.062,0.002991,0.059814,0.001526
2026-06-11T16:23:43,1330,"(28, 28)","(8,)",20,0.000211,2961.398,2961.461,0.062,0.002991,0.059814,0.001526
2026-06-11T16:23:43,1331,"(28, 28)","(8,)",20,0.000208,2961.465,2961.527,0.062,0.002991,0.059814,0.001526
2026-06-11T16:23:43,1332,"(28, 28)","(8,)",20,0.000207,2961.527,2961.59,0.062,0.002991,0.059814,0.001526
2026-06-11T16:23:43,1333,"(28, 28)","(8,)",20,0.000211,2961.59,2961.652,0.062,0.002991,0.059814,0.001526
2026-06-11T16:23:43,1334,"(28, 28)","(8,)",20,0.000216,2961.652,2961.715,0.062,0.002991,0.059814,0.001526
2026-06-11T16:23:43,1335,"(28, 28)","(8,)",20,0.000207,2961.715,2961.777,0.062,0.002991,0.059814,0.001526
2026-06-11T16:23:43,1336,"(28, 28)","(8,)",20,0.000216,2961.777,2961.84,0.062,0.002991,0.059814,0.001526
2026-06-11T16:23:43,1337,"(28, 28)","(8,)",20,0.00024,2961.84,2961.902,0.062,0.002991,0.059814,0.001526
2026-06-11T16:23:43,1338,"(28, 28)","(8,)",20,0.000219,2961.902,2961.965,0.062,0.002991,0.059814,0.001526
2026-06-11T16:23:43,1339,"(28, 28)","(8,)",20,0.000236,2961.965,2962.027,0.062,0.002991,0.059814,0.001526
2026-06-11T16:23:43,1340,"(28, 28)","(8,)",20,0.000225,2962.027,2962.09,0.062,0.002991,0.059814,0.001526
2026-06-11T16:23:43,1341,"(28, 28)","(8,)",20,0.000229,2962.09,2962.152,0.062,0.002991,0.059814,0.001526
2026-06-11T16:23:43,1342,"(28, 28)","(8,)",20,0.000176,2962.152,2962.219,0.066,0.002991,0.059814,0.001526
2026-06-11T16:23:43,1343,"(28, 28)","(8,)",20,0.000252,2962.219,2962.281,0.062,0.002991,0.059814,0.001526
2026-06-11T16:23:43,1344,"(28, 28)","(8,)",20,0.000257,2962.281,2962.344,0.062,0.002991,0.059814,0.001526
2026-06-11T16:23:43,1345,"(28, 28)","(8,)",20,0.000223,2962.344,2962.406,0.062,0.002991,0.059814,0.001526
2026-06-11T16:23:43,1346,"(28, 28)","(8,)",20,0.000224,2962.406,2962.469,0.062,0.002991,0.059814,0.001526
2026-06-11T16:23:43,1347,"(28, 28)","(8,)",20,0.000218,2962.469,2962.531,0.062,0.002991,0.059814,0.001526
2026-06-11T16:23:43,1348,"(28, 28)","(8,)",20,0.000223,2962.531,2962.594,0.062,0.002991,0.059814,0.001526
2026-06-11T16:23:43,1349,"(28, 28)","(8,)",20,0.000224,2962.594,2962.656,0.062,0.002991,0.059814,0.001526
2026-06-11T16:23:43,1350,"(28, 28)","(8,)",20,0.000219,2962.656,2962.719,0.062,0.002991,0.059814,0.001526
2026-06-11T16:23:43,1351,"(28, 28)","(8,)",20,0.000238,2962.719,2962.781,0.062,0.002991,0.059814,0.001526
2026-06-11T16:23:43,1352,"(28, 28)","(8,)",20,0.000233,2962.781,2962.844,0.062,0.002991,0.059814,0.001526
2026-06-11T16:23:43,1353,"(28, 28)","(8,)",20,0.000236,2962.844,2962.906,0.062,0.002991,0.059814,0.001526
2026-06-11T16:23:43,1354,"(28, 28)","(8,)",20,0.000229,2962.906,2962.973,0.066,0.002991,0.059814,0.001526
2026-06-11T16:23:43,1355,"(28, 28)","(8,)",20,0.000218,2962.973,2963.035,0.062,0.002991,0.059814,0.001526
2026-06-11T16:23:43,1356,"(28, 28)","(8,)",20,0.000219,2963.035,2963.098,0.062,0.002991,0.059814,0.001526
2026-06-11T16:23:43,1357,"(28, 28)","(8,)",20,0.000217,2963.098,2963.16,0.062,0.002991,0.059814,0.001526
2026-06-11T16:23:43,1358,"(28, 28)","(8,)",20,0.00022,2963.16,2963.223,0.062,0.002991,0.059814,0.001526
2026-06-11T16:23:43,1359,"(28, 28)","(8,)",20,0.000222,2963.223,2963.285,0.062,0.002991,0.059814,0.001526
2026-06-11T16:23:43,1360,"(28, 28)","(8,)",20,0.000243,2963.285,2963.348,0.062,0.002991,0.059814,0.001526
2026-06-11T16:23:43,1361,"(28, 28)","(8,)",20,0.000226,2963.348,2963.41,0.062,0.002991,0.059814,0.001526
2026-06-11T16:23:43,1362,"(28, 28)","(8,)",20,0.000225,2963.41,2963.473,0.062,0.002991,0.059814,0.001526
2026-06-11T16:23:43,1363,"(28, 28)","(8,)",20,0.000237,2963.473,2963.535,0.062,0.002991,0.059814,0.001526
2026-06-11T16:23:43,1364,"(28, 28)","(8,)",20,0.000232,2963.535,2963.598,0.062,0.002991,0.059814,0.001526
2026-06-11T16:23:43,1365,"(28, 28)","(8,)",20,0.000237,2963.598,2963.664,0.066,0.002991,0.059814,0.001526
2026-06-11T16:23:43,1366,"(28, 28)","(8,)",20,0.000282,2963.664,2963.727,0.062,0.002991,0.059814,0.001526
2026-06-11T16:23:43,1367,"(28, 28)","(8,)",20,0.000234,2963.727,2963.789,0.062,0.002991,0.059814,0.001526
2026-06-11T16:23:43,1368,"(28, 28)","(8,)",20,0.000219,2963.789,2963.852,0.062,0.002991,0.059814,0.001526
2026-06-11T16:23:43,1369,"(28, 28)","(8,)",20,0.000232,2963.852,2963.914,0.062,0.002991,0.059814,0.001526
2026-06-11T16:23:43,1370,"(28, 28)","(8,)",20,0.000223,2963.914,2963.977,0.062,0.002991,0.059814,0.001526
2026-06-11T16:23:43,1371,"(28, 28)","(8,)",20,0.000176,2963.977,2964.039,0.062,0.002991,0.059814,0.001526
2026-06-11T16:23:43,1372,"(28, 28)","(8,)",20,0.000171,2964.039,2964.102,0.062,0.002991,0.059814,0.001526
2026-06-11T16:23:43,1373,"(28, 28)","(8,)",20,0.000222,2964.102,2964.164,0.062,0.002991,0.059814,0.001526
2026-06-11T16:23:43,1374,"(28, 28)","(8,)",20,0.000186,2964.164,2964.227,0.062,0.002991,0.059814,0.001526
2026-06-11T16:23:43,1375,"(28, 28)","(8,)",20,0.000259,2964.227,2964.289,0.062,0.002991,0.059814,0.001526
2026-06-11T16:23:43,1376,"(28, 28)","(8,)",20,0.000271,2964.289,2964.352,0.062,0.002991,0.059814,0.001526
2026-06-11T16:23:43,1377,"(28, 28)","(8,)",20,0.000313,2964.352,2964.418,0.066,0.002991,0.059814,0.001526
2026-06-11T16:23:43,1378,"(28, 28)","(8,)",20,0.000228,2964.418,2964.48,0.062,0.002991,0.059814,0.001526
2026-06-11T16:23:43,1379,"(28, 28)","(8,)",20,0.000223,2964.48,2964.543,0.062,0.002991,0.059814,0.001526
2026-06-11T16:23:43,1380,"(28, 28)","(8,)",20,0.000258,2964.543,2964.605,0.062,0.002991,0.059814,0.001526
2026-06-11T16:23:43,1381,"(28, 28)","(8,)",20,0.000247,2964.605,2964.668,0.062,0.002991,0.059814,0.001526
2026-06-11T16:23:43,1382,"(28, 28)","(8,)",20,0.000225,2964.668,2964.73,0.062,0.002991,0.059814,0.001526
2026-06-11T16:23:43,1383,"(28, 28)","(8,)",20,0.000219,2964.73,2964.793,0.062,0.002991,0.059814,0.001526
2026-06-11T16:23:43,1384,"(28, 28)","(8,)",20,0.000227,2964.793,2964.855,0.062,0.002991,0.059814,0.001526
2026-06-11T16:23:43,1385,"(28, 28)","(8,)",20,0.000228,2964.855,2964.918,0.062,0.002991,0.059814,0.001526
2026-06-11T16:23:43,1386,"(28, 28)","(8,)",20,0.000216,2964.918,2964.98,0.062,0.002991,0.059814,0.001526
2026-06-11T16:23:43,1387,"(28, 28)","(8,)",20,0.000223,2964.98,2965.043,0.062,0.002991,0.059814,0.001526
2026-06-11T16:23:43,1388,"(28, 28)","(8,)",20,0.000217,2965.043,2965.105,0.062,0.002991,0.059814,0.001526
2026-06-11T16:23:43,1389,"(28, 28)","(8,)",20,0.00022,2965.105,2965.172,0.066,0.002991,0.059814,0.001526
2026-06-11T16:23:43,1390,"(28, 28)","(8,)",20,0.000177,2965.172,2965.234,0.062,0.002991,0.059814,0.001526
2026-06-11T16:23:43,1391,"(28, 28)","(8,)",20,0.00017,2965.234,2965.297,0.062,0.002991,0.059814,0.001526
2026-06-11T16:23:43,1392,"(28, 28)","(8,)",20,0.000177,2965.297,2965.359,0.062,0.002991,0.059814,0.001526
2026-06-11T16:23:43,1393,"(28, 28)","(8,)",20,0.000169,2965.359,2965.422,0.062,0.002991,0.059814,0.001526
2026-06-11T16:23:43,1394,"(28, 28)","(8,)",20,0.000186,2965.422,2965.484,0.062,0.002991,0.059814,0.001526
2026-06-11T16:23:43,1395,"(28, 28)","(8,)",20,0.00016,2965.484,2965.547,0.062,0.002991,0.059814,0.001526
2026-06-11T16:23:43,1396,"(28, 28)","(8,)",20,0.000161,2965.547,2965.609,0.062,0.002991,0.059814,0.001526
2026-06-11T16:23:43,1397,"(28, 28)","(8,)",20,0.000162,2965.609,2965.672,0.062,0.002991,0.059814,0.001526
2026-06-11T16:23:43,1398,"(28, 28)","(8,)",20,0.000273,2965.672,2965.734,0.062,0.002991,0.059814,0.001526
2026-06-11T16:23:43,1399,"(28, 28)","(8,)",20,0.000224,2965.734,2965.797,0.062,0.002991,0.059814,0.001526
2026-06-11T16:23:43,1400,"(28, 28)","(8,)",20,0.000214,2965.797,2965.863,0.066,0.002991,0.059814,0.001526
2026-06-11T16:23:43,1401,"(28, 28)","(8,)",20,0.000223,2965.863,2965.926,0.062,0.002991,0.059814,0.001526
2026-06-11T16:23:43,1402,"(28, 28)","(8,)",20,0.000213,2965.926,2965.988,0.062,0.002991,0.059814,0.001526
2026-06-11T16:23:43,1403,"(28, 28)","(8,)",20,0.000211,2965.988,2966.051,0.062,0.002991,0.059814,0.001526
2026-06-11T16:23:43,1404,"(28, 28)","(8,)",20,0.000217,2966.051,2966.113,0.062,0.002991,0.059814,0.001526
2026-06-11T16:23:43,1405,"(28, 28)","(8,)",20,0.000207,2966.133,2966.191,0.059,0.002991,0.059814,0.001526
2026-06-11T16:23:43,1406,"(28, 28)","(8,)",20,0.000215,2966.191,2966.254,0.062,0.002991,0.059814,0.001526
2026-06-11T16:23:43,1407,"(28, 28)","(8,)",20,0.000219,2966.254,2966.312,0.059,0.002991,0.059814,0.001526
2026-06-11T16:23:43,1408,"(28, 28)","(8,)",20,0.000246,2966.312,2966.371,0.059,0.002991,0.059814,0.001526
2026-06-11T16:23:43,1409,"(28, 28)","(8,)",20,0.000214,2966.371,2966.434,0.062,0.002991,0.059814,0.001526
2026-06-11T16:23:43,1410,"(28, 28)","(8,)",20,0.000209,2966.434,2966.492,0.059,0.002991,0.059814,0.001526
2026-06-11T16:23:43,1411,"(28, 28)","(8,)",20,0.000212,2966.492,2966.551,0.059,0.002991,0.059814,0.001526
2026-06-11T16:23:43,1412,"(28, 28)","(8,)",20,0.00021,2966.551,2966.613,0.062,0.002991,0.059814,0.001526
2026-06-11T16:23:43,1413,"(28, 28)","(8,)",20,0.000212,2966.613,2966.672,0.059,0.002991,0.059814,0.001526
2026-06-11T16:23:43,1414,"(28, 28)","(8,)",20,0.000216,2966.672,2966.734,0.062,0.002991,0.059814,0.001526
2026-06-11T16:23:43,1415,"(28, 28)","(8,)",20,0.000209,2966.734,2966.797,0.062,0.002991,0.059814,0.001526
2026-06-11T16:23:43,1416,"(28, 28)","(8,)",20,0.000205,2966.797,2966.855,0.059,0.002991,0.059814,0.001526
2026-06-11T16:23:43,1417,"(28, 28)","(8,)",20,0.000219,2966.855,2966.918,0.062,0.002991,0.059814,0.001526
2026-06-11T16:23:43,1418,"(28, 28)","(8,)",20,0.000209,2966.918,2966.98,0.062,0.002991,0.059814,0.001526
2026-06-11T16:23:43,1419,"(28, 28)","(8,)",20,0.000209,2966.98,2967.039,0.059,0.002991,0.059814,0.001526
2026-06-11T16:23:43,1420,"(28, 28)","(8,)",20,0.000225,2967.039,2967.102,0.062,0.002991,0.059814,0.001526
2026-06-11T16:23:43,1421,"(28, 28)","(8,)",20,0.000215,2967.102,2967.168,0.066,0.002991,0.059814,0.001526
2026-06-11T16:23:43,1422,"(28, 28)","(8,)",20,0.000258,2967.168,2967.23,0.062,0.002991,0.059814,0.001526
2026-06-11T16:23:43,1423,"(28, 28)","(8,)",20,0.000204,2967.23,2967.293,0.062,0.002991,0.059814,0.001526
2026-06-11T16:23:43,1424,"(28, 28)","(8,)",20,0.000221,2967.293,2967.355,0.062,0.002991,0.059814,0.001526
2026-06-11T16:23:43,1425,"(28, 28)","(8,)",20,0.000214,2967.355,2967.418,0.062,0.002991,0.059814,0.001526
2026-06-11T16:23:43,1426,"(28, 28)","(8,)",20,0.000217,2967.418,2967.48,0.062,0.002991,0.059814,0.001526
2026-06-11T16:23:43,1427,"(28, 28)","(8,)",20,0.000209,2967.48,2967.543,0.062,0.002991,0.059814,0.001526
2026-06-11T16:23:43,1428,"(28, 28)","(8,)",20,0.00021,2967.543,2967.605,0.062,0.002991,0.059814,0.001526
2026-06-11T16:23:43,1429,"(28, 28)","(8,)",20,0.000207,2967.605,2967.668,0.062,0.002991,0.059814,0.001526
2026-06-11T16:23:43,1430,"(28, 28)","(8,)",20,0.000208,2967.668,2967.73,0.062,0.002991,0.059814,0.001526
2026-06-11T16:23:43,1431,"(28, 28)","(8,)",20,0.000212,2967.73,2967.793,0.062,0.002991,0.059814,0.001526
2026-06-11T16:23:43,1432,"(28, 28)","(8,)",20,0.000212,2967.793,2967.855,0.062,0.002991,0.059814,0.001526
2026-06-11T16:23:43,1433,"(28, 28)","(8,)",20,0.000217,2967.855,2967.922,0.066,0.002991,0.059814,0.001526
2026-06-11T16:23:43,1434,"(28, 28)","(8,)",20,0.000208,2967.922,2967.984,0.062,0.002991,0.059814,0.001526
2026-06-11T16:23:43,1435,"(28, 28)","(8,)",20,0.000205,2967.984,2968.047,0.062,0.002991,0.059814,0.001526
2026-06-11T16:23:43,1436,"(28, 28)","(8,)",20,0.000221,2968.047,2968.109,0.062,0.002991,0.059814,0.001526
2026-06-11T16:23:43,1437,"(28, 28)","(8,)",20,0.000209,2968.109,2968.172,0.062,0.002991,0.059814,0.001526
2026-06-11T16:23:43,1438,"(28, 28)","(8,)",20,0.000209,2968.172,2968.234,0.062,0.002991,0.059814,0.001526
2026-06-11T16:23:43,1439,"(28, 28)","(8,)",20,0.000215,2968.234,2968.297,0.062,0.002991,0.059814,0.001526
2026-06-11T16:23:43,1440,"(28, 28)","(8,)",20,0.000212,2968.297,2968.359,0.062,0.002991,0.059814,0.001526
2026-06-11T16:23:43,1441,"(28, 28)","(8,)",20,0.000209,2968.359,2968.422,0.062,0.002991,0.059814,0.001526
2026-06-11T16:23:43,1442,"(28, 28)","(8,)",20,0.000206,2968.422,2968.484,0.062,0.002991,0.059814,0.001526
2026-06-11T16:23:43,1443,"(28, 28)","(8,)",20,0.000213,2968.484,2968.547,0.062,0.002991,0.059814,0.001526
2026-06-11T16:23:43,1444,"(28, 28)","(8,)",20,0.00022,2968.547,2968.609,0.062,0.002991,0.059814,0.001526
2026-06-11T16:23:43,1445,"(28, 28)","(8,)",20,0.000211,2968.609,2968.676,0.066,0.002991,0.059814,0.001526
2026-06-11T16:23:43,1446,"(28, 28)","(8,)",20,0.000206,2968.676,2968.738,0.062,0.002991,0.059814,0.001526
2026-06-11T16:23:43,1447,"(28, 28)","(8,)",20,0.000208,2968.738,2968.801,0.062,0.002991,0.059814,0.001526
2026-06-11T16:23:43,1448,"(28, 28)","(8,)",20,0.00022,2968.801,2968.863,0.062,0.002991,0.059814,0.001526
2026-06-11T16:23:43,1449,"(28, 28)","(8,)",20,0.000211,2968.863,2968.926,0.062,0.002991,0.059814,0.001526
2026-06-11T16:23:43,1450,"(28, 28)","(8,)",20,0.000212,2968.926,2968.988,0.062,0.002991,0.059814,0.001526
2026-06-11T16:23:43,1451,"(28, 28)","(8,)",20,0.000209,2968.988,2969.051,0.062,0.002991,0.059814,0.001526
2026-06-11T16:23:43,1452,"(28, 28)","(8,)",20,0.000227,2969.051,2969.113,0.062,0.002991,0.059814,0.001526
2026-06-11T16:23:43,1453,"(28, 28)","(8,)",20,0.000207,2969.113,2969.176,0.062,0.002991,0.059814,0.001526
2026-06-11T16:23:43,1454,"(28, 28)","(8,)",20,0.000213,2969.176,2969.238,0.062,0.002991,0.059814,0.001526
2026-06-11T16:23:43,1455,"(28, 28)","(8,)",20,0.000219,2969.238,2969.301,0.062,0.002991,0.059814,0.001526
2026-06-11T16:23:43,1456,"(28, 28)","(8,)",20,0.000213,2969.301,2969.367,0.066,0.002991,0.059814,0.001526
2026-06-11T16:23:43,1457,"(28, 28)","(8,)",20,0.000209,2969.367,2969.43,0.062,0.002991,0.059814,0.001526
2026-06-11T16:23:43,1458,"(28, 28)","(8,)",20,0.000205,2969.43,2969.492,0.062,0.002991,0.059814,0.001526
2026-06-11T16:23:43,1459,"(28, 28)","(8,)",20,0.000207,2969.492,2969.555,0.062,0.002991,0.059814,0.001526
2026-06-11T16:23:43,1460,"(28, 28)","(8,)",20,0.000211,2969.555,2969.617,0.062,0.002991,0.059814,0.001526
2026-06-11T16:23:43,1461,"(28, 28)","(8,)",20,0.000208,2969.617,2969.68,0.062,0.002991,0.059814,0.001526
2026-06-11T16:23:43,1462,"(28, 28)","(8,)",20,0.000253,2969.68,2969.742,0.062,0.002991,0.059814,0.001526
2026-06-11T16:23:43,1463,"(28, 28)","(8,)",20,0.000209,2969.742,2969.805,0.062,0.002991,0.059814,0.001526
2026-06-11T16:23:43,1464,"(28, 28)","(8,)",20,0.000222,2969.805,2969.867,0.062,0.002991,0.059814,0.001526
2026-06-11T16:23:43,1465,"(28, 28)","(8,)",20,0.000209,2969.867,2969.93,0.062,0.002991,0.059814,0.001526
2026-06-11T16:23:43,1466,"(28, 28)","(8,)",20,0.000208,2969.93,2969.992,0.062,0.002991,0.059814,0.001526
2026-06-11T16:23:43,1467,"(28, 28)","(8,)",20,0.00021,2969.992,2970.055,0.062,0.002991,0.059814,0.001526
2026-06-11T16:23:43,1468,"(28, 28)","(8,)",20,0.000226,2970.055,2970.121,0.066,0.002991,0.059814,0.001526
2026-06-11T16:23:43,1469,"(28, 28)","(8,)",20,0.000212,2970.121,2970.184,0.062,0.002991,0.059814,0.001526
2026-06-11T16:23:43,1470,"(28, 28)","(8,)",20,0.000205,2970.184,2970.246,0.062,0.002991,0.059814,0.001526
2026-06-11T16:23:43,1471,"(28, 28)","(8,)",20,0.000215,2970.246,2970.309,0.062,0.002991,0.059814,0.001526
2026-06-11T16:23:43,1472,"(28, 28)","(8,)",20,0.000208,2970.309,2970.371,0.062,0.002991,0.059814,0.001526
2026-06-11T16:23:43,1473,"(28, 28)","(8,)",20,0.000206,2970.371,2970.434,0.062,0.002991,0.059814,0.001526
2026-06-11T16:23:43,1474,"(28, 28)","(8,)",20,0.000217,2970.434,2970.496,0.062,0.002991,0.059814,0.001526
2026-06-11T16:23:43,1475,"(28, 28)","(8,)",20,0.000213,2970.496,2970.559,0.062,0.002991,0.059814,0.001526
2026-06-11T16:23:43,1476,"(28, 28)","(8,)",20,0.000206,2970.559,2970.621,0.062,0.002991,0.059814,0.001526
2026-06-11T16:23:43,1477,"(28, 28)","(8,)",20,0.000208,2970.621,2970.684,0.062,0.002991,0.059814,0.001526
2026-06-11T16:23:43,1478,"(28, 28)","(8,)",20,0.000206,2970.684,2970.746,0.062,0.002991,0.059814,0.001526
2026-06-11T16:23:43,1479,"(28, 28)","(8,)",20,0.000216,2970.746,2970.809,0.062,0.002991,0.059814,0.001526
2026-06-11T16:23:43,1480,"(28, 28)","(8,)",20,0.000214,2970.812,2970.875,0.062,0.002991,0.059814,0.001526
2026-06-11T16:23:43,1481,"(28, 28)","(8,)",20,0.000216,2970.875,2970.938,0.062,0.002991,0.059814,0.001526
2026-06-11T16:23:43,1482,"(28, 28)","(8,)",20,0.000206,2970.938,2971.0,0.062,0.002991,0.059814,0.001526
2026-06-11T16:23:43,1483,"(28, 28)","(8,)",20,0.000211,2971.0,2971.062,0.062,0.002991,0.059814,0.001526
2026-06-11T16:23:43,1484,"(28, 28)","(8,)",20,0.000223,2971.062,2971.125,0.062,0.002991,0.059814,0.001526
2026-06-11T16:23:43,1485,"(28, 28)","(8,)",20,0.000209,2971.125,2971.188,0.062,0.002991,0.059814,0.001526
2026-06-11T16:23:43,1486,"(28, 28)","(8,)",20,0.00021,2971.188,2971.25,0.062,0.002991,0.059814,0.001526
2026-06-11T16:23:43,1487,"(28, 28)","(8,)",20,0.00022,2971.25,2971.312,0.062,0.002991,0.059814,0.001526
2026-06-11T16:23:43,1488,"(28, 28)","(8,)",20,0.000208,2971.312,2971.375,0.062,0.002991,0.059814,0.001526
2026-06-11T16:23:43,1489,"(28, 28)","(8,)",20,0.000207,2971.375,2971.438,0.062,0.002991,0.059814,0.001526
2026-06-11T16:23:43,1490,"(28, 28)","(8,)",20,0.000211,2971.438,2971.5,0.062,0.002991,0.059814,0.001526
2026-06-11T16:23:43,1491,"(28, 28)","(8,)",20,0.000214,2971.5,2971.566,0.066,0.002991,0.059814,0.001526
2026-06-11T16:23:43,1492,"(28, 28)","(8,)",20,0.000208,2971.566,2971.629,0.062,0.002991,0.059814,0.001526
2026-06-11T16:23:43,1493,"(28, 28)","(8,)",20,0.000209,2971.629,2971.691,0.062,0.002991,0.059814,0.001526
2026-06-11T16:23:43,1494,"(28, 28)","(8,)",20,0.00021,2971.691,2971.754,0.062,0.002991,0.059814,0.001526
2026-06-11T16:23:43,1495,"(28, 28)","(8,)",20,0.000214,2971.754,2971.816,0.062,0.002991,0.059814,0.001526
2026-06-11T16:23:43,1496,"(28, 28)","(8,)",20,0.000213,2971.816,2971.879,0.062,0.002991,0.059814,0.001526
2026-06-11T16:23:43,1497,"(28, 28)","(8,)",20,0.000213,2971.879,2971.941,0.062,0.002991,0.059814,0.001526
2026-06-11T16:23:43,1498,"(28, 28)","(8,)",20,0.000208,2971.941,2972.004,0.062,0.002991,0.059814,0.001526
2026-06-11T16:23:43,1499,"(28, 28)","(8,)",20,0.000212,2972.004,2972.066,0.062,0.002991,0.059814,0.001526
2026-06-11T16:23:43,1500,"(28, 28)","(8,)",20,0.000214,2972.066,2972.129,0.062,0.002991,0.059814,0.001526
2026-06-11T16:23:43,1501,"(28, 28)","(8,)",20,0.000211,2972.129,2972.191,0.062,0.002991,0.059814,0.001526
2026-06-11T16:23:43,1502,"(28, 28)","(8,)",20,0.000255,2972.191,2972.254,0.062,0.002991,0.059814,0.001526
2026-06-11T16:23:43,1503,"(28, 28)","(8,)",20,0.000233,2972.254,2972.32,0.066,0.002991,0.059814,0.001526
2026-06-11T16:23:43,1504,"(28, 28)","(8,)",20,0.000207,2972.32,2972.383,0.062,0.002991,0.059814,0.001526
2026-06-11T16:23:43,1505,"(28, 28)","(8,)",20,0.000207,2972.383,2972.445,0.062,0.002991,0.059814,0.001526
2026-06-11T16:23:43,1506,"(28, 28)","(8,)",20,0.000208,2972.445,2972.508,0.062,0.002991,0.059814,0.001526
2026-06-11T16:23:43,1507,"(28, 28)","(8,)",20,0.000216,2972.508,2972.57,0.062,0.002991,0.059814,0.001526
2026-06-11T16:23:43,1508,"(28, 28)","(8,)",20,0.000211,2972.57,2972.633,0.062,0.002991,0.059814,0.001526
2026-06-11T16:23:43,1509,"(28, 28)","(8,)",20,0.00021,2972.633,2972.695,0.062,0.002991,0.059814,0.001526
2026-06-11T16:23:43,1510,"(28, 28)","(8,)",20,0.000205,2972.695,2972.758,0.062,0.002991,0.059814,0.001526
2026-06-11T16:23:43,1511,"(28, 28)","(8,)",20,0.00027,2972.758,2972.82,0.062,0.002991,0.059814,0.001526
2026-06-11T16:23:43,1512,"(28, 28)","(8,)",20,0.000219,2972.82,2972.883,0.062,0.002991,0.059814,0.001526
2026-06-11T16:23:43,1513,"(28, 28)","(8,)",20,0.000212,2972.883,2972.945,0.062,0.002991,0.059814,0.001526
2026-06-11T16:23:43,1514,"(28, 28)","(8,)",20,0.000209,2972.945,2973.008,0.062,0.002991,0.059814,0.001526
2026-06-11T16:23:43,1515,"(28, 28)","(8,)",20,0.000212,2973.012,2973.074,0.062,0.002991,0.059814,0.001526
2026-06-11T16:23:43,1516,"(28, 28)","(8,)",20,0.000216,2973.074,2973.137,0.062,0.002991,0.059814,0.001526
2026-06-11T16:23:43,1517,"(28, 28)","(8,)",20,0.000207,2973.137,2973.199,0.062,0.002991,0.059814,0.001526
2026-06-11T16:23:43,1518,"(28, 28)","(8,)",20,0.000211,2973.199,2973.262,0.062,0.002991,0.059814,0.001526
2026-06-11T16:23:43,1519,"(28, 28)","(8,)",20,0.000218,2973.262,2973.324,0.062,0.002991,0.059814,0.001526
2026-06-11T16:23:43,1520,"(28, 28)","(8,)",20,0.000213,2973.324,2973.387,0.062,0.002991,0.059814,0.001526
2026-06-11T16:23:43,1521,"(28, 28)","(8,)",20,0.000213,2973.387,2973.449,0.062,0.002991,0.059814,0.001526
2026-06-11T16:23:43,1522,"(28, 28)","(8,)",20,0.000219,2973.449,2973.512,0.062,0.002991,0.059814,0.001526
2026-06-11T16:23:43,1523,"(28, 28)","(8,)",20,0.00021,2973.512,2973.574,0.062,0.002991,0.059814,0.001526
2026-06-11T16:23:43,1524,"(28, 28)","(8,)",20,0.000208,2973.574,2973.637,0.062,0.002991,0.059814,0.001526
2026-06-11T16:23:43,1525,"(28, 28)","(8,)",20,0.000209,2973.637,2973.699,0.062,0.002991,0.059814,0.001526
2026-06-11T16:23:43,1526,"(28, 28)","(8,)",20,0.000214,2973.699,2973.766,0.066,0.002991,0.059814,0.001526
2026-06-11T16:23:43,1527,"(28, 28)","(8,)",20,0.000208,2973.766,2973.828,0.062,0.002991,0.059814,0.001526
2026-06-11T16:23:43,1528,"(28, 28)","(8,)",20,0.000209,2973.828,2973.891,0.062,0.002991,0.059814,0.001526
2026-06-11T16:23:43,1529,"(28, 28)","(8,)",20,0.000206,2973.891,2973.953,0.062,0.002991,0.059814,0.001526
2026-06-11T16:23:43,1530,"(28, 28)","(8,)",20,0.000214,2973.953,2974.016,0.062,0.002991,0.059814,0.001526
2026-06-11T16:23:43,1531,"(28, 28)","(8,)",20,0.000208,2974.016,2974.078,0.062,0.002991,0.059814,0.001526
2026-06-11T16:23:43,1532,"(28, 28)","(8,)",20,0.000223,2974.078,2974.141,0.062,0.002991,0.059814,0.001526
2026-06-11T16:23:43,1533,"(28, 28)","(8,)",20,0.000206,2974.141,2974.203,0.062,0.002991,0.059814,0.001526
2026-06-11T16:23:43,1534,"(28, 28)","(8,)",20,0.000211,2974.203,2974.266,0.062,0.002991,0.059814,0.001526
2026-06-11T16:23:43,1535,"(28, 28)","(8,)",20,0.000217,2974.266,2974.328,0.062,0.002991,0.059814,0.001526
2026-06-11T16:23:43,1536,"(28, 28)","(8,)",20,0.000211,2974.328,2974.391,0.062,0.002991,0.059814,0.001526
2026-06-11T16:23:43,1537,"(28, 28)","(8,)",20,0.000211,2974.391,2974.453,0.062,0.002991,0.059814,0.001526
2026-06-11T16:23:43,1538,"(28, 28)","(8,)",20,0.000216,2974.453,2974.52,0.066,0.002991,0.059814,0.001526
2026-06-11T16:23:43,1539,"(28, 28)","(8,)",20,0.000211,2974.52,2974.582,0.062,0.002991,0.059814,0.001526
2026-06-11T16:23:43,1540,"(28, 28)","(8,)",20,0.000206,2974.582,2974.645,0.062,0.002991,0.059814,0.001526
2026-06-11T16:23:43,1541,"(28, 28)","(8,)",20,0.000207,2974.645,2974.707,0.062,0.002991,0.059814,0.001526
2026-06-11T16:23:43,1542,"(28, 28)","(8,)",20,0.000212,2974.707,2974.77,0.062,0.002991,0.059814,0.001526
2026-06-11T16:23:43,1543,"(28, 28)","(8,)",20,0.000208,2974.77,2974.832,0.062,0.002991,0.059814,0.001526
2026-06-11T16:23:43,1544,"(28, 28)","(8,)",20,0.000254,2974.832,2974.895,0.062,0.002991,0.059814,0.001526
2026-06-11T16:23:43,1545,"(28, 28)","(8,)",20,0.000211,2974.895,2974.957,0.062,0.002991,0.059814,0.001526
2026-06-11T16:23:43,1546,"(28, 28)","(8,)",20,0.000218,2974.957,2975.02,0.062,0.002991,0.059814,0.001526
2026-06-11T16:23:43,1547,"(28, 28)","(8,)",20,0.000207,2975.02,2975.082,0.062,0.002991,0.059814,0.001526
2026-06-11T16:23:43,1548,"(28, 28)","(8,)",20,0.000217,2975.082,2975.145,0.062,0.002991,0.059814,0.001526
2026-06-11T16:23:43,1549,"(28, 28)","(8,)",20,0.00021,2975.145,2975.211,0.066,0.002991,0.059814,0.001526
2026-06-11T16:23:43,1550,"(28, 28)","(8,)",20,0.000212,2975.211,2975.273,0.062,0.002991,0.059814,0.001526
2026-06-11T16:23:43,1551,"(28, 28)","(8,)",20,0.000219,2975.273,2975.336,0.062,0.002991,0.059814,0.001526
2026-06-11T16:23:43,1552,"(28, 28)","(8,)",20,0.00021,2975.336,2975.398,0.062,0.002991,0.059814,0.001526
2026-06-11T16:23:43,1553,"(28, 28)","(8,)",20,0.000211,2975.398,2975.461,0.062,0.002991,0.059814,0.001526
2026-06-11T16:23:43,1554,"(28, 28)","(8,)",20,0.000219,2975.461,2975.523,0.062,0.002991,0.059814,0.001526
2026-06-11T16:23:43,1555,"(28, 28)","(8,)",20,0.000207,2975.523,2975.586,0.062,0.002991,0.059814,0.001526
2026-06-11T16:23:43,1556,"(28, 28)","(8,)",20,0.000209,2975.586,2975.648,0.062,0.002991,0.059814,0.001526
2026-06-11T16:23:43,1557,"(28, 28)","(8,)",20,0.000208,2975.648,2975.711,0.062,0.002991,0.059814,0.001526
2026-06-11T16:23:43,1558,"(28, 28)","(8,)",20,0.000207,2975.711,2975.773,0.062,0.002991,0.059814,0.001526
2026-06-11T16:23:43,1559,"(28, 28)","(8,)",20,0.000209,2975.773,2975.836,0.062,0.002991,0.059814,0.001526
2026-06-11T16:23:43,1560,"(28, 28)","(8,)",20,0.000208,2975.836,2975.898,0.062,0.002991,0.059814,0.001526
2026-06-11T16:23:43,1561,"(28, 28)","(8,)",20,0.00022,2975.898,2975.965,0.066,0.002991,0.059814,0.001526
2026-06-11T16:23:43,1562,"(28, 28)","(8,)",20,0.000208,2975.965,2976.027,0.062,0.002991,0.059814,0.001526
2026-06-11T16:23:43,1563,"(28, 28)","(8,)",20,0.000207,2976.027,2976.09,0.062,0.002991,0.059814,0.001526
2026-06-11T16:23:43,1564,"(28, 28)","(8,)",20,0.000211,2976.09,2976.152,0.062,0.002991,0.059814,0.001526
2026-06-11T16:23:43,1565,"(28, 28)","(8,)",20,0.000213,2976.152,2976.215,0.062,0.002991,0.059814,0.001526
2026-06-11T16:23:43,1566,"(28, 28)","(8,)",20,0.000209,2976.215,2976.277,0.062,0.002991,0.059814,0.001526
2026-06-11T16:23:43,1567,"(28, 28)","(8,)",20,0.000215,2976.277,2976.34,0.062,0.002991,0.059814,0.001526
2026-06-11T16:23:43,1568,"(28, 28)","(8,)",20,0.000211,2976.34,2976.402,0.062,0.002991,0.059814,0.001526
2026-06-11T16:23:43,1569,"(28, 28)","(8,)",20,0.000212,2976.402,2976.465,0.062,0.002991,0.059814,0.001526
2026-06-11T16:23:43,1570,"(28, 28)","(8,)",20,0.000212,2976.465,2976.527,0.062,0.002991,0.059814,0.001526
2026-06-11T16:23:43,1571,"(28, 28)","(8,)",20,0.000213,2976.527,2976.59,0.062,0.002991,0.059814,0.001526
2026-06-11T16:23:43,1572,"(28, 28)","(8,)",20,0.000217,2976.59,2976.652,0.062,0.002991,0.059814,0.001526
2026-06-11T16:23:43,1573,"(28, 28)","(8,)",20,0.000216,2976.652,2976.719,0.066,0.002991,0.059814,0.001526
2026-06-11T16:23:43,1574,"(28, 28)","(8,)",20,0.000206,2976.719,2976.781,0.062,0.002991,0.059814,0.001526
2026-06-11T16:23:43,1575,"(28, 28)","(8,)",20,0.000206,2976.781,2976.844,0.062,0.002991,0.059814,0.001526
2026-06-11T16:23:43,1576,"(28, 28)","(8,)",20,0.00021,2976.844,2976.906,0.062,0.002991,0.059814,0.001526
2026-06-11T16:23:43,1577,"(28, 28)","(8,)",20,0.000222,2976.906,2976.969,0.062,0.002991,0.059814,0.001526
2026-06-11T16:23:43,1578,"(28, 28)","(8,)",20,0.000211,2976.969,2977.031,0.062,0.002991,0.059814,0.001526
2026-06-11T16:23:43,1579,"(28, 28)","(8,)",20,0.000268,2977.031,2977.094,0.062,0.002991,0.059814,0.001526
2026-06-11T16:23:43,1580,"(28, 28)","(8,)",20,0.000222,2977.094,2977.156,0.062,0.002991,0.059814,0.001526
2026-06-11T16:23:43,1581,"(28, 28)","(8,)",20,0.000214,2977.156,2977.219,0.062,0.002991,0.059814,0.001526
2026-06-11T16:23:43,1582,"(28, 28)","(8,)",20,0.000207,2977.219,2977.281,0.062,0.002991,0.059814,0.001526
2026-06-11T16:23:43,1583,"(28, 28)","(8,)",20,0.000226,2977.281,2977.344,0.062,0.002991,0.059814,0.001526
2026-06-11T16:23:43,1584,"(28, 28)","(8,)",20,0.00021,2977.344,2977.41,0.066,0.002991,0.059814,0.001526
2026-06-11T16:23:43,1585,"(28, 28)","(8,)",20,0.000212,2977.43,2977.492,0.062,0.002991,0.059814,0.001526
2026-06-11T16:23:43,1586,"(28, 28)","(8,)",20,0.000267,2977.492,2977.551,0.059,0.002991,0.059814,0.001526
2026-06-11T16:23:43,1587,"(28, 28)","(8,)",20,0.000213,2977.551,2977.609,0.059,0.002991,0.059814,0.001526
2026-06-11T16:23:43,1588,"(28, 28)","(8,)",20,0.00021,2977.609,2977.672,0.062,0.002991,0.059814,0.001526
2026-06-11T16:23:43,1589,"(28, 28)","(8,)",20,0.000225,2977.672,2977.73,0.059,0.002991,0.059814,0.001526
2026-06-11T16:23:43,1590,"(28, 28)","(8,)",20,0.000209,2977.73,2977.789,0.059,0.002991,0.059814,0.001526
2026-06-11T16:23:43,1591,"(28, 28)","(8,)",20,0.000213,2977.789,2977.852,0.062,0.002991,0.059814,0.001526
2026-06-11T16:23:43,1592,"(28, 28)","(8,)",20,0.000205,2977.852,2977.91,0.059,0.002991,0.059814,0.001526
2026-06-11T16:23:43,1593,"(28, 28)","(8,)",20,0.000211,2977.91,2977.969,0.059,0.002991,0.059814,0.001526
2026-06-11T16:23:43,1594,"(28, 28)","(8,)",20,0.000212,2977.969,2978.031,0.062,0.002991,0.059814,0.001526
2026-06-11T16:23:43,1595,"(28, 28)","(8,)",20,0.000209,2978.031,2978.09,0.059,0.002991,0.059814,0.001526
2026-06-11T16:23:43,1596,"(28, 28)","(8,)",20,0.000206,2978.09,2978.152,0.062,0.002991,0.059814,0.001526
2026-06-11T16:23:43,1597,"(28, 28)","(8,)",20,0.000213,2978.152,2978.215,0.062,0.002991,0.059814,0.001526
2026-06-11T16:23:43,1598,"(28, 28)","(8,)",20,0.000206,2978.215,2978.277,0.062,0.002991,0.059814,0.001526
2026-06-11T16:23:43,1599,"(28, 28)","(8,)",20,0.000212,2978.277,2978.34,0.062,0.002991,0.059814,0.001526
2026-06-11T16:23:43,1600,"(28, 28)","(8,)",20,0.000208,2978.34,2978.398,0.059,0.002991,0.059814,0.001526
2026-06-11T16:23:43,1601,"(28, 28)","(8,)",20,0.000214,2978.398,2978.461,0.062,0.002991,0.059814,0.001526
2026-06-11T16:23:43,1602,"(28, 28)","(8,)",20,0.000217,2978.461,2978.523,0.062,0.002991,0.059814,0.001526
2026-06-11T16:23:43,1603,"(28, 28)","(8,)",20,0.000208,2978.523,2978.586,0.062,0.002991,0.059814,0.001526
2026-06-11T16:23:43,1604,"(28, 28)","(8,)",20,0.000211,2978.586,2978.648,0.062,0.002991,0.059814,0.001526
2026-06-11T16:23:43,1605,"(28, 28)","(8,)",20,0.000212,2978.648,2978.715,0.066,0.002991,0.059814,0.001526
2026-06-11T16:23:43,1606,"(28, 28)","(8,)",20,0.000205,2978.715,2978.777,0.062,0.002991,0.059814,0.001526
2026-06-11T16:23:43,1607,"(28, 28)","(8,)",20,0.000205,2978.777,2978.84,0.062,0.002991,0.059814,0.001526
2026-06-11T16:23:43,1608,"(28, 28)","(8,)",20,0.000207,2978.84,2978.902,0.062,0.002991,0.059814,0.001526
2026-06-11T16:23:43,1609,"(28, 28)","(8,)",20,0.000214,2978.902,2978.965,0.062,0.002991,0.059814,0.001526
2026-06-11T16:23:43,1610,"(28, 28)","(8,)",20,0.000207,2978.965,2979.027,0.062,0.002991,0.059814,0.001526
2026-06-11T16:23:43,1611,"(28, 28)","(8,)",20,0.000206,2979.027,2979.09,0.062,0.002991,0.059814,0.001526
2026-06-11T16:23:43,1612,"(28, 28)","(8,)",20,0.000215,2979.09,2979.152,0.062,0.002991,0.059814,0.001526
2026-06-11T16:23:43,1613,"(28, 28)","(8,)",20,0.000208,2979.152,2979.215,0.062,0.002991,0.059814,0.001526
2026-06-11T16:23:43,1614,"(28, 28)","(8,)",20,0.000215,2979.215,2979.277,0.062,0.002991,0.059814,0.001526
2026-06-11T16:23:43,1615,"(28, 28)","(8,)",20,0.000221,2979.277,2979.34,0.062,0.002991,0.059814,0.001526
2026-06-11T16:23:43,1616,"(28, 28)","(8,)",20,0.000212,2979.34,2979.402,0.062,0.002991,0.059814,0.001526
2026-06-11T16:23:43,1617,"(28, 28)","(8,)",20,0.000208,2979.402,2979.469,0.066,0.002991,0.059814,0.001526
2026-06-11T16:23:43,1618,"(28, 28)","(8,)",20,0.000212,2979.469,2979.531,0.062,0.002991,0.059814,0.001526
2026-06-11T16:23:43,1619,"(28, 28)","(8,)",20,0.000206,2979.531,2979.594,0.062,0.002991,0.059814,0.001526
2026-06-11T16:23:43,1620,"(28, 28)","(8,)",20,0.00021,2979.594,2979.656,0.062,0.002991,0.059814,0.001526
2026-06-11T16:23:43,1621,"(28, 28)","(8,)",20,0.000211,2979.656,2979.719,0.062,0.002991,0.059814,0.001526
2026-06-11T16:23:43,1622,"(28, 28)","(8,)",20,0.000214,2979.719,2979.781,0.062,0.002991,0.059814,0.001526
2026-06-11T16:23:43,1623,"(28, 28)","(8,)",20,0.000211,2979.781,2979.844,0.062,0.002991,0.059814,0.001526
2026-06-11T16:23:43,1624,"(28, 28)","(8,)",20,0.000212,2979.844,2979.906,0.062,0.002991,0.059814,0.001526
2026-06-11T16:23:43,1625,"(28, 28)","(8,)",20,0.000219,2979.906,2979.969,0.062,0.002991,0.059814,0.001526
2026-06-11T16:23:43,1626,"(28, 28)","(8,)",20,0.000211,2979.969,2980.031,0.062,0.002991,0.059814,0.001526
2026-06-11T16:23:43,1627,"(28, 28)","(8,)",20,0.000209,2980.031,2980.094,0.062,0.002991,0.059814,0.001526
2026-06-11T16:23:43,1628,"(28, 28)","(8,)",20,0.000267,2980.094,2980.16,0.066,0.002991,0.059814,0.001526
2026-06-11T16:23:43,1629,"(28, 28)","(8,)",20,0.000211,2980.16,2980.223,0.062,0.002991,0.059814,0.001526
2026-06-11T16:23:43,1630,"(28, 28)","(8,)",20,0.000205,2980.223,2980.285,0.062,0.002991,0.059814,0.001526
2026-06-11T16:23:43,1631,"(28, 28)","(8,)",20,0.000212,2980.285,2980.348,0.062,0.002991,0.059814,0.001526
2026-06-11T16:23:43,1632,"(28, 28)","(8,)",20,0.000211,2980.348,2980.41,0.062,0.002991,0.059814,0.001526
2026-06-11T16:23:43,1633,"(28, 28)","(8,)",20,0.000213,2980.41,2980.473,0.062,0.002991,0.059814,0.001526
2026-06-11T16:23:43,1634,"(28, 28)","(8,)",20,0.000216,2980.473,2980.535,0.062,0.002991,0.059814,0.001526
2026-06-11T16:23:43,1635,"(28, 28)","(8,)",20,0.000211,2980.535,2980.598,0.062,0.002991,0.059814,0.001526
2026-06-11T16:23:43,1636,"(28, 28)","(8,)",20,0.000214,2980.598,2980.66,0.062,0.002991,0.059814,0.001526
2026-06-11T16:23:43,1637,"(28, 28)","(8,)",20,0.000208,2980.66,2980.723,0.062,0.002991,0.059814,0.001526
2026-06-11T16:23:43,1638,"(28, 28)","(8,)",20,0.000209,2980.723,2980.785,0.062,0.002991,0.059814,0.001526
2026-06-11T16:23:43,1639,"(28, 28)","(8,)",20,0.000207,2980.785,2980.848,0.062,0.002991,0.059814,0.001526
2026-06-11T16:23:43,1640,"(28, 28)","(8,)",20,0.000219,2980.848,2980.914,0.066,0.002991,0.059814,0.001526
2026-06-11T16:23:43,1641,"(28, 28)","(8,)",20,0.000205,2980.914,2980.977,0.062,0.002991,0.059814,0.001526
2026-06-11T16:23:43,1642,"(28, 28)","(8,)",20,0.000209,2980.977,2981.039,0.062,0.002991,0.059814,0.001526
2026-06-11T16:23:43,1643,"(28, 28)","(8,)",20,0.000207,2981.039,2981.102,0.062,0.002991,0.059814,0.001526
2026-06-11T16:23:43,1644,"(28, 28)","(8,)",20,0.000217,2981.102,2981.164,0.062,0.002991,0.059814,0.001526
2026-06-11T16:23:43,1645,"(28, 28)","(8,)",20,0.000211,2981.164,2981.227,0.062,0.002991,0.059814,0.001526
2026-06-11T16:23:43,1646,"(28, 28)","(8,)",20,0.00021,2981.227,2981.289,0.062,0.002991,0.059814,0.001526
2026-06-11T16:23:43,1647,"(28, 28)","(8,)",20,0.000252,2981.289,2981.352,0.062,0.002991,0.059814,0.001526
2026-06-11T16:23:43,1648,"(28, 28)","(8,)",20,0.000221,2981.352,2981.414,0.062,0.002991,0.059814,0.001526
2026-06-11T16:23:43,1649,"(28, 28)","(8,)",20,0.000211,2981.414,2981.477,0.062,0.002991,0.059814,0.001526
2026-06-11T16:23:43,1650,"(28, 28)","(8,)",20,0.000218,2981.477,2981.539,0.062,0.002991,0.059814,0.001526
2026-06-11T16:23:43,1651,"(28, 28)","(8,)",20,0.000211,2981.539,2981.602,0.062,0.002991,0.059814,0.001526
2026-06-11T16:23:43,1652,"(28, 28)","(8,)",20,0.000213,2981.605,2981.668,0.062,0.002991,0.059814,0.001526
2026-06-11T16:23:43,1653,"(28, 28)","(8,)",20,0.000215,2981.668,2981.73,0.062,0.002991,0.059814,0.001526
2026-06-11T16:23:43,1654,"(28, 28)","(8,)",20,0.00021,2981.73,2981.793,0.062,0.002991,0.059814,0.001526
2026-06-11T16:23:43,1655,"(28, 28)","(8,)",20,0.00021,2981.793,2981.855,0.062,0.002991,0.059814,0.001526
2026-06-11T16:23:43,1656,"(28, 28)","(8,)",20,0.000208,2981.855,2981.918,0.062,0.002991,0.059814,0.001526
2026-06-11T16:23:43,1657,"(28, 28)","(8,)",20,0.000213,2981.918,2981.98,0.062,0.002991,0.059814,0.001526
2026-06-11T16:23:43,1658,"(28, 28)","(8,)",20,0.000209,2981.98,2982.043,0.062,0.002991,0.059814,0.001526
2026-06-11T16:23:43,1659,"(28, 28)","(8,)",20,0.000217,2982.043,2982.105,0.062,0.002991,0.059814,0.001526
2026-06-11T16:23:43,1660,"(28, 28)","(8,)",20,0.000215,2982.105,2982.168,0.062,0.002991,0.059814,0.001526
2026-06-11T16:23:43,1661,"(28, 28)","(8,)",20,0.000208,2982.168,2982.23,0.062,0.002991,0.059814,0.001526
2026-06-11T16:23:43,1662,"(28, 28)","(8,)",20,0.00021,2982.23,2982.293,0.062,0.002991,0.059814,0.001526
2026-06-11T16:23:43,1663,"(28, 28)","(8,)",20,0.000222,2982.293,2982.359,0.066,0.002991,0.059814,0.001526
2026-06-11T16:23:43,1664,"(28, 28)","(8,)",20,0.000212,2982.359,2982.422,0.062,0.002991,0.059814,0.001526
2026-06-11T16:23:43,1665,"(28, 28)","(8,)",20,0.000208,2982.422,2982.484,0.062,0.002991,0.059814,0.001526
2026-06-11T16:23:43,1666,"(28, 28)","(8,)",20,0.000219,2982.484,2982.547,0.062,0.002991,0.059814,0.001526
2026-06-11T16:23:43,1667,"(28, 28)","(8,)",20,0.000214,2982.547,2982.609,0.062,0.002991,0.059814,0.001526
2026-06-11T16:23:43,1668,"(28, 28)","(8,)",20,0.000209,2982.609,2982.672,0.062,0.002991,0.059814,0.001526
2026-06-11T16:23:43,1669,"(28, 28)","(8,)",20,0.000221,2982.672,2982.734,0.062,0.002991,0.059814,0.001526
2026-06-11T16:23:43,1670,"(28, 28)","(8,)",20,0.000254,2982.734,2982.797,0.062,0.002991,0.059814,0.001526
2026-06-11T16:23:43,1671,"(28, 28)","(8,)",20,0.000214,2982.797,2982.859,0.062,0.002991,0.059814,0.001526
2026-06-11T16:23:43,1672,"(28, 28)","(8,)",20,0.000214,2982.859,2982.922,0.062,0.002991,0.059814,0.001526
2026-06-11T16:23:43,1673,"(28, 28)","(8,)",20,0.00021,2982.922,2982.984,0.062,0.002991,0.059814,0.001526
2026-06-11T16:23:43,1674,"(28, 28)","(8,)",20,0.000211,2982.984,2983.047,0.062,0.002991,0.059814,0.001526
2026-06-11T16:23:43,1675,"(28, 28)","(8,)",20,0.000213,2983.047,2983.113,0.066,0.002991,0.059814,0.001526
2026-06-11T16:23:43,1676,"(28, 28)","(8,)",20,0.00021,2983.113,2983.176,0.062,0.002991,0.059814,0.001526
2026-06-11T16:23:43,1677,"(28, 28)","(8,)",20,0.000207,2983.176,2983.238,0.062,0.002991,0.059814,0.001526
2026-06-11T16:23:43,1678,"(28, 28)","(8,)",20,0.00021,2983.238,2983.301,0.062,0.002991,0.059814,0.001526
2026-06-11T16:23:43,1679,"(28, 28)","(8,)",20,0.000216,2983.301,2983.363,0.062,0.002991,0.059814,0.001526
2026-06-11T16:23:43,1680,"(28, 28)","(8,)",20,0.00021,2983.363,2983.426,0.062,0.002991,0.059814,0.001526
2026-06-11T16:23:43,1681,"(28, 28)","(8,)",20,0.000212,2983.426,2983.488,0.062,0.002991,0.059814,0.001526
2026-06-11T16:23:43,1682,"(28, 28)","(8,)",20,0.000214,2983.488,2983.551,0.062,0.002991,0.059814,0.001526
2026-06-11T16:23:43,1683,"(28, 28)","(8,)",20,0.000213,2983.551,2983.613,0.062,0.002991,0.059814,0.001526
2026-06-11T16:23:43,1684,"(28, 28)","(8,)",20,0.000211,2983.613,2983.676,0.062,0.002991,0.059814,0.001526
2026-06-11T16:23:43,1685,"(28, 28)","(8,)",20,0.000213,2983.676,2983.738,0.062,0.002991,0.059814,0.001526
2026-06-11T16:23:43,1686,"(28, 28)","(8,)",20,0.000213,2983.738,2983.801,0.062,0.002991,0.059814,0.001526
2026-06-11T16:23:43,1687,"(28, 28)","(8,)",20,0.000211,2983.805,2983.867,0.062,0.002991,0.059814,0.001526
2026-06-11T16:23:43,1688,"(28, 28)","(8,)",20,0.000207,2983.867,2983.93,0.062,0.002991,0.059814,0.001526
2026-06-11T16:23:43,1689,"(28, 28)","(8,)",20,0.000206,2983.93,2983.992,0.062,0.002991,0.059814,0.001526
2026-06-11T16:23:43,1690,"(28, 28)","(8,)",20,0.00021,2983.992,2984.055,0.062,0.002991,0.059814,0.001526
2026-06-11T16:23:43,1691,"(28, 28)","(8,)",20,0.00021,2984.055,2984.117,0.062,0.002991,0.059814,0.001526
2026-06-11T16:23:43,1692,"(28, 28)","(8,)",20,0.00022,2984.117,2984.18,0.062,0.002991,0.059814,0.001526
2026-06-11T16:23:43,1693,"(28, 28)","(8,)",20,0.000209,2984.18,2984.242,0.062,0.002991,0.059814,0.001526
2026-06-11T16:23:43,1694,"(28, 28)","(8,)",20,0.000206,2984.242,2984.305,0.062,0.002991,0.059814,0.001526
2026-06-11T16:23:43,1695,"(28, 28)","(8,)",20,0.000218,2984.305,2984.367,0.062,0.002991,0.059814,0.001526
2026-06-11T16:23:43,1696,"(28, 28)","(8,)",20,0.000207,2984.367,2984.43,0.062,0.002991,0.059814,0.001526
2026-06-11T16:23:43,1697,"(28, 28)","(8,)",20,0.000207,2984.43,2984.492,0.062,0.002991,0.059814,0.001526
2026-06-11T16:23:43,1698,"(28, 28)","(8,)",20,0.000218,2984.492,2984.559,0.066,0.002991,0.059814,0.001526
2026-06-11T16:23:43,1699,"(28, 28)","(8,)",20,0.000205,2984.559,2984.621,0.062,0.002991,0.059814,0.001526
2026-06-11T16:23:43,1700,"(28, 28)","(8,)",20,0.000207,2984.621,2984.684,0.062,0.002991,0.059814,0.001526
2026-06-11T16:23:43,1701,"(28, 28)","(8,)",20,0.000209,2984.684,2984.746,0.062,0.002991,0.059814,0.001526
2026-06-11T16:23:43,1702,"(28, 28)","(8,)",20,0.000212,2984.746,2984.809,0.062,0.002991,0.059814,0.001526
2026-06-11T16:23:43,1703,"(28, 28)","(8,)",20,0.00021,2984.809,2984.871,0.062,0.002991,0.059814,0.001526
2026-06-11T16:23:43,1704,"(28, 28)","(8,)",20,0.000207,2984.871,2984.934,0.062,0.002991,0.059814,0.001526
2026-06-11T16:23:43,1705,"(28, 28)","(8,)",20,0.000208,2984.934,2984.996,0.062,0.002991,0.059814,0.001526
2026-06-11T16:23:43,1706,"(28, 28)","(8,)",20,0.000211,2984.996,2985.059,0.062,0.002991,0.059814,0.001526
2026-06-11T16:23:43,1707,"(28, 28)","(8,)",20,0.000208,2985.059,2985.121,0.062,0.002991,0.059814,0.001526
2026-06-11T16:23:43,1708,"(28, 28)","(8,)",20,0.000213,2985.121,2985.184,0.062,0.002991,0.059814,0.001526
2026-06-11T16:23:43,1709,"(28, 28)","(8,)",20,0.000208,2985.184,2985.246,0.062,0.002991,0.059814,0.001526
2026-06-11T16:23:43,1710,"(28, 28)","(8,)",20,0.000215,2985.246,2985.312,0.066,0.002991,0.059814,0.001526
2026-06-11T16:23:43,1711,"(28, 28)","(8,)",20,0.000213,2985.312,2985.375,0.062,0.002991,0.059814,0.001526
2026-06-11T16:23:43,1712,"(28, 28)","(8,)",20,0.000252,2985.375,2985.438,0.062,0.002991,0.059814,0.001526
2026-06-11T16:23:43,1713,"(28, 28)","(8,)",20,0.000209,2985.438,2985.5,0.062,0.002991,0.059814,0.001526
2026-06-11T16:23:43,1714,"(28, 28)","(8,)",20,0.000223,2985.5,2985.562,0.062,0.002991,0.059814,0.001526
2026-06-11T16:23:43,1715,"(28, 28)","(8,)",20,0.000209,2985.562,2985.625,0.062,0.002991,0.059814,0.001526
2026-06-11T16:23:43,1716,"(28, 28)","(8,)",20,0.000218,2985.625,2985.688,0.062,0.002991,0.059814,0.001526
2026-06-11T16:23:43,1717,"(28, 28)","(8,)",20,0.000232,2985.688,2985.75,0.062,0.002991,0.059814,0.001526
2026-06-11T16:23:43,1718,"(28, 28)","(8,)",20,0.000212,2985.75,2985.812,0.062,0.002991,0.059814,0.001526
2026-06-11T16:23:43,1719,"(28, 28)","(8,)",20,0.000208,2985.812,2985.875,0.062,0.002991,0.059814,0.001526
2026-06-11T16:23:43,1720,"(28, 28)","(8,)",20,0.000215,2985.875,2985.938,0.062,0.002991,0.059814,0.001526
2026-06-11T16:23:43,1721,"(28, 28)","(8,)",20,0.000207,2985.938,2986.004,0.066,0.002991,0.059814,0.001526
2026-06-11T16:23:43,1722,"(28, 28)","(8,)",20,0.000212,2986.004,2986.066,0.062,0.002991,0.059814,0.001526
2026-06-11T16:23:43,1723,"(28, 28)","(8,)",20,0.000207,2986.066,2986.129,0.062,0.002991,0.059814,0.001526
2026-06-11T16:23:43,1724,"(28, 28)","(8,)",20,0.000209,2986.129,2986.191,0.062,0.002991,0.059814,0.001526
2026-06-11T16:23:43,1725,"(28, 28)","(8,)",20,0.000209,2986.191,2986.254,0.062,0.002991,0.059814,0.001526
2026-06-11T16:23:43,1726,"(28, 28)","(8,)",20,0.000216,2986.254,2986.316,0.062,0.002991,0.059814,0.001526
2026-06-11T16:23:43,1727,"(28, 28)","(8,)",20,0.000215,2986.316,2986.379,0.062,0.002991,0.059814,0.001526
2026-06-11T16:23:43,1728,"(28, 28)","(8,)",20,0.00021,2986.379,2986.441,0.062,0.002991,0.059814,0.001526
2026-06-11T16:23:43,1729,"(28, 28)","(8,)",20,0.00021,2986.441,2986.504,0.062,0.002991,0.059814,0.001526
2026-06-11T16:23:43,1730,"(28, 28)","(8,)",20,0.000233,2986.504,2986.566,0.062,0.002991,0.059814,0.001526
2026-06-11T16:23:43,1731,"(28, 28)","(8,)",20,0.00021,2986.566,2986.629,0.062,0.002991,0.059814,0.001526
2026-06-11T16:23:43,1732,"(28, 28)","(8,)",20,0.000211,2986.629,2986.691,0.062,0.002991,0.059814,0.001526
2026-06-11T16:23:43,1733,"(28, 28)","(8,)",20,0.000216,2986.691,2986.758,0.066,0.002991,0.059814,0.001526
2026-06-11T16:23:43,1734,"(28, 28)","(8,)",20,0.000216,2986.758,2986.82,0.062,0.002991,0.059814,0.001526
2026-06-11T16:23:43,1735,"(28, 28)","(8,)",20,0.000209,2986.82,2986.883,0.062,0.002991,0.059814,0.001526
2026-06-11T16:23:43,1736,"(28, 28)","(8,)",20,0.000209,2986.883,2986.945,0.062,0.002991,0.059814,0.001526
2026-06-11T16:23:43,1737,"(28, 28)","(8,)",20,0.000214,2986.945,2987.008,0.062,0.002991,0.059814,0.001526
2026-06-11T16:23:43,1738,"(28, 28)","(8,)",20,0.000215,2987.008,2987.07,0.062,0.002991,0.059814,0.001526
2026-06-11T16:23:43,1739,"(28, 28)","(8,)",20,0.000212,2987.07,2987.133,0.062,0.002991,0.059814,0.001526
2026-06-11T16:23:43,1740,"(28, 28)","(8,)",20,0.000209,2987.133,2987.195,0.062,0.002991,0.059814,0.001526
2026-06-11T16:23:43,1741,"(28, 28)","(8,)",20,0.000208,2987.195,2987.258,0.062,0.002991,0.059814,0.001526
2026-06-11T16:23:43,1742,"(28, 28)","(8,)",20,0.000209,2987.258,2987.32,0.062,0.002991,0.059814,0.001526
2026-06-11T16:23:43,1743,"(28, 28)","(8,)",20,0.000213,2987.32,2987.383,0.062,0.002991,0.059814,0.001526
2026-06-11T16:23:43,1744,"(28, 28)","(8,)",20,0.000213,2987.383,2987.445,0.062,0.002991,0.059814,0.001526
2026-06-11T16:23:43,1745,"(28, 28)","(8,)",20,0.000218,2987.445,2987.512,0.066,0.002991,0.059814,0.001526
2026-06-11T16:23:43,1746,"(28, 28)","(8,)",20,0.000226,2987.512,2987.574,0.062,0.002991,0.059814,0.001526
2026-06-11T16:23:43,1747,"(28, 28)","(8,)",20,0.000209,2987.574,2987.637,0.062,0.002991,0.059814,0.001526
2026-06-11T16:23:43,1748,"(28, 28)","(8,)",20,0.000213,2987.637,2987.699,0.062,0.002991,0.059814,0.001526
2026-06-11T16:23:43,1749,"(28, 28)","(8,)",20,0.000218,2987.699,2987.762,0.062,0.002991,0.059814,0.001526
2026-06-11T16:23:43,1750,"(28, 28)","(8,)",20,0.00021,2987.762,2987.824,0.062,0.002991,0.059814,0.001526
2026-06-11T16:23:43,1751,"(28, 28)","(8,)",20,0.000211,2987.824,2987.887,0.062,0.002991,0.059814,0.001526
2026-06-11T16:23:43,1752,"(28, 28)","(8,)",20,0.000208,2987.887,2987.949,0.062,0.002991,0.059814,0.001526
2026-06-11T16:23:43,1753,"(28, 28)","(8,)",20,0.000215,2987.949,2988.012,0.062,0.002991,0.059814,0.001526
2026-06-11T16:23:43,1754,"(28, 28)","(8,)",20,0.000253,2988.012,2988.074,0.062,0.002991,0.059814,0.001526
2026-06-11T16:23:43,1755,"(28, 28)","(8,)",20,0.000211,2988.074,2988.137,0.062,0.002991,0.059814,0.001526
2026-06-11T16:23:43,1756,"(28, 28)","(8,)",20,0.000215,2988.137,2988.203,0.066,0.002991,0.059814,0.001526
2026-06-11T16:23:43,1757,"(28, 28)","(8,)",20,0.000213,2988.203,2988.266,0.062,0.002991,0.059814,0.001526
2026-06-11T16:23:43,1758,"(28, 28)","(8,)",20,0.000207,2988.266,2988.328,0.062,0.002991,0.059814,0.001526
2026-06-11T16:23:43,1759,"(28, 28)","(8,)",20,0.000205,2988.328,2988.391,0.062,0.002991,0.059814,0.001526
2026-06-11T16:23:43,1760,"(28, 28)","(8,)",20,0.00021,2988.391,2988.453,0.062,0.002991,0.059814,0.001526
2026-06-11T16:23:43,1761,"(28, 28)","(8,)",20,0.000216,2988.453,2988.516,0.062,0.002991,0.059814,0.001526
2026-06-11T16:23:43,1762,"(28, 28)","(8,)",20,0.000214,2988.516,2988.578,0.062,0.002991,0.059814,0.001526
2026-06-11T16:23:43,1763,"(28, 28)","(8,)",20,0.00021,2988.578,2988.641,0.062,0.002991,0.059814,0.001526
2026-06-11T16:23:43,1764,"(28, 28)","(8,)",20,0.000206,2988.641,2988.703,0.062,0.002991,0.059814,0.001526
2026-06-11T16:23:43,1765,"(28, 28)","(8,)",20,0.000219,2988.703,2988.766,0.062,0.002991,0.059814,0.001526
2026-06-11T16:23:43,1766,"(28, 28)","(8,)",20,0.000216,2988.766,2988.828,0.062,0.002991,0.059814,0.001526
2026-06-11T16:23:43,1767,"(28, 28)","(8,)",20,0.000211,2988.828,2988.891,0.062,0.002991,0.059814,0.001526
2026-06-11T16:23:43,1768,"(28, 28)","(8,)",20,0.000219,2988.891,2988.957,0.066,0.002991,0.059814,0.001526
2026-06-11T16:23:43,1769,"(28, 28)","(8,)",20,0.000211,2988.957,2989.02,0.062,0.002991,0.059814,0.001526
2026-06-11T16:23:43,1770,"(28, 28)","(8,)",20,0.000205,2989.02,2989.082,0.062,0.002991,0.059814,0.001526
2026-06-11T16:23:43,1771,"(28, 28)","(8,)",20,0.000206,2989.082,2989.145,0.062,0.002991,0.059814,0.001526
2026-06-11T16:23:43,1772,"(28, 28)","(8,)",20,0.000207,2989.145,2989.207,0.062,0.002991,0.059814,0.001526
2026-06-11T16:23:43,1773,"(28, 28)","(8,)",20,0.000215,2989.207,2989.27,0.062,0.002991,0.059814,0.001526
2026-06-11T16:23:43,1774,"(28, 28)","(8,)",20,0.000213,2989.27,2989.332,0.062,0.002991,0.059814,0.001526
2026-06-11T16:23:43,1775,"(28, 28)","(8,)",20,0.000211,2989.332,2989.395,0.062,0.002991,0.059814,0.001526
2026-06-11T16:23:43,1776,"(28, 28)","(8,)",20,0.000208,2989.395,2989.457,0.062,0.002991,0.059814,0.001526
2026-06-11T16:23:43,1777,"(28, 28)","(8,)",20,0.000212,2989.457,2989.52,0.062,0.002991,0.059814,0.001526
2026-06-11T16:23:43,1778,"(28, 28)","(8,)",20,0.000215,2989.52,2989.582,0.062,0.002991,0.059814,0.001526
2026-06-11T16:23:43,1779,"(28, 28)","(8,)",20,0.000209,2989.582,2989.645,0.062,0.002991,0.059814,0.001526
2026-06-11T16:23:43,1780,"(28, 28)","(8,)",20,0.000209,2989.648,2989.711,0.062,0.002991,0.059814,0.001526
2026-06-11T16:23:43,1781,"(28, 28)","(8,)",20,0.000214,2989.711,2989.773,0.062,0.002991,0.059814,0.001526
2026-06-11T16:23:43,1782,"(28, 28)","(8,)",20,0.000208,2989.773,2989.836,0.062,0.002991,0.059814,0.001526
2026-06-11T16:23:43,1783,"(28, 28)","(8,)",20,0.000208,2989.836,2989.898,0.062,0.002991,0.059814,0.001526
2026-06-11T16:23:43,1784,"(28, 28)","(8,)",20,0.000197,2989.898,2989.961,0.062,0.002991,0.059814,0.001526
2026-06-11T16:23:43,1785,"(28, 28)","(8,)",20,0.000241,2989.961,2990.023,0.062,0.002991,0.059814,0.001526
2026-06-11T16:23:43,1786,"(28, 28)","(8,)",20,0.000234,2990.023,2990.086,0.062,0.002991,0.059814,0.001526
2026-06-11T16:23:43,1787,"(28, 28)","(8,)",20,0.000229,2990.086,2990.148,0.062,0.002991,0.059814,0.001526
2026-06-11T16:23:43,1788,"(28, 28)","(8,)",20,0.000238,2990.148,2990.211,0.062,0.002991,0.059814,0.001526
2026-06-11T16:23:43,1789,"(28, 28)","(8,)",20,0.000231,2990.238,2990.297,0.059,0.002991,0.059814,0.001526
2026-06-11T16:23:43,1790,"(28, 28)","(8,)",20,0.000228,2990.297,2990.359,0.062,0.002991,0.059814,0.001526
2026-06-11T16:23:43,1791,"(28, 28)","(8,)",20,0.000206,2990.359,2990.418,0.059,0.002991,0.059814,0.001526
2026-06-11T16:23:43,1792,"(28, 28)","(8,)",20,0.000214,2990.418,2990.477,0.059,0.002991,0.059814,0.001526
2026-06-11T16:23:43,1793,"(28, 28)","(8,)",20,0.000207,2990.477,2990.539,0.062,0.002991,0.059814,0.001526
2026-06-11T16:23:43,1794,"(28, 28)","(8,)",20,0.000256,2990.539,2990.598,0.059,0.002991,0.059814,0.001526
2026-06-11T16:23:43,1795,"(28, 28)","(8,)",20,0.000215,2990.598,2990.656,0.059,0.002991,0.059814,0.001526
2026-06-11T16:23:43,1796,"(28, 28)","(8,)",20,0.000212,2990.656,2990.719,0.062,0.002991,0.059814,0.001526
2026-06-11T16:23:43,1797,"(28, 28)","(8,)",20,0.000166,2990.719,2990.777,0.059,0.002991,0.059814,0.001526
2026-06-11T16:23:43,1798,"(28, 28)","(8,)",20,0.00016,2990.777,2990.836,0.059,0.002991,0.059814,0.001526
2026-06-11T16:23:43,1799,"(28, 28)","(8,)",20,0.000158,2990.836,2990.898,0.062,0.002991,0.059814,0.001526
2026-06-11T16:23:43,1800,"(28, 28)","(8,)",20,0.000159,2990.898,2990.957,0.059,0.002991,0.059814,0.001526
2026-06-11T16:23:43,1801,"(28, 28)","(8,)",20,0.000166,2990.957,2991.016,0.059,0.002991,0.059814,0.001526
2026-06-11T16:23:43,1802,"(28, 28)","(8,)",20,0.000161,2991.016,2991.082,0.066,0.002991,0.059814,0.001526
2026-06-11T16:23:43,1803,"(28, 28)","(8,)",20,0.000157,2991.082,2991.141,0.059,0.002991,0.059814,0.001526
2026-06-11T16:23:43,1804,"(28, 28)","(8,)",20,0.000163,2991.141,2991.203,0.062,0.002991,0.059814,0.001526
2026-06-11T16:23:43,1805,"(28, 28)","(8,)",20,0.000173,2991.203,2991.266,0.062,0.002991,0.059814,0.001526
2026-06-11T16:23:43,1806,"(28, 28)","(8,)",20,0.000157,2991.266,2991.324,0.059,0.002991,0.059814,0.001526
2026-06-11T16:23:43,1807,"(28, 28)","(8,)",20,0.00016,2991.324,2991.387,0.062,0.002991,0.059814,0.001526
2026-06-11T16:23:43,1808,"(28, 28)","(8,)",20,0.000164,2991.387,2991.453,0.066,0.002991,0.059814,0.001526
2026-06-11T16:23:43,1809,"(28, 28)","(8,)",20,0.000164,2991.453,2991.516,0.062,0.002991,0.059814,0.001526
2026-06-11T16:23:43,1810,"(28, 28)","(8,)",20,0.000156,2991.516,2991.578,0.062,0.002991,0.059814,0.001526
2026-06-11T16:23:43,1811,"(28, 28)","(8,)",20,0.000157,2991.578,2991.641,0.062,0.002991,0.059814,0.001526
2026-06-11T16:23:43,1812,"(28, 28)","(8,)",20,0.000159,2991.641,2991.703,0.062,0.002991,0.059814,0.001526
2026-06-11T16:23:43,1813,"(28, 28)","(8,)",20,0.00016,2991.703,2991.766,0.062,0.002991,0.059814,0.001526
2026-06-11T16:23:43,1814,"(28, 28)","(8,)",20,0.000157,2991.766,2991.828,0.062,0.002991,0.059814,0.001526
2026-06-11T16:23:43,1815,"(28, 28)","(8,)",20,0.000157,2991.828,2991.891,0.062,0.002991,0.059814,0.001526
2026-06-11T16:23:43,1816,"(28, 28)","(8,)",20,0.000161,2991.891,2991.953,0.062,0.002991,0.059814,0.001526
2026-06-11T16:23:43,1817,"(28, 28)","(8,)",20,0.00016,2991.953,2992.016,0.062,0.002991,0.059814,0.001526
2026-06-11T16:23:43,1818,"(28, 28)","(8,)",20,0.000161,2992.016,2992.078,0.062,0.002991,0.059814,0.001526
2026-06-11T16:23:43,1819,"(28, 28)","(8,)",20,0.000159,2992.078,2992.141,0.062,0.002991,0.059814,0.001526
2026-06-11T16:23:43,1820,"(28, 28)","(8,)",20,0.000165,2992.145,2992.207,0.062,0.002991,0.059814,0.001526
2026-06-11T16:23:43,1821,"(28, 28)","(8,)",20,0.000155,2992.207,2992.27,0.062,0.002991,0.059814,0.001526
2026-06-11T16:23:43,1822,"(28, 28)","(8,)",20,0.000161,2992.27,2992.332,0.062,0.002991,0.059814,0.001526
2026-06-11T16:23:43,1823,"(28, 28)","(8,)",20,0.000158,2992.332,2992.395,0.062,0.002991,0.059814,0.001526
2026-06-11T16:23:43,1824,"(28, 28)","(8,)",20,0.000162,2992.395,2992.457,0.062,0.002991,0.059814,0.001526
2026-06-11T16:23:43,1825,"(28, 28)","(8,)",20,0.000174,2992.457,2992.52,0.062,0.002991,0.059814,0.001526
2026-06-11T16:23:43,1826,"(28, 28)","(8,)",20,0.000182,2992.52,2992.582,0.062,0.002991,0.059814,0.001526
2026-06-11T16:23:43,1827,"(28, 28)","(8,)",20,0.000171,2992.582,2992.645,0.062,0.002991,0.059814,0.001526
2026-06-11T16:23:43,1828,"(28, 28)","(8,)",20,0.000176,2992.645,2992.707,0.062,0.002991,0.059814,0.001526
2026-06-11T16:23:43,1829,"(28, 28)","(8,)",20,0.000183,2992.707,2992.77,0.062,0.002991,0.059814,0.001526
2026-06-11T16:23:43,1830,"(28, 28)","(8,)",20,0.00019,2992.77,2992.832,0.062,0.002991,0.059814,0.001526
2026-06-11T16:23:43,1831,"(28, 28)","(8,)",20,0.000177,2992.832,2992.898,0.066,0.002991,0.059814,0.001526
2026-06-11T16:23:43,1832,"(28, 28)","(8,)",20,0.000179,2992.898,2992.961,0.062,0.002991,0.059814,0.001526
2026-06-11T16:23:43,1833,"(28, 28)","(8,)",20,0.000179,2992.961,2993.023,0.062,0.002991,0.059814,0.001526
2026-06-11T16:23:43,1834,"(28, 28)","(8,)",20,0.000184,2993.023,2993.086,0.062,0.002991,0.059814,0.001526
2026-06-11T16:23:43,1835,"(28, 28)","(8,)",20,0.000177,2993.086,2993.148,0.062,0.002991,0.059814,0.001526
2026-06-11T16:23:43,1836,"(28, 28)","(8,)",20,0.000222,2993.148,2993.211,0.062,0.002991,0.059814,0.001526
2026-06-11T16:23:43,1837,"(28, 28)","(8,)",20,0.000172,2993.211,2993.273,0.062,0.002991,0.059814,0.001526
2026-06-11T16:23:43,1838,"(28, 28)","(8,)",20,0.000168,2993.273,2993.336,0.062,0.002991,0.059814,0.001526
2026-06-11T16:23:43,1839,"(28, 28)","(8,)",20,0.000167,2993.336,2993.398,0.062,0.002991,0.059814,0.001526
2026-06-11T16:23:43,1840,"(28, 28)","(8,)",20,0.000161,2993.398,2993.461,0.062,0.002991,0.059814,0.001526
2026-06-11T16:23:43,1841,"(28, 28)","(8,)",20,0.000185,2993.461,2993.523,0.062,0.002991,0.059814,0.001526
2026-06-11T16:23:43,1842,"(28, 28)","(8,)",20,0.000171,2993.523,2993.586,0.062,0.002991,0.059814,0.001526
2026-06-11T16:23:43,1843,"(28, 28)","(8,)",20,0.000172,2993.586,2993.652,0.066,0.002991,0.059814,0.001526
2026-06-11T16:23:43,1844,"(28, 28)","(8,)",20,0.000163,2993.652,2993.715,0.062,0.002991,0.059814,0.001526
2026-06-11T16:23:43,1845,"(28, 28)","(8,)",20,0.000184,2993.715,2993.777,0.062,0.002991,0.059814,0.001526
2026-06-11T16:23:43,1846,"(28, 28)","(8,)",20,0.000161,2993.777,2993.84,0.062,0.002991,0.059814,0.001526
2026-06-11T16:23:43,1847,"(28, 28)","(8,)",20,0.000161,2993.84,2993.902,0.062,0.002991,0.059814,0.001526
2026-06-11T16:23:43,1848,"(28, 28)","(8,)",20,0.000157,2993.902,2993.965,0.062,0.002991,0.059814,0.001526
2026-06-11T16:23:43,1849,"(28, 28)","(8,)",20,0.00017,2993.965,2994.027,0.062,0.002991,0.059814,0.001526
2026-06-11T16:23:43,1850,"(28, 28)","(8,)",20,0.00016,2994.027,2994.09,0.062,0.002991,0.059814,0.001526
2026-06-11T16:23:43,1851,"(28, 28)","(8,)",20,0.000185,2994.09,2994.152,0.062,0.002991,0.059814,0.001526
2026-06-11T16:23:43,1852,"(28, 28)","(8,)",20,0.000158,2994.152,2994.215,0.062,0.002991,0.059814,0.001526
2026-06-11T16:23:43,1853,"(28, 28)","(8,)",20,0.000173,2994.215,2994.277,0.062,0.002991,0.059814,0.001526
2026-06-11T16:23:43,1854,"(28, 28)","(8,)",20,0.000162,2994.277,2994.344,0.066,0.002991,0.059814,0.001526
2026-06-11T16:23:43,1855,"(28, 28)","(8,)",20,0.000162,2994.344,2994.406,0.062,0.002991,0.059814,0.001526
2026-06-11T16:23:43,1856,"(28, 28)","(8,)",20,0.000156,2994.406,2994.469,0.062,0.002991,0.059814,0.001526
2026-06-11T16:23:43,1857,"(28, 28)","(8,)",20,0.000175,2994.469,2994.531,0.062,0.002991,0.059814,0.001526
2026-06-11T16:23:43,1858,"(28, 28)","(8,)",20,0.000162,2994.531,2994.594,0.062,0.002991,0.059814,0.001526
2026-06-11T16:23:43,1859,"(28, 28)","(8,)",20,0.000167,2994.594,2994.656,0.062,0.002991,0.059814,0.001526
2026-06-11T16:23:43,1860,"(28, 28)","(8,)",20,0.000158,2994.656,2994.719,0.062,0.002991,0.059814,0.001526
2026-06-11T16:23:43,1861,"(28, 28)","(8,)",20,0.000165,2994.719,2994.781,0.062,0.002991,0.059814,0.001526
2026-06-11T16:23:43,1862,"(28, 28)","(8,)",20,0.000158,2994.781,2994.844,0.062,0.002991,0.059814,0.001526
2026-06-11T16:23:43,1863,"(28, 28)","(8,)",20,0.000159,2994.844,2994.906,0.062,0.002991,0.059814,0.001526
2026-06-11T16:23:43,1864,"(28, 28)","(8,)",20,0.000158,2994.906,2994.969,0.062,0.002991,0.059814,0.001526
2026-06-11T16:23:43,1865,"(28, 28)","(8,)",20,0.000163,2994.969,2995.031,0.062,0.002991,0.059814,0.001526
2026-06-11T16:23:43,1866,"(28, 28)","(8,)",20,0.000165,2995.031,2995.098,0.066,0.002991,0.059814,0.001526
2026-06-11T16:23:43,1867,"(28, 28)","(8,)",20,0.000162,2995.098,2995.16,0.062,0.002991,0.059814,0.001526
2026-06-11T16:23:43,1868,"(28, 28)","(8,)",20,0.000156,2995.16,2995.223,0.062,0.002991,0.059814,0.001526
2026-06-11T16:23:43,1869,"(28, 28)","(8,)",20,0.000165,2995.223,2995.285,0.062,0.002991,0.059814,0.001526
2026-06-11T16:23:43,1870,"(28, 28)","(8,)",20,0.000159,2995.285,2995.348,0.062,0.002991,0.059814,0.001526
2026-06-11T16:23:43,1871,"(28, 28)","(8,)",20,0.000166,2995.348,2995.41,0.062,0.002991,0.059814,0.001526
2026-06-11T16:23:43,1872,"(28, 28)","(8,)",20,0.000161,2995.41,2995.473,0.062,0.002991,0.059814,0.001526
2026-06-11T16:23:43,1873,"(28, 28)","(8,)",20,0.000187,2995.473,2995.535,0.062,0.002991,0.059814,0.001526
2026-06-11T16:23:43,1874,"(28, 28)","(8,)",20,0.000215,2995.535,2995.598,0.062,0.002991,0.059814,0.001526
2026-06-11T16:23:43,1875,"(28, 28)","(8,)",20,0.000162,2995.598,2995.66,0.062,0.002991,0.059814,0.001526
2026-06-11T16:23:43,1876,"(28, 28)","(8,)",20,0.000159,2995.66,2995.723,0.062,0.002991,0.059814,0.001526
2026-06-11T16:23:43,1877,"(28, 28)","(8,)",20,0.000168,2995.723,2995.785,0.062,0.002991,0.059814,0.001526
2026-06-11T16:23:43,1878,"(28, 28)","(8,)",20,0.000169,2995.785,2995.852,0.066,0.002991,0.059814,0.001526
2026-06-11T16:23:43,1879,"(28, 28)","(8,)",20,0.000159,2995.852,2995.914,0.062,0.002991,0.059814,0.001526
2026-06-11T16:23:43,1880,"(28, 28)","(8,)",20,0.000154,2995.914,2995.977,0.062,0.002991,0.059814,0.001526
2026-06-11T16:23:43,1881,"(28, 28)","(8,)",20,0.000166,2995.977,2996.039,0.062,0.002991,0.059814,0.001526
2026-06-11T16:23:43,1882,"(28, 28)","(8,)",20,0.000157,2996.039,2996.102,0.062,0.002991,0.059814,0.001526
2026-06-11T16:23:43,1883,"(28, 28)","(8,)",20,0.000168,2996.102,2996.164,0.062,0.002991,0.059814,0.001526
2026-06-11T16:23:43,1884,"(28, 28)","(8,)",20,0.000157,2996.164,2996.227,0.062,0.002991,0.059814,0.001526
2026-06-11T16:23:43,1885,"(28, 28)","(8,)",20,0.000165,2996.227,2996.289,0.062,0.002991,0.059814,0.001526
2026-06-11T16:23:43,1886,"(28, 28)","(8,)",20,0.000158,2996.289,2996.352,0.062,0.002991,0.059814,0.001526
2026-06-11T16:23:43,1887,"(28, 28)","(8,)",20,0.000156,2996.352,2996.414,0.062,0.002991,0.059814,0.001526
2026-06-11T16:23:43,1888,"(28, 28)","(8,)",20,0.00016,2996.414,2996.477,0.062,0.002991,0.059814,0.001526
2026-06-11T16:23:43,1889,"(28, 28)","(8,)",20,0.000172,2996.477,2996.543,0.066,0.002991,0.059814,0.001526
2026-06-11T16:23:43,1890,"(28, 28)","(8,)",20,0.000161,2996.543,2996.605,0.062,0.002991,0.059814,0.001526
2026-06-11T16:23:43,1891,"(28, 28)","(8,)",20,0.000155,2996.605,2996.668,0.062,0.002991,0.059814,0.001526
2026-06-11T16:23:43,1892,"(28, 28)","(8,)",20,0.000157,2996.668,2996.73,0.062,0.002991,0.059814,0.001526
2026-06-11T16:23:43,1893,"(28, 28)","(8,)",20,0.000155,2996.73,2996.793,0.062,0.002991,0.059814,0.001526
2026-06-11T16:23:43,1894,"(28, 28)","(8,)",20,0.000161,2996.793,2996.855,0.062,0.002991,0.059814,0.001526
2026-06-11T16:23:43,1895,"(28, 28)","(8,)",20,0.000161,2996.855,2996.918,0.062,0.002991,0.059814,0.001526
2026-06-11T16:23:43,1896,"(28, 28)","(8,)",20,0.000158,2996.918,2996.98,0.062,0.002991,0.059814,0.001526
2026-06-11T16:23:43,1897,"(28, 28)","(8,)",20,0.000158,2996.98,2997.043,0.062,0.002991,0.059814,0.001526
2026-06-11T16:23:43,1898,"(28, 28)","(8,)",20,0.00016,2997.043,2997.105,0.062,0.002991,0.059814,0.001526
2026-06-11T16:23:43,1899,"(28, 28)","(8,)",20,0.000157,2997.105,2997.168,0.062,0.002991,0.059814,0.001526
2026-06-11T16:23:43,1900,"(28, 28)","(8,)",20,0.000163,2997.168,2997.23,0.062,0.002991,0.059814,0.001526
2026-06-11T16:23:43,1901,"(28, 28)","(8,)",20,0.000159,2997.23,2997.297,0.066,0.002991,0.059814,0.001526
2026-06-11T16:23:43,1902,"(28, 28)","(8,)",20,0.000164,2997.297,2997.359,0.062,0.002991,0.059814,0.001526
2026-06-11T16:23:43,1903,"(28, 28)","(8,)",20,0.000154,2997.359,2997.422,0.062,0.002991,0.059814,0.001526
2026-06-11T16:23:43,1904,"(28, 28)","(8,)",20,0.000154,2997.422,2997.484,0.062,0.002991,0.059814,0.001526
2026-06-11T16:23:43,1905,"(28, 28)","(8,)",20,0.000161,2997.484,2997.547,0.062,0.002991,0.059814,0.001526
2026-06-11T16:23:43,1906,"(28, 28)","(8,)",20,0.000174,2997.547,2997.609,0.062,0.002991,0.059814,0.001526
2026-06-11T16:23:43,1907,"(28, 28)","(8,)",20,0.00016,2997.609,2997.672,0.062,0.002991,0.059814,0.001526
2026-06-11T16:23:43,1908,"(28, 28)","(8,)",20,0.000158,2997.672,2997.734,0.062,0.002991,0.059814,0.001526
2026-06-11T16:23:43,1909,"(28, 28)","(8,)",20,0.000158,2997.734,2997.797,0.062,0.002991,0.059814,0.001526
2026-06-11T16:23:43,1910,"(28, 28)","(8,)",20,0.000171,2997.797,2997.859,0.062,0.002991,0.059814,0.001526
2026-06-11T16:23:43,1911,"(28, 28)","(8,)",20,0.000159,2997.859,2997.922,0.062,0.002991,0.059814,0.001526
2026-06-11T16:23:43,1912,"(28, 28)","(8,)",20,0.00016,2997.922,2997.984,0.062,0.002991,0.059814,0.001526
2026-06-11T16:23:43,1913,"(28, 28)","(8,)",20,0.000157,2997.988,2998.051,0.062,0.002991,0.059814,0.001526
2026-06-11T16:23:43,1914,"(28, 28)","(8,)",20,0.000162,2998.051,2998.113,0.062,0.002991,0.059814,0.001526
2026-06-11T16:23:43,1915,"(28, 28)","(8,)",20,0.000155,2998.113,2998.176,0.062,0.002991,0.059814,0.001526
2026-06-11T16:23:43,1916,"(28, 28)","(8,)",20,0.00016,2998.176,2998.238,0.062,0.002991,0.059814,0.001526
2026-06-11T16:23:43,1917,"(28, 28)","(8,)",20,0.000157,2998.238,2998.301,0.062,0.002991,0.059814,0.001526
2026-06-11T16:23:43,1918,"(28, 28)","(8,)",20,0.000162,2998.301,2998.363,0.062,0.002991,0.059814,0.001526
2026-06-11T16:23:43,1919,"(28, 28)","(8,)",20,0.000159,2998.363,2998.426,0.062,0.002991,0.059814,0.001526
2026-06-11T16:23:43,1920,"(28, 28)","(8,)",20,0.000159,2998.426,2998.488,0.062,0.002991,0.059814,0.001526
2026-06-11T16:23:43,1921,"(28, 28)","(8,)",20,0.000158,2998.488,2998.551,0.062,0.002991,0.059814,0.001526
2026-06-11T16:23:43,1922,"(28, 28)","(8,)",20,0.000161,2998.551,2998.613,0.062,0.002991,0.059814,0.001526
2026-06-11T16:23:43,1923,"(28, 28)","(8,)",20,0.000165,2998.613,2998.676,0.062,0.002991,0.059814,0.001526
2026-06-11T16:23:43,1924,"(28, 28)","(8,)",20,0.000159,2998.676,2998.742,0.066,0.002991,0.059814,0.001526
2026-06-11T16:23:43,1925,"(28, 28)","(8,)",20,0.000156,2998.742,2998.805,0.062,0.002991,0.059814,0.001526
2026-06-11T16:23:43,1926,"(28, 28)","(8,)",20,0.000161,2998.805,2998.867,0.062,0.002991,0.059814,0.001526
2026-06-11T16:23:43,1927,"(28, 28)","(8,)",20,0.000171,2998.867,2998.93,0.062,0.002991,0.059814,0.001526
2026-06-11T16:23:43,1928,"(28, 28)","(8,)",20,0.000159,2998.93,2998.992,0.062,0.002991,0.059814,0.001526
2026-06-11T16:23:43,1929,"(28, 28)","(8,)",20,0.00016,2998.992,2999.055,0.062,0.002991,0.059814,0.001526
2026-06-11T16:23:43,1930,"(28, 28)","(8,)",20,0.000157,2999.055,2999.117,0.062,0.002991,0.059814,0.001526
2026-06-11T16:23:43,1931,"(28, 28)","(8,)",20,0.000165,2999.117,2999.18,0.062,0.002991,0.059814,0.001526
2026-06-11T16:23:43,1932,"(28, 28)","(8,)",20,0.000159,2999.18,2999.242,0.062,0.002991,0.059814,0.001526
2026-06-11T16:23:43,1933,"(28, 28)","(8,)",20,0.00016,2999.242,2999.305,0.062,0.002991,0.059814,0.001526
2026-06-11T16:23:43,1934,"(28, 28)","(8,)",20,0.000162,2999.305,2999.367,0.062,0.002991,0.059814,0.001526
2026-06-11T16:23:43,1935,"(28, 28)","(8,)",20,0.000161,2999.367,2999.43,0.062,0.002991,0.059814,0.001526
2026-06-11T16:23:43,1936,"(28, 28)","(8,)",20,0.00016,2999.43,2999.496,0.066,0.002991,0.059814,0.001526
2026-06-11T16:23:43,1937,"(28, 28)","(8,)",20,0.000161,2999.496,2999.559,0.062,0.002991,0.059814,0.001526
2026-06-11T16:23:43,1938,"(28, 28)","(8,)",20,0.000155,2999.559,2999.621,0.062,0.002991,0.059814,0.001526
2026-06-11T16:23:43,1939,"(28, 28)","(8,)",20,0.000156,2999.621,2999.684,0.062,0.002991,0.059814,0.001526
2026-06-11T16:23:43,1940,"(28, 28)","(8,)",20,0.000159,2999.684,2999.746,0.062,0.002991,0.059814,0.001526
2026-06-11T16:23:43,1941,"(28, 28)","(8,)",20,0.000163,2999.746,2999.809,0.062,0.002991,0.059814,0.001526
2026-06-11T16:23:43,1942,"(28, 28)","(8,)",20,0.000156,2999.809,2999.871,0.062,0.002991,0.059814,0.001526
2026-06-11T16:23:43,1943,"(28, 28)","(8,)",20,0.000159,2999.871,2999.934,0.062,0.002991,0.059814,0.001526
2026-06-11T16:23:43,1944,"(28, 28)","(8,)",20,0.000159,2999.934,2999.996,0.062,0.002991,0.059814,0.001526
2026-06-11T16:23:43,1945,"(28, 28)","(8,)",20,0.000159,2999.996,3000.059,0.062,0.002991,0.059814,0.001526
2026-06-11T16:23:43,1946,"(28, 28)","(8,)",20,0.00016,3000.059,3000.121,0.062,0.002991,0.059814,0.001526
2026-06-11T16:23:43,1947,"(28, 28)","(8,)",20,0.000158,3000.121,3000.184,0.062,0.002991,0.059814,0.001526
2026-06-11T16:23:43,1948,"(28, 28)","(8,)",20,0.000177,3000.188,3000.25,0.062,0.002991,0.059814,0.001526
2026-06-11T16:23:43,1949,"(28, 28)","(8,)",20,0.000159,3000.25,3000.312,0.062,0.002991,0.059814,0.001526
2026-06-11T16:23:43,1950,"(28, 28)","(8,)",20,0.000155,3000.312,3000.375,0.062,0.002991,0.059814,0.001526
2026-06-11T16:23:43,1951,"(28, 28)","(8,)",20,0.000159,3000.375,3000.438,0.062,0.002991,0.059814,0.001526
2026-06-11T16:23:43,1952,"(28, 28)","(8,)",20,0.000174,3000.438,3000.5,0.062,0.002991,0.059814,0.001526
2026-06-11T16:23:43,1953,"(28, 28)","(8,)",20,0.000164,3000.5,3000.562,0.062,0.002991,0.059814,0.001526
2026-06-11T16:23:43,1954,"(28, 28)","(8,)",20,0.000168,3000.562,3000.625,0.062,0.002991,0.059814,0.001526
2026-06-11T16:23:43,1955,"(28, 28)","(8,)",20,0.000164,3000.625,3000.688,0.062,0.002991,0.059814,0.001526
2026-06-11T16:23:43,1956,"(28, 28)","(8,)",20,0.000168,3000.688,3000.75,0.062,0.002991,0.059814,0.001526
2026-06-11T16:23:43,1957,"(28, 28)","(8,)",20,0.000175,3000.75,3000.812,0.062,0.002991,0.059814,0.001526
2026-06-11T16:23:43,1958,"(28, 28)","(8,)",20,0.000166,3000.812,3000.875,0.062,0.002991,0.059814,0.001526
2026-06-11T16:23:43,1959,"(28, 28)","(8,)",20,0.000164,3000.875,3000.941,0.066,0.002991,0.059814,0.001526
2026-06-11T16:23:43,1960,"(28, 28)","(8,)",20,0.000165,3000.941,3001.004,0.062,0.002991,0.059814,0.001526
2026-06-11T16:23:43,1961,"(28, 28)","(8,)",20,0.000167,3001.004,3001.066,0.062,0.002991,0.059814,0.001526
2026-06-11T16:23:43,1962,"(28, 28)","(8,)",20,0.000158,3001.066,3001.129,0.062,0.002991,0.059814,0.001526
2026-06-11T16:23:43,1963,"(28, 28)","(8,)",20,0.000159,3001.129,3001.191,0.062,0.002991,0.059814,0.001526
2026-06-11T16:23:43,1964,"(28, 28)","(8,)",20,0.000159,3001.191,3001.254,0.062,0.002991,0.059814,0.001526
2026-06-11T16:23:43,1965,"(28, 28)","(8,)",20,0.000167,3001.254,3001.316,0.062,0.002991,0.059814,0.001526
2026-06-11T16:23:43,1966,"(28, 28)","(8,)",20,0.00016,3001.316,3001.379,0.062,0.002991,0.059814,0.001526
2026-06-11T16:23:43,1967,"(28, 28)","(8,)",20,0.000161,3001.379,3001.441,0.062,0.002991,0.059814,0.001526
2026-06-11T16:23:43,1968,"(28, 28)","(8,)",20,0.000161,3001.441,3001.504,0.062,0.002991,0.059814,0.001526
2026-06-11T16:23:43,1969,"(28, 28)","(8,)",20,0.000168,3001.504,3001.566,0.062,0.002991,0.059814,0.001526
2026-06-11T16:23:43,1970,"(28, 28)","(8,)",20,0.000162,3001.566,3001.629,0.062,0.002991,0.059814,0.001526
2026-06-11T16:23:43,1971,"(28, 28)","(8,)",20,0.000161,3001.629,3001.695,0.066,0.002991,0.059814,0.001526
2026-06-11T16:23:43,1972,"(28, 28)","(8,)",20,0.000169,3001.695,3001.758,0.062,0.002991,0.059814,0.001526
2026-06-11T16:23:43,1973,"(28, 28)","(8,)",20,0.000164,3001.758,3001.82,0.062,0.002991,0.059814,0.001526
2026-06-11T16:23:43,1974,"(28, 28)","(8,)",20,0.00016,3001.82,3001.883,0.062,0.002991,0.059814,0.001526
2026-06-11T16:23:43,1975,"(28, 28)","(8,)",20,0.000158,3001.883,3001.945,0.062,0.002991,0.059814,0.001526
2026-06-11T16:23:43,1976,"(28, 28)","(8,)",20,0.000166,3001.945,3002.008,0.062,0.002991,0.059814,0.001526
2026-06-11T16:23:43,1977,"(28, 28)","(8,)",20,0.000164,3002.008,3002.07,0.062,0.002991,0.059814,0.001526
2026-06-11T16:23:43,1978,"(28, 28)","(8,)",20,0.000166,3002.07,3002.133,0.062,0.002991,0.059814,0.001526
2026-06-11T16:23:43,1979,"(28, 28)","(8,)",20,0.000163,3002.133,3002.195,0.062,0.002991,0.059814,0.001526
2026-06-11T16:23:43,1980,"(28, 28)","(8,)",20,0.000178,3002.195,3002.258,0.062,0.002991,0.059814,0.001526
2026-06-11T16:23:43,1981,"(28, 28)","(8,)",20,0.000159,3002.258,3002.32,0.062,0.002991,0.059814,0.001526
2026-06-11T16:23:43,1982,"(28, 28)","(8,)",20,0.00016,3002.32,3002.387,0.066,0.002991,0.059814,0.001526
2026-06-11T16:23:43,1983,"(28, 28)","(8,)",20,0.000156,3002.387,3002.449,0.062,0.002991,0.059814,0.001526
2026-06-11T16:23:43,1984,"(28, 28)","(8,)",20,0.00016,3002.449,3002.512,0.062,0.002991,0.059814,0.001526
2026-06-11T16:23:43,1985,"(28, 28)","(8,)",20,0.000159,3002.512,3002.574,0.062,0.002991,0.059814,0.001526
2026-06-11T16:23:43,1986,"(28, 28)","(8,)",20,0.000158,3002.574,3002.637,0.062,0.002991,0.059814,0.001526
2026-06-11T16:23:43,1987,"(28, 28)","(8,)",20,0.000162,3002.637,3002.699,0.062,0.002991,0.059814,0.001526
2026-06-11T16:23:43,1988,"(28, 28)","(8,)",20,0.000162,3002.699,3002.762,0.062,0.002991,0.059814,0.001526
2026-06-11T16:23:43,1989,"(28, 28)","(8,)",20,0.000161,3002.762,3002.824,0.062,0.002991,0.059814,0.001526
2026-06-11T16:23:43,1990,"(28, 28)","(8,)",20,0.00016,3002.824,3002.887,0.062,0.002991,0.059814,0.001526
2026-06-11T16:23:43,1991,"(28, 28)","(8,)",20,0.000161,3002.887,3002.949,0.062,0.002991,0.059814,0.001526
2026-06-11T16:23:43,1992,"(28, 28)","(8,)",20,0.000166,3002.949,3003.012,0.062,0.002991,0.059814,0.001526
2026-06-11T16:23:43,1993,"(28, 28)","(8,)",20,0.00016,3003.012,3003.074,0.062,0.002991,0.059814,0.001526
2026-06-11T16:23:43,1994,"(28, 28)","(8,)",20,0.000164,3003.074,3003.141,0.066,0.002991,0.059814,0.001526
2026-06-11T16:23:43,1995,"(28, 28)","(8,)",20,0.000157,3003.141,3003.203,0.062,0.002991,0.059814,0.001526
2026-06-11T16:23:43,1996,"(28, 28)","(8,)",20,0.000163,3003.203,3003.266,0.062,0.002991,0.059814,0.001526
2026-06-11T16:23:43,1997,"(28, 28)","(8,)",20,0.000157,3003.266,3003.328,0.062,0.002991,0.059814,0.001526
2026-06-11T16:23:43,1998,"(28, 28)","(8,)",20,0.000158,3003.328,3003.391,0.062,0.002991,0.059814,0.001526
2026-06-11T16:23:43,1999,"(28, 28)","(8,)",20,0.000161,3003.391,3003.453,0.062,0.002991,0.059814,0.001526
2026-06-11T16:23:43,2000,"(28, 28)","(8,)",20,0.000169,3003.453,3003.516,0.062,0.002991,0.059814,0.001526
2026-06-11T16:23:43,2001,"(28, 28)","(8,)",20,0.000158,3003.516,3003.578,0.062,0.002991,0.059814,0.001526
2026-06-11T16:23:43,2002,"(28, 28)","(8,)",20,0.000161,3003.578,3003.641,0.062,0.002991,0.059814,0.001526
2026-06-11T16:23:43,2003,"(28, 28)","(8,)",20,0.000159,3003.641,3003.703,0.062,0.002991,0.059814,0.001526
2026-06-11T16:23:43,2004,"(28, 28)","(8,)",20,0.000176,3003.703,3003.766,0.062,0.002991,0.059814,0.001526
2026-06-11T16:23:43,2005,"(28, 28)","(8,)",20,0.00016,3003.766,3003.828,0.062,0.002991,0.059814,0.001526
2026-06-11T16:23:43,2006,"(28, 28)","(8,)",20,0.000164,3003.828,3003.895,0.066,0.002991,0.059814,0.001526
2026-06-11T16:23:43,2007,"(28, 28)","(8,)",20,0.000159,3003.895,3003.957,0.062,0.002991,0.059814,0.001526
2026-06-11T16:23:43,2008,"(28, 28)","(8,)",20,0.000177,3003.957,3004.02,0.062,0.002991,0.059814,0.001526
2026-06-11T16:23:43,2009,"(28, 28)","(8,)",20,0.000165,3004.02,3004.082,0.062,0.002991,0.059814,0.001526
2026-06-11T16:23:43,2010,"(28, 28)","(8,)",20,0.000161,3004.082,3004.145,0.062,0.002991,0.059814,0.001526
2026-06-11T16:23:43,2011,"(28, 28)","(8,)",20,0.00016,3004.145,3004.207,0.062,0.002991,0.059814,0.001526
2026-06-11T16:23:43,2012,"(28, 28)","(8,)",20,0.000174,3004.207,3004.27,0.062,0.002991,0.059814,0.001526
2026-06-11T16:23:43,2013,"(28, 28)","(8,)",20,0.000159,3004.27,3004.332,0.062,0.002991,0.059814,0.001526
2026-06-11T16:23:43,2014,"(28, 28)","(8,)",20,0.00016,3004.332,3004.395,0.062,0.002991,0.059814,0.001526
2026-06-11T16:23:43,2015,"(28, 28)","(8,)",20,0.000158,3004.395,3004.457,0.062,0.002991,0.059814,0.001526
2026-06-11T16:23:43,2016,"(28, 28)","(8,)",20,0.000168,3004.457,3004.52,0.062,0.002991,0.059814,0.001526
2026-06-11T16:23:43,2017,"(28, 28)","(8,)",20,0.000161,3004.551,3004.613,0.062,0.002991,0.059814,0.001526
2026-06-11T16:23:43,2018,"(28, 28)","(8,)",20,0.000163,3004.613,3004.672,0.059,0.002991,0.059814,0.001526
2026-06-11T16:23:43,2019,"(28, 28)","(8,)",20,0.000161,3004.672,3004.73,0.059,0.002991,0.059814,0.001526
2026-06-11T16:23:43,2020,"(28, 28)","(8,)",20,0.000162,3004.73,3004.793,0.062,0.002991,0.059814,0.001526
2026-06-11T16:23:43,2021,"(28, 28)","(8,)",20,0.000161,3004.793,3004.852,0.059,0.002991,0.059814,0.001526
2026-06-11T16:23:43,2022,"(28, 28)","(8,)",20,0.00016,3004.852,3004.91,0.059,0.002991,0.059814,0.001526
2026-06-11T16:23:43,2023,"(28, 28)","(8,)",20,0.000163,3004.91,3004.973,0.062,0.002991,0.059814,0.001526
2026-06-11T16:23:43,2024,"(28, 28)","(8,)",20,0.000174,3004.973,3005.031,0.059,0.002991,0.059814,0.001526
2026-06-11T16:23:43,2025,"(28, 28)","(8,)",20,0.00016,3005.031,3005.09,0.059,0.002991,0.059814,0.001526
2026-06-11T16:23:43,2026,"(28, 28)","(8,)",20,0.000158,3005.09,3005.148,0.059,0.002991,0.059814,0.001526
2026-06-11T16:23:43,2027,"(28, 28)","(8,)",20,0.000164,3005.148,3005.211,0.062,0.002991,0.059814,0.001526
2026-06-11T16:23:43,2028,"(28, 28)","(8,)",20,0.000164,3005.211,3005.27,0.059,0.002991,0.059814,0.001526
2026-06-11T16:23:43,2029,"(28, 28)","(8,)",20,0.000157,3005.27,3005.328,0.059,0.002991,0.059814,0.001526
2026-06-11T16:23:43,2030,"(28, 28)","(8,)",20,0.000162,3005.328,3005.391,0.062,0.002991,0.059814,0.001526
2026-06-11T16:23:43,2031,"(28, 28)","(8,)",20,0.000163,3005.391,3005.449,0.059,0.002991,0.059814,0.001526
2026-06-11T16:23:43,2032,"(28, 28)","(8,)",20,0.000159,3005.449,3005.512,0.062,0.002991,0.059814,0.001526
2026-06-11T16:23:43,2033,"(28, 28)","(8,)",20,0.000162,3005.512,3005.574,0.062,0.002991,0.059814,0.001526
2026-06-11T16:23:43,2034,"(28, 28)","(8,)",20,0.000159,3005.574,3005.633,0.059,0.002991,0.059814,0.001526
2026-06-11T16:23:43,2035,"(28, 28)","(8,)",20,0.000163,3005.633,3005.695,0.062,0.002991,0.059814,0.001526
2026-06-11T16:23:43,2036,"(28, 28)","(8,)",20,0.000159,3005.695,3005.758,0.062,0.002991,0.059814,0.001526
2026-06-11T16:23:43,2037,"(28, 28)","(8,)",20,0.000156,3005.758,3005.816,0.059,0.002991,0.059814,0.001526
2026-06-11T16:23:43,2038,"(28, 28)","(8,)",20,0.000159,3005.82,3005.883,0.062,0.002991,0.059814,0.001526
2026-06-11T16:23:43,2039,"(28, 28)","(8,)",20,0.000162,3005.883,3005.945,0.062,0.002991,0.059814,0.001526
2026-06-11T16:23:43,2040,"(28, 28)","(8,)",20,0.000175,3005.945,3006.008,0.062,0.002991,0.059814,0.001526
2026-06-11T16:23:43,2041,"(28, 28)","(8,)",20,0.000163,3006.008,3006.07,0.062,0.002991,0.059814,0.001526
2026-06-11T16:23:43,2042,"(28, 28)","(8,)",20,0.000158,3006.07,3006.133,0.062,0.002991,0.059814,0.001526
2026-06-11T16:23:43,2043,"(28, 28)","(8,)",20,0.000168,3006.133,3006.195,0.062,0.002991,0.059814,0.001526
2026-06-11T16:23:43,2044,"(28, 28)","(8,)",20,0.000165,3006.195,3006.258,0.062,0.002991,0.059814,0.001526
2026-06-11T16:23:43,2045,"(28, 28)","(8,)",20,0.000158,3006.258,3006.32,0.062,0.002991,0.059814,0.001526
2026-06-11T16:23:43,2046,"(28, 28)","(8,)",20,0.000165,3006.32,3006.383,0.062,0.002991,0.059814,0.001526
2026-06-11T16:23:43,2047,"(28, 28)","(8,)",20,0.000171,3006.383,3006.445,0.062,0.002991,0.059814,0.001526
2026-06-11T16:23:43,2048,"(28, 28)","(8,)",20,0.000172,3006.445,3006.508,0.062,0.002991,0.059814,0.001526
2026-06-11T16:23:43,2049,"(28, 28)","(8,)",20,0.000165,3006.508,3006.574,0.066,0.002991,0.059814,0.001526
2026-06-11T16:23:43,2050,"(28, 28)","(8,)",20,0.000168,3006.574,3006.637,0.062,0.002991,0.059814,0.001526
2026-06-11T16:23:43,2051,"(28, 28)","(8,)",20,0.000168,3006.637,3006.699,0.062,0.002991,0.059814,0.001526
2026-06-11T16:23:43,2052,"(28, 28)","(8,)",20,0.000166,3006.699,3006.762,0.062,0.002991,0.059814,0.001526
2026-06-11T16:23:43,2053,"(28, 28)","(8,)",20,0.000165,3006.762,3006.824,0.062,0.002991,0.059814,0.001526
2026-06-11T16:23:43,2054,"(28, 28)","(8,)",20,0.00017,3006.824,3006.887,0.062,0.002991,0.059814,0.001526
2026-06-11T16:23:43,2055,"(28, 28)","(8,)",20,0.000174,3006.887,3006.949,0.062,0.002991,0.059814,0.001526
2026-06-11T16:23:43,2056,"(28, 28)","(8,)",20,0.000173,3006.949,3007.012,0.062,0.002991,0.059814,0.001526
2026-06-11T16:23:43,2057,"(28, 28)","(8,)",20,0.000165,3007.012,3007.074,0.062,0.002991,0.059814,0.001526
2026-06-11T16:23:43,2058,"(28, 28)","(8,)",20,0.000165,3007.074,3007.137,0.062,0.002991,0.059814,0.001526
2026-06-11T16:23:43,2059,"(28, 28)","(8,)",20,0.000169,3007.137,3007.199,0.062,0.002991,0.059814,0.001526
2026-06-11T16:23:43,2060,"(28, 28)","(8,)",20,0.000175,3007.199,3007.262,0.062,0.002991,0.059814,0.001526
2026-06-11T16:23:43,2061,"(28, 28)","(8,)",20,0.00016,3007.262,3007.328,0.066,0.002991,0.059814,0.001526
2026-06-11T16:23:43,2062,"(28, 28)","(8,)",20,0.000161,3007.328,3007.391,0.062,0.002991,0.059814,0.001526
2026-06-11T16:23:43,2063,"(28, 28)","(8,)",20,0.000164,3007.391,3007.453,0.062,0.002991,0.059814,0.001526
2026-06-11T16:23:43,2064,"(28, 28)","(8,)",20,0.000157,3007.453,3007.516,0.062,0.002991,0.059814,0.001526
2026-06-11T16:23:43,2065,"(28, 28)","(8,)",20,0.000158,3007.516,3007.578,0.062,0.002991,0.059814,0.001526
2026-06-11T16:23:43,2066,"(28, 28)","(8,)",20,0.000159,3007.578,3007.641,0.062,0.002991,0.059814,0.001526
2026-06-11T16:23:43,2067,"(28, 28)","(8,)",20,0.000165,3007.641,3007.703,0.062,0.002991,0.059814,0.001526
2026-06-11T16:23:43,2068,"(28, 28)","(8,)",20,0.000157,3007.703,3007.766,0.062,0.002991,0.059814,0.001526
2026-06-11T16:23:43,2069,"(28, 28)","(8,)",20,0.000159,3007.766,3007.828,0.062,0.002991,0.059814,0.001526
2026-06-11T16:23:43,2070,"(28, 28)","(8,)",20,0.000162,3007.828,3007.891,0.062,0.002991,0.059814,0.001526
2026-06-11T16:23:43,2071,"(28, 28)","(8,)",20,0.000164,3007.891,3007.953,0.062,0.002991,0.059814,0.001526
2026-06-11T16:23:43,2072,"(28, 28)","(8,)",20,0.000161,3007.953,3008.02,0.066,0.002991,0.059814,0.001526
2026-06-11T16:23:43,2073,"(28, 28)","(8,)",20,0.000158,3008.02,3008.082,0.062,0.002991,0.059814,0.001526
2026-06-11T16:23:43,2074,"(28, 28)","(8,)",20,0.000159,3008.082,3008.145,0.062,0.002991,0.059814,0.001526
2026-06-11T16:23:43,2075,"(28, 28)","(8,)",20,0.000159,3008.145,3008.207,0.062,0.002991,0.059814,0.001526
2026-06-11T16:23:43,2076,"(28, 28)","(8,)",20,0.000159,3008.207,3008.27,0.062,0.002991,0.059814,0.001526
2026-06-11T16:23:43,2077,"(28, 28)","(8,)",20,0.000162,3008.27,3008.332,0.062,0.002991,0.059814,0.001526
2026-06-11T16:23:43,2078,"(28, 28)","(8,)",20,0.000163,3008.332,3008.395,0.062,0.002991,0.059814,0.001526
2026-06-11T16:23:43,2079,"(28, 28)","(8,)",20,0.000161,3008.395,3008.457,0.062,0.002991,0.059814,0.001526
2026-06-11T16:23:43,2080,"(28, 28)","(8,)",20,0.000159,3008.457,3008.52,0.062,0.002991,0.059814,0.001526
2026-06-11T16:23:43,2081,"(28, 28)","(8,)",20,0.000166,3008.52,3008.582,0.062,0.002991,0.059814,0.001526
2026-06-11T16:23:43,2082,"(28, 28)","(8,)",20,0.000169,3008.582,3008.645,0.062,0.002991,0.059814,0.001526
2026-06-11T16:23:43,2083,"(28, 28)","(8,)",20,0.00016,3008.645,3008.707,0.062,0.002991,0.059814,0.001526
2026-06-11T16:23:43,2084,"(28, 28)","(8,)",20,0.000165,3008.707,3008.773,0.066,0.002991,0.059814,0.001526
2026-06-11T16:23:43,2085,"(28, 28)","(8,)",20,0.000169,3008.773,3008.836,0.062,0.002991,0.059814,0.001526
2026-06-11T16:23:43,2086,"(28, 28)","(8,)",20,0.000161,3008.836,3008.898,0.062,0.002991,0.059814,0.001526
2026-06-11T16:23:43,2087,"(28, 28)","(8,)",20,0.000158,3008.898,3008.961,0.062,0.002991,0.059814,0.001526
2026-06-11T16:23:43,2088,"(28, 28)","(8,)",20,0.000161,3008.961,3009.023,0.062,0.002991,0.059814,0.001526
2026-06-11T16:23:43,2089,"(28, 28)","(8,)",20,0.000176,3009.023,3009.086,0.062,0.002991,0.059814,0.001526
2026-06-11T16:23:43,2090,"(28, 28)","(8,)",20,0.000163,3009.086,3009.148,0.062,0.002991,0.059814,0.001526
2026-06-11T16:23:43,2091,"(28, 28)","(8,)",20,0.000158,3009.148,3009.211,0.062,0.002991,0.059814,0.001526
2026-06-11T16:23:43,2092,"(28, 28)","(8,)",20,0.00016,3009.211,3009.273,0.062,0.002991,0.059814,0.001526
2026-06-11T16:23:43,2093,"(28, 28)","(8,)",20,0.000167,3009.273,3009.336,0.062,0.002991,0.059814,0.001526
2026-06-11T16:23:43,2094,"(28, 28)","(8,)",20,0.000166,3009.336,3009.398,0.062,0.002991,0.059814,0.001526
2026-06-11T16:23:43,2095,"(28, 28)","(8,)",20,0.000159,3009.398,3009.461,0.062,0.002991,0.059814,0.001526
2026-06-11T16:23:43,2096,"(28, 28)","(8,)",20,0.000163,3009.461,3009.527,0.066,0.002991,0.059814,0.001526
2026-06-11T16:23:43,2097,"(28, 28)","(8,)",20,0.00017,3009.527,3009.59,0.062,0.002991,0.059814,0.001526
2026-06-11T16:23:43,2098,"(28, 28)","(8,)",20,0.000173,3009.59,3009.652,0.062,0.002991,0.059814,0.001526
2026-06-11T16:23:43,2099,"(28, 28)","(8,)",20,0.00016,3009.652,3009.715,0.062,0.002991,0.059814,0.001526
2026-06-11T16:23:43,2100,"(28, 28)","(8,)",20,0.000161,3009.715,3009.777,0.062,0.002991,0.059814,0.001526
2026-06-11T16:23:43,2101,"(28, 28)","(8,)",20,0.000169,3009.777,3009.84,0.062,0.002991,0.059814,0.001526
2026-06-11T16:23:43,2102,"(28, 28)","(8,)",20,0.000161,3009.84,3009.902,0.062,0.002991,0.059814,0.001526
2026-06-11T16:23:43,2103,"(28, 28)","(8,)",20,0.000157,3009.902,3009.965,0.062,0.002991,0.059814,0.001526
2026-06-11T16:23:43,2104,"(28, 28)","(8,)",20,0.000157,3009.965,3010.027,0.062,0.002991,0.059814,0.001526
2026-06-11T16:23:43,2105,"(28, 28)","(8,)",20,0.000168,3010.027,3010.09,0.062,0.002991,0.059814,0.001526
2026-06-11T16:23:43,2106,"(28, 28)","(8,)",20,0.000165,3010.09,3010.152,0.062,0.002991,0.059814,0.001526
2026-06-11T16:23:43,2107,"(28, 28)","(8,)",20,0.000157,3010.152,3010.219,0.066,0.002991,0.059814,0.001526
2026-06-11T16:23:43,2108,"(28, 28)","(8,)",20,0.000159,3010.219,3010.281,0.062,0.002991,0.059814,0.001526
2026-06-11T16:23:43,2109,"(28, 28)","(8,)",20,0.00017,3010.281,3010.344,0.062,0.002991,0.059814,0.001526
2026-06-11T16:23:43,2110,"(28, 28)","(8,)",20,0.000161,3010.344,3010.406,0.062,0.002991,0.059814,0.001526
2026-06-11T16:23:43,2111,"(28, 28)","(8,)",20,0.00016,3010.406,3010.469,0.062,0.002991,0.059814,0.001526
2026-06-11T16:23:43,2112,"(28, 28)","(8,)",20,0.000161,3010.469,3010.531,0.062,0.002991,0.059814,0.001526
2026-06-11T16:23:43,2113,"(28, 28)","(8,)",20,0.000172,3010.531,3010.594,0.062,0.002991,0.059814,0.001526
2026-06-11T16:23:43,2114,"(28, 28)","(8,)",20,0.000163,3010.594,3010.656,0.062,0.002991,0.059814,0.001526
2026-06-11T16:23:43,2115,"(28, 28)","(8,)",20,0.000158,3010.656,3010.719,0.062,0.002991,0.059814,0.001526
2026-06-11T16:23:43,2116,"(28, 28)","(8,)",20,0.000159,3010.719,3010.781,0.062,0.002991,0.059814,0.001526
2026-06-11T16:23:43,2117,"(28, 28)","(8,)",20,0.000167,3010.781,3010.844,0.062,0.002991,0.059814,0.001526
2026-06-11T16:23:43,2118,"(28, 28)","(8,)",20,0.000168,3010.844,3010.906,0.062,0.002991,0.059814,0.001526
2026-06-11T16:23:43,2119,"(28, 28)","(8,)",20,0.000159,3010.906,3010.973,0.066,0.002991,0.059814,0.001526
2026-06-11T16:23:43,2120,"(28, 28)","(8,)",20,0.000159,3010.973,3011.035,0.062,0.002991,0.059814,0.001526
2026-06-11T16:23:43,2121,"(28, 28)","(8,)",20,0.000168,3011.035,3011.098,0.062,0.002991,0.059814,0.001526
2026-06-11T16:23:43,2122,"(28, 28)","(8,)",20,0.000157,3011.098,3011.16,0.062,0.002991,0.059814,0.001526
2026-06-11T16:23:43,2123,"(28, 28)","(8,)",20,0.000158,3011.16,3011.223,0.062,0.002991,0.059814,0.001526
2026-06-11T16:23:43,2124,"(28, 28)","(8,)",20,0.000158,3011.223,3011.285,0.062,0.002991,0.059814,0.001526
2026-06-11T16:23:43,2125,"(28, 28)","(8,)",20,0.000178,3011.285,3011.348,0.062,0.002991,0.059814,0.001526
2026-06-11T16:23:43,2126,"(28, 28)","(8,)",20,0.000165,3011.348,3011.41,0.062,0.002991,0.059814,0.001526
2026-06-11T16:23:43,2127,"(28, 28)","(8,)",20,0.00016,3011.41,3011.473,0.062,0.002991,0.059814,0.001526
2026-06-11T16:23:43,2128,"(28, 28)","(8,)",20,0.00016,3011.473,3011.535,0.062,0.002991,0.059814,0.001526
2026-06-11T16:23:43,2129,"(28, 28)","(8,)",20,0.000172,3011.535,3011.598,0.062,0.002991,0.059814,0.001526
2026-06-11T16:23:43,2130,"(28, 28)","(8,)",20,0.000161,3011.598,3011.66,0.062,0.002991,0.059814,0.001526
2026-06-11T16:23:43,2131,"(28, 28)","(8,)",20,0.000162,3011.66,3011.727,0.066,0.002991,0.059814,0.001526
2026-06-11T16:23:43,2132,"(28, 28)","(8,)",20,0.000161,3011.727,3011.789,0.062,0.002991,0.059814,0.001526
2026-06-11T16:23:43,2133,"(28, 28)","(8,)",20,0.000169,3011.789,3011.852,0.062,0.002991,0.059814,0.001526
2026-06-11T16:23:43,2134,"(28, 28)","(8,)",20,0.000159,3011.852,3011.914,0.062,0.002991,0.059814,0.001526
2026-06-11T16:23:43,2135,"(28, 28)","(8,)",20,0.00016,3011.914,3011.977,0.062,0.002991,0.059814,0.001526
2026-06-11T16:23:43,2136,"(28, 28)","(8,)",20,0.000157,3011.977,3012.039,0.062,0.002991,0.059814,0.001526
2026-06-11T16:23:43,2137,"(28, 28)","(8,)",20,0.000171,3012.039,3012.102,0.062,0.002991,0.059814,0.001526
2026-06-11T16:23:43,2138,"(28, 28)","(8,)",20,0.000158,3012.102,3012.164,0.062,0.002991,0.059814,0.001526
2026-06-11T16:23:43,2139,"(28, 28)","(8,)",20,0.000157,3012.164,3012.227,0.062,0.002991,0.059814,0.001526
2026-06-11T16:23:43,2140,"(28, 28)","(8,)",20,0.000158,3012.227,3012.289,0.062,0.002991,0.059814,0.001526
2026-06-11T16:23:43,2141,"(28, 28)","(8,)",20,0.00017,3012.289,3012.352,0.062,0.002991,0.059814,0.001526
2026-06-11T16:23:43,2142,"(28, 28)","(8,)",20,0.00016,3012.352,3012.418,0.066,0.002991,0.059814,0.001526
2026-06-11T16:23:43,2143,"(28, 28)","(8,)",20,0.000155,3012.418,3012.48,0.062,0.002991,0.059814,0.001526
2026-06-11T16:23:43,2144,"(28, 28)","(8,)",20,0.00016,3012.48,3012.543,0.062,0.002991,0.059814,0.001526
2026-06-11T16:23:43,2145,"(28, 28)","(8,)",20,0.000163,3012.543,3012.605,0.062,0.002991,0.059814,0.001526
2026-06-11T16:23:43,2146,"(28, 28)","(8,)",20,0.000161,3012.605,3012.668,0.062,0.002991,0.059814,0.001526
2026-06-11T16:23:43,2147,"(28, 28)","(8,)",20,0.000161,3012.668,3012.73,0.062,0.002991,0.059814,0.001526
2026-06-11T16:23:43,2148,"(28, 28)","(8,)",20,0.000158,3012.73,3012.793,0.062,0.002991,0.059814,0.001526
2026-06-11T16:23:43,2149,"(28, 28)","(8,)",20,0.000162,3012.793,3012.855,0.062,0.002991,0.059814,0.001526
2026-06-11T16:23:43,2150,"(28, 28)","(8,)",20,0.000161,3012.855,3012.918,0.062,0.002991,0.059814,0.001526
2026-06-11T16:23:43,2151,"(28, 28)","(8,)",20,0.000158,3012.918,3012.98,0.062,0.002991,0.059814,0.001526
2026-06-11T16:23:43,2152,"(28, 28)","(8,)",20,0.00016,3012.98,3013.043,0.062,0.002991,0.059814,0.001526
2026-06-11T16:23:43,2153,"(28, 28)","(8,)",20,0.000162,3013.043,3013.105,0.062,0.002991,0.059814,0.001526
2026-06-11T16:23:43,2154,"(28, 28)","(8,)",20,0.000161,3013.105,3013.172,0.066,0.002991,0.059814,0.001526
2026-06-11T16:23:43,2155,"(28, 28)","(8,)",20,0.000157,3013.172,3013.234,0.062,0.002991,0.059814,0.001526
2026-06-11T16:23:43,2156,"(28, 28)","(8,)",20,0.000165,3013.234,3013.297,0.062,0.002991,0.059814,0.001526
2026-06-11T16:23:43,2157,"(28, 28)","(8,)",20,0.000182,3013.297,3013.359,0.062,0.002991,0.059814,0.001526
2026-06-11T16:23:43,2158,"(28, 28)","(8,)",20,0.000162,3013.359,3013.422,0.062,0.002991,0.059814,0.001526
2026-06-11T16:23:43,2159,"(28, 28)","(8,)",20,0.000181,3013.422,3013.484,0.062,0.002991,0.059814,0.001526
2026-06-11T16:23:43,2160,"(28, 28)","(8,)",20,0.000172,3013.484,3013.547,0.062,0.002991,0.059814,0.001526
2026-06-11T16:23:43,2161,"(28, 28)","(8,)",20,0.000167,3013.547,3013.609,0.062,0.002991,0.059814,0.001526
2026-06-11T16:23:43,2162,"(28, 28)","(8,)",20,0.000161,3013.609,3013.672,0.062,0.002991,0.059814,0.001526
2026-06-11T16:23:43,2163,"(28, 28)","(8,)",20,0.000158,3013.672,3013.734,0.062,0.002991,0.059814,0.001526
2026-06-11T16:23:43,2164,"(28, 28)","(8,)",20,0.000165,3013.734,3013.797,0.062,0.002991,0.059814,0.001526
2026-06-11T16:23:43,2165,"(28, 28)","(8,)",20,0.000161,3013.797,3013.859,0.062,0.002991,0.059814,0.001526
2026-06-11T16:23:43,2166,"(28, 28)","(8,)",20,0.000161,3013.863,3013.926,0.062,0.002991,0.059814,0.001526
2026-06-11T16:23:43,2167,"(28, 28)","(8,)",20,0.000159,3013.926,3013.988,0.062,0.002991,0.059814,0.001526
2026-06-11T16:23:43,2168,"(28, 28)","(8,)",20,0.000163,3013.988,3014.051,0.062,0.002991,0.059814,0.001526
2026-06-11T16:23:43,2169,"(28, 28)","(8,)",20,0.000161,3014.051,3014.113,0.062,0.002991,0.059814,0.001526
2026-06-11T16:23:43,2170,"(28, 28)","(8,)",20,0.00016,3014.113,3014.176,0.062,0.002991,0.059814,0.001526
2026-06-11T16:23:43,2171,"(28, 28)","(8,)",20,0.00017,3014.176,3014.238,0.062,0.002991,0.059814,0.001526
2026-06-11T16:23:43,2172,"(28, 28)","(8,)",20,0.000167,3014.238,3014.301,0.062,0.002991,0.059814,0.001526
2026-06-11T16:23:43,2173,"(28, 28)","(8,)",20,0.00016,3014.301,3014.363,0.062,0.002991,0.059814,0.001526
2026-06-11T16:23:43,2174,"(28, 28)","(8,)",20,0.000161,3014.363,3014.426,0.062,0.002991,0.059814,0.001526
2026-06-11T16:23:43,2175,"(28, 28)","(8,)",20,0.000158,3014.426,3014.488,0.062,0.002991,0.059814,0.001526
2026-06-11T16:23:43,2176,"(28, 28)","(8,)",20,0.00017,3014.488,3014.551,0.062,0.002991,0.059814,0.001526
2026-06-11T16:23:43,2177,"(28, 28)","(8,)",20,0.000163,3014.551,3014.617,0.066,0.002991,0.059814,0.001526
2026-06-11T16:23:43,2178,"(28, 28)","(8,)",20,0.000163,3014.617,3014.68,0.062,0.002991,0.059814,0.001526
2026-06-11T16:23:43,2179,"(28, 28)","(8,)",20,0.000158,3014.68,3014.742,0.062,0.002991,0.059814,0.001526
2026-06-11T16:23:43,2180,"(28, 28)","(8,)",20,0.000161,3014.742,3014.805,0.062,0.002991,0.059814,0.001526
2026-06-11T16:23:43,2181,"(28, 28)","(8,)",20,0.000157,3014.805,3014.867,0.062,0.002991,0.059814,0.001526
2026-06-11T16:23:43,2182,"(28, 28)","(8,)",20,0.00016,3014.867,3014.93,0.062,0.002991,0.059814,0.001526
2026-06-11T16:23:43,2183,"(28, 28)","(8,)",20,0.000163,3014.93,3014.992,0.062,0.002991,0.059814,0.001526
2026-06-11T16:23:43,2184,"(28, 28)","(8,)",20,0.00016,3014.992,3015.055,0.062,0.002991,0.059814,0.001526
2026-06-11T16:23:43,2185,"(28, 28)","(8,)",20,0.000158,3015.055,3015.117,0.062,0.002991,0.059814,0.001526
2026-06-11T16:23:43,2186,"(28, 28)","(8,)",20,0.000159,3015.117,3015.18,0.062,0.002991,0.059814,0.001526
2026-06-11T16:23:43,2187,"(28, 28)","(8,)",20,0.000159,3015.18,3015.242,0.062,0.002991,0.059814,0.001526
2026-06-11T16:23:43,2188,"(28, 28)","(8,)",20,0.000164,3015.242,3015.305,0.062,0.002991,0.059814,0.001526
2026-06-11T16:23:43,2189,"(28, 28)","(8,)",20,0.000158,3015.305,3015.371,0.066,0.002991,0.059814,0.001526
2026-06-11T16:23:43,2190,"(28, 28)","(8,)",20,0.000166,3015.371,3015.434,0.062,0.002991,0.059814,0.001526
2026-06-11T16:23:43,2191,"(28, 28)","(8,)",20,0.000161,3015.434,3015.496,0.062,0.002991,0.059814,0.001526
2026-06-11T16:23:43,2192,"(28, 28)","(8,)",20,0.000162,3015.496,3015.559,0.062,0.002991,0.059814,0.001526
2026-06-11T16:23:43,2193,"(28, 28)","(8,)",20,0.000158,3015.559,3015.621,0.062,0.002991,0.059814,0.001526
2026-06-11T16:23:43,2194,"(28, 28)","(8,)",20,0.000166,3015.621,3015.684,0.062,0.002991,0.059814,0.001526
2026-06-11T16:23:43,2195,"(28, 28)","(8,)",20,0.000161,3015.684,3015.746,0.062,0.002991,0.059814,0.001526
2026-06-11T16:23:43,2196,"(28, 28)","(8,)",20,0.000164,3015.746,3015.809,0.062,0.002991,0.059814,0.001526
2026-06-11T16:23:43,2197,"(28, 28)","(8,)",20,0.000158,3015.809,3015.871,0.062,0.002991,0.059814,0.001526
2026-06-11T16:23:43,2198,"(28, 28)","(8,)",20,0.000167,3015.871,3015.934,0.062,0.002991,0.059814,0.001526
2026-06-11T16:23:43,2199,"(28, 28)","(8,)",20,0.00016,3015.934,3015.996,0.062,0.002991,0.059814,0.001526
2026-06-11T16:23:43,2200,"(28, 28)","(8,)",20,0.000166,3015.996,3016.062,0.066,0.002991,0.059814,0.001526
2026-06-11T16:23:43,2201,"(28, 28)","(8,)",20,0.000157,3016.062,3016.125,0.062,0.002991,0.059814,0.001526
2026-06-11T16:23:43,2202,"(28, 28)","(8,)",20,0.00017,3016.125,3016.188,0.062,0.002991,0.059814,0.001526
2026-06-11T16:23:43,2203,"(28, 28)","(8,)",20,0.000156,3016.188,3016.25,0.062,0.002991,0.059814,0.001526
2026-06-11T16:23:43,2204,"(28, 28)","(8,)",20,0.000159,3016.25,3016.312,0.062,0.002991,0.059814,0.001526
2026-06-11T16:23:43,2205,"(28, 28)","(8,)",20,0.00016,3016.312,3016.375,0.062,0.002991,0.059814,0.001526
2026-06-11T16:23:43,2206,"(28, 28)","(8,)",20,0.000168,3016.375,3016.438,0.062,0.002991,0.059814,0.001526
2026-06-11T16:23:43,2207,"(28, 28)","(8,)",20,0.000164,3016.438,3016.5,0.062,0.002991,0.059814,0.001526
2026-06-11T16:23:43,2208,"(28, 28)","(8,)",20,0.00016,3016.5,3016.562,0.062,0.002991,0.059814,0.001526
2026-06-11T16:23:43,2209,"(28, 28)","(8,)",20,0.000159,3016.562,3016.625,0.062,0.002991,0.059814,0.001526
2026-06-11T16:23:43,2210,"(28, 28)","(8,)",20,0.000164,3016.625,3016.688,0.062,0.002991,0.059814,0.001526
2026-06-11T16:23:43,2211,"(28, 28)","(8,)",20,0.000166,3016.688,3016.75,0.062,0.002991,0.059814,0.001526
2026-06-11T16:23:43,2212,"(28, 28)","(8,)",20,0.000223,3016.75,3016.816,0.066,0.002991,0.059814,0.001526
2026-06-11T16:23:43,2213,"(28, 28)","(8,)",20,0.00016,3016.816,3016.879,0.062,0.002991,0.059814,0.001526
2026-06-11T16:23:43,2214,"(28, 28)","(8,)",20,0.000168,3016.879,3016.941,0.062,0.002991,0.059814,0.001526
2026-06-11T16:23:43,2215,"(28, 28)","(8,)",20,0.000162,3016.941,3017.004,0.062,0.002991,0.059814,0.001526
2026-06-11T16:23:43,2216,"(28, 28)","(8,)",20,0.000159,3017.004,3017.066,0.062,0.002991,0.059814,0.001526
2026-06-11T16:23:43,2217,"(28, 28)","(8,)",20,0.000162,3017.066,3017.129,0.062,0.002991,0.059814,0.001526
2026-06-11T16:23:43,2218,"(28, 28)","(8,)",20,0.000166,3017.129,3017.191,0.062,0.002991,0.059814,0.001526
2026-06-11T16:23:43,2219,"(28, 28)","(8,)",20,0.000162,3017.191,3017.254,0.062,0.002991,0.059814,0.001526
2026-06-11T16:23:43,2220,"(28, 28)","(8,)",20,0.000162,3017.254,3017.316,0.062,0.002991,0.059814,0.001526
2026-06-11T16:23:43,2221,"(28, 28)","(8,)",20,0.00016,3017.316,3017.379,0.062,0.002991,0.059814,0.001526
2026-06-11T16:23:43,2222,"(28, 28)","(8,)",20,0.000168,3017.379,3017.441,0.062,0.002991,0.059814,0.001526
2026-06-11T16:23:43,2223,"(28, 28)","(8,)",20,0.000166,3017.441,3017.504,0.062,0.002991,0.059814,0.001526
2026-06-11T16:23:43,2224,"(28, 28)","(8,)",20,0.000167,3017.504,3017.57,0.066,0.002991,0.059814,0.001526
2026-06-11T16:23:43,2225,"(28, 28)","(8,)",20,0.000159,3017.57,3017.633,0.062,0.002991,0.059814,0.001526
2026-06-11T16:23:43,2226,"(28, 28)","(8,)",20,0.000166,3017.633,3017.695,0.062,0.002991,0.059814,0.001526
2026-06-11T16:23:43,2227,"(28, 28)","(8,)",20,0.000162,3017.695,3017.758,0.062,0.002991,0.059814,0.001526
2026-06-11T16:23:43,2228,"(28, 28)","(8,)",20,0.000159,3017.758,3017.82,0.062,0.002991,0.059814,0.001526
2026-06-11T16:23:43,2229,"(28, 28)","(8,)",20,0.000164,3017.82,3017.883,0.062,0.002991,0.059814,0.001526
2026-06-11T16:23:43,2230,"(28, 28)","(8,)",20,0.000179,3017.883,3017.945,0.062,0.002991,0.059814,0.001526
2026-06-11T16:23:43,2231,"(28, 28)","(8,)",20,0.000163,3017.945,3018.008,0.062,0.002991,0.059814,0.001526
2026-06-11T16:23:43,2232,"(28, 28)","(8,)",20,0.000158,3018.008,3018.07,0.062,0.002991,0.059814,0.001526
2026-06-11T16:23:43,2233,"(28, 28)","(8,)",20,0.000162,3018.07,3018.133,0.062,0.002991,0.059814,0.001526
2026-06-11T16:23:43,2234,"(28, 28)","(8,)",20,0.000168,3018.133,3018.195,0.062,0.002991,0.059814,0.001526
2026-06-11T16:23:43,2235,"(28, 28)","(8,)",20,0.000162,3018.195,3018.262,0.066,0.002991,0.059814,0.001526
2026-06-11T16:23:43,2236,"(28, 28)","(8,)",20,0.000159,3018.262,3018.324,0.062,0.002991,0.059814,0.001526
2026-06-11T16:23:43,2237,"(28, 28)","(8,)",20,0.00016,3018.324,3018.387,0.062,0.002991,0.059814,0.001526
2026-06-11T16:23:43,2238,"(28, 28)","(8,)",20,0.000163,3018.387,3018.449,0.062,0.002991,0.059814,0.001526
2026-06-11T16:23:43,2239,"(28, 28)","(8,)",20,0.000163,3018.449,3018.512,0.062,0.002991,0.059814,0.001526
2026-06-11T16:23:43,2240,"(28, 28)","(8,)",20,0.000158,3018.512,3018.574,0.062,0.002991,0.059814,0.001526
2026-06-11T16:23:43,2241,"(28, 28)","(8,)",20,0.00016,3018.574,3018.637,0.062,0.002991,0.059814,0.001526
2026-06-11T16:23:43,2242,"(28, 28)","(8,)",20,0.000164,3018.637,3018.699,0.062,0.002991,0.059814,0.001526
2026-06-11T16:23:43,2243,"(28, 28)","(8,)",20,0.00016,3018.699,3018.762,0.062,0.002991,0.059814,0.001526
2026-06-11T16:23:43,2244,"(28, 28)","(8,)",20,0.000158,3018.762,3018.824,0.062,0.002991,0.059814,0.001526
2026-06-11T16:23:43,2245,"(28, 28)","(8,)",20,0.000158,3018.824,3018.887,0.062,0.002991,0.059814,0.001526
2026-06-11T16:23:43,2246,"(28, 28)","(8,)",20,0.000161,3018.887,3018.949,0.062,0.002991,0.059814,0.001526
2026-06-11T16:23:43,2247,"(28, 28)","(8,)",20,0.000165,3018.949,3019.016,0.066,0.002991,0.059814,0.001526
2026-06-11T16:23:43,2248,"(28, 28)","(8,)",20,0.000158,3019.016,3019.078,0.062,0.002991,0.059814,0.001526
2026-06-11T16:23:43,2249,"(28, 28)","(8,)",20,0.000159,3019.078,3019.141,0.062,0.002991,0.059814,0.001526
2026-06-11T16:23:43,2250,"(28, 28)","(8,)",20,0.000167,3019.141,3019.203,0.062,0.002991,0.059814,0.001526
2026-06-11T16:23:43,2251,"(28, 28)","(8,)",20,0.000161,3019.203,3019.266,0.062,0.002991,0.059814,0.001526
2026-06-11T16:23:43,2252,"(28, 28)","(8,)",20,0.000159,3019.266,3019.328,0.062,0.002991,0.059814,0.001526
2026-06-11T16:23:43,2253,"(28, 28)","(8,)",20,0.000161,3019.328,3019.391,0.062,0.002991,0.059814,0.001526
2026-06-11T16:23:43,2254,"(28, 28)","(8,)",20,0.000163,3019.391,3019.453,0.062,0.002991,0.059814,0.001526
2026-06-11T16:23:43,2255,"(28, 28)","(8,)",20,0.000158,3019.453,3019.516,0.062,0.002991,0.059814,0.001526
2026-06-11T16:23:43,2256,"(28, 28)","(8,)",20,0.000158,3019.516,3019.578,0.062,0.002991,0.059814,0.001526
2026-06-11T16:23:43,2257,"(28, 28)","(8,)",20,0.000158,3019.578,3019.641,0.062,0.002991,0.059814,0.001526
2026-06-11T16:23:43,2258,"(28, 28)","(8,)",20,0.000168,3019.641,3019.703,0.062,0.002991,0.059814,0.001526
2026-06-11T16:23:43,2259,"(28, 28)","(8,)",20,0.000162,3019.703,3019.77,0.066,0.002991,0.059814,0.001526
2026-06-11T16:23:43,2260,"(28, 28)","(8,)",20,0.000158,3019.77,3019.832,0.062,0.002991,0.059814,0.001526
2026-06-11T16:23:43,2261,"(28, 28)","(8,)",20,0.000158,3019.832,3019.895,0.062,0.002991,0.059814,0.001526
2026-06-11T16:23:43,2262,"(28, 28)","(8,)",20,0.000163,3019.895,3019.957,0.062,0.002991,0.059814,0.001526
2026-06-11T16:23:43,2263,"(28, 28)","(8,)",20,0.000166,3019.957,3020.02,0.062,0.002991,0.059814,0.001526
2026-06-11T16:23:43,2264,"(28, 28)","(8,)",20,0.000159,3020.02,3020.082,0.062,0.002991,0.059814,0.001526
2026-06-11T16:23:43,2265,"(28, 28)","(8,)",20,0.000165,3020.082,3020.145,0.062,0.002991,0.059814,0.001526
2026-06-11T16:23:43,2266,"(28, 28)","(8,)",20,0.000162,3020.145,3020.207,0.062,0.002991,0.059814,0.001526
2026-06-11T16:23:43,2267,"(28, 28)","(8,)",20,0.000177,3020.207,3020.27,0.062,0.002991,0.059814,0.001526
2026-06-11T16:23:43,2268,"(28, 28)","(8,)",20,0.000158,3020.27,3020.332,0.062,0.002991,0.059814,0.001526
2026-06-11T16:23:43,2269,"(28, 28)","(8,)",20,0.000158,3020.332,3020.395,0.062,0.002991,0.059814,0.001526
2026-06-11T16:23:43,2270,"(28, 28)","(8,)",20,0.000165,3020.395,3020.461,0.066,0.002991,0.059814,0.001526
2026-06-11T16:23:43,2271,"(28, 28)","(8,)",20,0.000168,3020.461,3020.523,0.062,0.002991,0.059814,0.001526
2026-06-11T16:23:43,2272,"(28, 28)","(8,)",20,0.000158,3020.523,3020.586,0.062,0.002991,0.059814,0.001526
2026-06-11T16:23:43,2273,"(28, 28)","(8,)",20,0.000166,3020.621,3020.68,0.059,0.002991,0.059814,0.001526
2026-06-11T16:23:43,2274,"(28, 28)","(8,)",20,0.000164,3020.68,3020.738,0.059,0.002991,0.059814,0.001526
2026-06-11T16:23:43,2275,"(28, 28)","(8,)",20,0.00017,3020.738,3020.801,0.062,0.002991,0.059814,0.001526
2026-06-11T16:23:43,2276,"(28, 28)","(8,)",20,0.000158,3020.801,3020.859,0.059,0.002991,0.059814,0.001526
2026-06-11T16:23:43,2277,"(28, 28)","(8,)",20,0.00016,3020.859,3020.918,0.059,0.002991,0.059814,0.001526
2026-06-11T16:23:43,2278,"(28, 28)","(8,)",20,0.000164,3020.918,3020.98,0.062,0.002991,0.059814,0.001526
2026-06-11T16:23:43,2279,"(28, 28)","(8,)",20,0.000178,3020.98,3021.039,0.059,0.002991,0.059814,0.001526
2026-06-11T16:23:43,2280,"(28, 28)","(8,)",20,0.000161,3021.039,3021.098,0.059,0.002991,0.059814,0.001526
2026-06-11T16:23:43,2281,"(28, 28)","(8,)",20,0.000163,3021.098,3021.16,0.062,0.002991,0.059814,0.001526
2026-06-11T16:23:43,2282,"(28, 28)","(8,)",20,0.000163,3021.16,3021.219,0.059,0.002991,0.059814,0.001526
2026-06-11T16:23:43,2283,"(28, 28)","(8,)",20,0.000169,3021.219,3021.277,0.059,0.002991,0.059814,0.001526
2026-06-11T16:23:43,2284,"(28, 28)","(8,)",20,0.000158,3021.277,3021.336,0.059,0.002991,0.059814,0.001526
2026-06-11T16:23:43,2285,"(28, 28)","(8,)",20,0.000158,3021.336,3021.398,0.062,0.002991,0.059814,0.001526
2026-06-11T16:23:43,2286,"(28, 28)","(8,)",20,0.000163,3021.398,3021.457,0.059,0.002991,0.059814,0.001526
2026-06-11T16:23:43,2287,"(28, 28)","(8,)",20,0.000166,3021.457,3021.516,0.059,0.002991,0.059814,0.001526
2026-06-11T16:23:43,2288,"(28, 28)","(8,)",20,0.000163,3021.516,3021.578,0.062,0.002991,0.059814,0.001526
2026-06-11T16:23:43,2289,"(28, 28)","(8,)",20,0.000159,3021.578,3021.637,0.059,0.002991,0.059814,0.001526
2026-06-11T16:23:43,2290,"(28, 28)","(8,)",20,0.000164,3021.637,3021.695,0.059,0.002991,0.059814,0.001526
2026-06-11T16:23:43,2291,"(28, 28)","(8,)",20,0.000166,3021.695,3021.762,0.066,0.002991,0.059814,0.001526
2026-06-11T16:23:43,2292,"(28, 28)","(8,)",20,0.000157,3021.762,3021.82,0.059,0.002991,0.059814,0.001526
2026-06-11T16:23:43,2293,"(28, 28)","(8,)",20,0.000159,3021.82,3021.883,0.062,0.002991,0.059814,0.001526
2026-06-11T16:23:43,2294,"(28, 28)","(8,)",20,0.000168,3021.883,3021.945,0.062,0.002991,0.059814,0.001526
2026-06-11T16:23:43,2295,"(28, 28)","(8,)",20,0.000173,3021.945,3022.008,0.062,0.002991,0.059814,0.001526
2026-06-11T16:23:43,2296,"(28, 28)","(8,)",20,0.00016,3022.008,3022.07,0.062,0.002991,0.059814,0.001526
2026-06-11T16:23:43,2297,"(28, 28)","(8,)",20,0.000156,3022.07,3022.133,0.062,0.002991,0.059814,0.001526
2026-06-11T16:23:43,2298,"(28, 28)","(8,)",20,0.000216,3022.133,3022.195,0.062,0.002991,0.059814,0.001526
2026-06-11T16:23:43,2299,"(28, 28)","(8,)",20,0.000181,3022.195,3022.258,0.062,0.002991,0.059814,0.001526
2026-06-11T16:23:43,2300,"(28, 28)","(8,)",20,0.000162,3022.258,3022.32,0.062,0.002991,0.059814,0.001526
2026-06-11T16:23:43,2301,"(28, 28)","(8,)",20,0.000161,3022.32,3022.383,0.062,0.002991,0.059814,0.001526
2026-06-11T16:23:43,2302,"(28, 28)","(8,)",20,0.000168,3022.383,3022.445,0.062,0.002991,0.059814,0.001526
2026-06-11T16:23:43,2303,"(28, 28)","(8,)",20,0.000171,3022.445,3022.508,0.062,0.002991,0.059814,0.001526
2026-06-11T16:23:43,2304,"(28, 28)","(8,)",20,0.000165,3022.508,3022.57,0.062,0.002991,0.059814,0.001526
2026-06-11T16:23:43,2305,"(28, 28)","(8,)",20,0.000163,3022.57,3022.633,0.062,0.002991,0.059814,0.001526
2026-06-11T16:23:43,2306,"(28, 28)","(8,)",20,0.000167,3022.633,3022.695,0.062,0.002991,0.059814,0.001526
2026-06-11T16:23:43,2307,"(28, 28)","(8,)",20,0.000162,3022.695,3022.762,0.066,0.002991,0.059814,0.001526
2026-06-11T16:23:43,2308,"(28, 28)","(8,)",20,0.000161,3022.762,3022.824,0.062,0.002991,0.059814,0.001526
2026-06-11T16:23:43,2309,"(28, 28)","(8,)",20,0.000162,3022.824,3022.887,0.062,0.002991,0.059814,0.001526
2026-06-11T16:23:43,2310,"(28, 28)","(8,)",20,0.00016,3022.887,3022.949,0.062,0.002991,0.059814,0.001526
2026-06-11T16:23:43,2311,"(28, 28)","(8,)",20,0.000164,3022.949,3023.012,0.062,0.002991,0.059814,0.001526
2026-06-11T16:23:43,2312,"(28, 28)","(8,)",20,0.000163,3023.012,3023.074,0.062,0.002991,0.059814,0.001526
2026-06-11T16:23:43,2313,"(28, 28)","(8,)",20,0.000166,3023.074,3023.137,0.062,0.002991,0.059814,0.001526
2026-06-11T16:23:43,2314,"(28, 28)","(8,)",20,0.00016,3023.137,3023.199,0.062,0.002991,0.059814,0.001526
2026-06-11T16:23:43,2315,"(28, 28)","(8,)",20,0.000162,3023.199,3023.262,0.062,0.002991,0.059814,0.001526
2026-06-11T16:23:43,2316,"(28, 28)","(8,)",20,0.000161,3023.262,3023.324,0.062,0.002991,0.059814,0.001526
2026-06-11T16:23:43,2317,"(28, 28)","(8,)",20,0.000166,3023.324,3023.387,0.062,0.002991,0.059814,0.001526
2026-06-11T16:23:43,2318,"(28, 28)","(8,)",20,0.00016,3023.387,3023.449,0.062,0.002991,0.059814,0.001526
2026-06-11T16:23:43,2319,"(28, 28)","(8,)",20,0.000161,3023.453,3023.516,0.062,0.002991,0.059814,0.001526
2026-06-11T16:23:43,2320,"(28, 28)","(8,)",20,0.000161,3023.516,3023.578,0.062,0.002991,0.059814,0.001526
2026-06-11T16:23:43,2321,"(28, 28)","(8,)",20,0.000164,3023.578,3023.641,0.062,0.002991,0.059814,0.001526
2026-06-11T16:23:43,2322,"(28, 28)","(8,)",20,0.000162,3023.641,3023.703,0.062,0.002991,0.059814,0.001526
2026-06-11T16:23:43,2323,"(28, 28)","(8,)",20,0.000166,3023.703,3023.766,0.062,0.002991,0.059814,0.001526
2026-06-11T16:23:43,2324,"(28, 28)","(8,)",20,0.000165,3023.766,3023.828,0.062,0.002991,0.059814,0.001526
2026-06-11T16:23:43,2325,"(28, 28)","(8,)",20,0.000171,3023.828,3023.891,0.062,0.002991,0.059814,0.001526
2026-06-11T16:23:43,2326,"(28, 28)","(8,)",20,0.000175,3023.891,3023.953,0.062,0.002991,0.059814,0.001526
2026-06-11T16:23:43,2327,"(28, 28)","(8,)",20,0.000171,3023.953,3024.016,0.062,0.002991,0.059814,0.001526
2026-06-11T16:23:43,2328,"(28, 28)","(8,)",20,0.000166,3024.016,3024.078,0.062,0.002991,0.059814,0.001526
2026-06-11T16:23:43,2329,"(28, 28)","(8,)",20,0.000165,3024.078,3024.141,0.062,0.002991,0.059814,0.001526
2026-06-11T16:23:43,2330,"(28, 28)","(8,)",20,0.000174,3024.141,3024.207,0.066,0.002991,0.059814,0.001526
2026-06-11T16:23:43,2331,"(28, 28)","(8,)",20,0.00016,3024.207,3024.27,0.062,0.002991,0.059814,0.001526
2026-06-11T16:23:43,2332,"(28, 28)","(8,)",20,0.00016,3024.27,3024.332,0.062,0.002991,0.059814,0.001526
2026-06-11T16:23:43,2333,"(28, 28)","(8,)",20,0.000165,3024.332,3024.395,0.062,0.002991,0.059814,0.001526
2026-06-11T16:23:43,2334,"(28, 28)","(8,)",20,0.000169,3024.395,3024.457,0.062,0.002991,0.059814,0.001526
2026-06-11T16:23:43,2335,"(28, 28)","(8,)",20,0.000164,3024.457,3024.52,0.062,0.002991,0.059814,0.001526
2026-06-11T16:23:43,2336,"(28, 28)","(8,)",20,0.000163,3024.52,3024.582,0.062,0.002991,0.059814,0.001526
2026-06-11T16:23:43,2337,"(28, 28)","(8,)",20,0.000165,3024.582,3024.645,0.062,0.002991,0.059814,0.001526
2026-06-11T16:23:43,2338,"(28, 28)","(8,)",20,0.000179,3024.645,3024.707,0.062,0.002991,0.059814,0.001526
2026-06-11T16:23:43,2339,"(28, 28)","(8,)",20,0.00016,3024.707,3024.77,0.062,0.002991,0.059814,0.001526
2026-06-11T16:23:43,2340,"(28, 28)","(8,)",20,0.000165,3024.77,3024.832,0.062,0.002991,0.059814,0.001526
2026-06-11T16:23:43,2341,"(28, 28)","(8,)",20,0.000165,3024.832,3024.895,0.062,0.002991,0.059814,0.001526
2026-06-11T16:23:43,2342,"(28, 28)","(8,)",20,0.000173,3024.895,3024.961,0.066,0.002991,0.059814,0.001526
2026-06-11T16:23:43,2343,"(28, 28)","(8,)",20,0.000159,3024.961,3025.023,0.062,0.002991,0.059814,0.001526
2026-06-11T16:23:43,2344,"(28, 28)","(8,)",20,0.000161,3025.023,3025.086,0.062,0.002991,0.059814,0.001526
2026-06-11T16:23:43,2345,"(28, 28)","(8,)",20,0.000166,3025.086,3025.148,0.062,0.002991,0.059814,0.001526
2026-06-11T16:23:43,2346,"(28, 28)","(8,)",20,0.000164,3025.148,3025.211,0.062,0.002991,0.059814,0.001526
2026-06-11T16:23:43,2347,"(28, 28)","(8,)",20,0.000164,3025.211,3025.273,0.062,0.002991,0.059814,0.001526
2026-06-11T16:23:43,2348,"(28, 28)","(8,)",20,0.000162,3025.273,3025.336,0.062,0.002991,0.059814,0.001526
2026-06-11T16:23:43,2349,"(28, 28)","(8,)",20,0.000165,3025.336,3025.398,0.062,0.002991,0.059814,0.001526
2026-06-11T16:23:43,2350,"(28, 28)","(8,)",20,0.000162,3025.398,3025.461,0.062,0.002991,0.059814,0.001526
2026-06-11T16:23:43,2351,"(28, 28)","(8,)",20,0.000163,3025.461,3025.523,0.062,0.002991,0.059814,0.001526
2026-06-11T16:23:43,2352,"(28, 28)","(8,)",20,0.000163,3025.523,3025.586,0.062,0.002991,0.059814,0.001526
2026-06-11T16:23:43,2353,"(28, 28)","(8,)",20,0.000165,3025.586,3025.648,0.062,0.002991,0.059814,0.001526
2026-06-11T16:23:43,2354,"(28, 28)","(8,)",20,0.000165,3025.652,3025.715,0.062,0.002991,0.059814,0.001526
2026-06-11T16:23:43,2355,"(28, 28)","(8,)",20,0.000158,3025.715,3025.777,0.062,0.002991,0.059814,0.001526
2026-06-11T16:23:43,2356,"(28, 28)","(8,)",20,0.000166,3025.777,3025.84,0.062,0.002991,0.059814,0.001526
2026-06-11T16:23:43,2357,"(28, 28)","(8,)",20,0.000161,3025.84,3025.902,0.062,0.002991,0.059814,0.001526
2026-06-11T16:23:43,2358,"(28, 28)","(8,)",20,0.000163,3025.902,3025.965,0.062,0.002991,0.059814,0.001526
2026-06-11T16:23:43,2359,"(28, 28)","(8,)",20,0.000164,3025.965,3026.027,0.062,0.002991,0.059814,0.001526
2026-06-11T16:23:43,2360,"(28, 28)","(8,)",20,0.000165,3026.027,3026.09,0.062,0.002991,0.059814,0.001526
2026-06-11T16:23:43,2361,"(28, 28)","(8,)",20,0.000166,3026.09,3026.152,0.062,0.002991,0.059814,0.001526
2026-06-11T16:23:43,2362,"(28, 28)","(8,)",20,0.00016,3026.152,3026.215,0.062,0.002991,0.059814,0.001526
2026-06-11T16:23:43,2363,"(28, 28)","(8,)",20,0.00016,3026.215,3026.277,0.062,0.002991,0.059814,0.001526
2026-06-11T16:23:43,2364,"(28, 28)","(8,)",20,0.000171,3026.277,3026.34,0.062,0.002991,0.059814,0.001526
2026-06-11T16:23:43,2365,"(28, 28)","(8,)",20,0.000168,3026.34,3026.406,0.066,0.002991,0.059814,0.001526
2026-06-11T16:23:43,2366,"(28, 28)","(8,)",20,0.000162,3026.406,3026.469,0.062,0.002991,0.059814,0.001526
2026-06-11T16:23:43,2367,"(28, 28)","(8,)",20,0.000158,3026.469,3026.531,0.062,0.002991,0.059814,0.001526
2026-06-11T16:23:43,2368,"(28, 28)","(8,)",20,0.000164,3026.531,3026.594,0.062,0.002991,0.059814,0.001526
2026-06-11T16:23:43,2369,"(28, 28)","(8,)",20,0.000177,3026.594,3026.656,0.062,0.002991,0.059814,0.001526
2026-06-11T16:23:43,2370,"(28, 28)","(8,)",20,0.000161,3026.656,3026.719,0.062,0.002991,0.059814,0.001526
2026-06-11T16:23:43,2371,"(28, 28)","(8,)",20,0.000163,3026.719,3026.781,0.062,0.002991,0.059814,0.001526
2026-06-11T16:23:43,2372,"(28, 28)","(8,)",20,0.000166,3026.781,3026.844,0.062,0.002991,0.059814,0.001526
2026-06-11T16:23:43,2373,"(28, 28)","(8,)",20,0.000168,3026.844,3026.906,0.062,0.002991,0.059814,0.001526
2026-06-11T16:23:43,2374,"(28, 28)","(8,)",20,0.000161,3026.906,3026.969,0.062,0.002991,0.059814,0.001526
2026-06-11T16:23:43,2375,"(28, 28)","(8,)",20,0.00016,3026.969,3027.031,0.062,0.002991,0.059814,0.001526
2026-06-11T16:23:43,2376,"(28, 28)","(8,)",20,0.000167,3027.031,3027.094,0.062,0.002991,0.059814,0.001526
2026-06-11T16:23:43,2377,"(28, 28)","(8,)",20,0.00017,3027.094,3027.16,0.066,0.002991,0.059814,0.001526
2026-06-11T16:23:43,2378,"(28, 28)","(8,)",20,0.00016,3027.16,3027.223,0.062,0.002991,0.059814,0.001526
2026-06-11T16:23:43,2379,"(28, 28)","(8,)",20,0.000159,3027.223,3027.285,0.062,0.002991,0.059814,0.001526
2026-06-11T16:23:43,2380,"(28, 28)","(8,)",20,0.000162,3027.285,3027.348,0.062,0.002991,0.059814,0.001526
2026-06-11T16:23:43,2381,"(28, 28)","(8,)",20,0.000224,3027.348,3027.41,0.062,0.002991,0.059814,0.001526
2026-06-11T16:23:43,2382,"(28, 28)","(8,)",20,0.000163,3027.41,3027.473,0.062,0.002991,0.059814,0.001526
2026-06-11T16:23:43,2383,"(28, 28)","(8,)",20,0.000163,3027.473,3027.535,0.062,0.002991,0.059814,0.001526
2026-06-11T16:23:43,2384,"(28, 28)","(8,)",20,0.000166,3027.535,3027.598,0.062,0.002991,0.059814,0.001526
2026-06-11T16:23:43,2385,"(28, 28)","(8,)",20,0.000161,3027.598,3027.66,0.062,0.002991,0.059814,0.001526
2026-06-11T16:23:43,2386,"(28, 28)","(8,)",20,0.00016,3027.66,3027.723,0.062,0.002991,0.059814,0.001526
2026-06-11T16:23:43,2387,"(28, 28)","(8,)",20,0.000162,3027.723,3027.785,0.062,0.002991,0.059814,0.001526
2026-06-11T16:23:43,2388,"(28, 28)","(8,)",20,0.000167,3027.785,3027.852,0.066,0.002991,0.059814,0.001526
2026-06-11T16:23:43,2389,"(28, 28)","(8,)",20,0.000158,3027.852,3027.914,0.062,0.002991,0.059814,0.001526
2026-06-11T16:23:43,2390,"(28, 28)","(8,)",20,0.000158,3027.914,3027.977,0.062,0.002991,0.059814,0.001526
2026-06-11T16:23:43,2391,"(28, 28)","(8,)",20,0.000158,3027.977,3028.039,0.062,0.002991,0.059814,0.001526
2026-06-11T16:23:43,2392,"(28, 28)","(8,)",20,0.000173,3028.039,3028.102,0.062,0.002991,0.059814,0.001526
2026-06-11T16:23:43,2393,"(28, 28)","(8,)",20,0.000165,3028.102,3028.164,0.062,0.002991,0.059814,0.001526
2026-06-11T16:23:43,2394,"(28, 28)","(8,)",20,0.000164,3028.164,3028.227,0.062,0.002991,0.059814,0.001526
2026-06-11T16:23:43,2395,"(28, 28)","(8,)",20,0.000161,3028.227,3028.289,0.062,0.002991,0.059814,0.001526
2026-06-11T16:23:43,2396,"(28, 28)","(8,)",20,0.000169,3028.289,3028.352,0.062,0.002991,0.059814,0.001526
2026-06-11T16:23:43,2397,"(28, 28)","(8,)",20,0.000159,3028.352,3028.414,0.062,0.002991,0.059814,0.001526
2026-06-11T16:23:43,2398,"(28, 28)","(8,)",20,0.000163,3028.414,3028.477,0.062,0.002991,0.059814,0.001526
2026-06-11T16:23:43,2399,"(28, 28)","(8,)",20,0.000164,3028.477,3028.539,0.062,0.002991,0.059814,0.001526
2026-06-11T16:23:43,2400,"(28, 28)","(8,)",20,0.000175,3028.539,3028.605,0.066,0.002991,0.059814,0.001526
2026-06-11T16:23:43,2401,"(28, 28)","(8,)",20,0.000159,3028.605,3028.668,0.062,0.002991,0.059814,0.001526
2026-06-11T16:23:43,2402,"(28, 28)","(8,)",20,0.000159,3028.668,3028.73,0.062,0.002991,0.059814,0.001526
2026-06-11T16:23:43,2403,"(28, 28)","(8,)",20,0.000163,3028.73,3028.793,0.062,0.002991,0.059814,0.001526
2026-06-11T16:23:43,2404,"(28, 28)","(8,)",20,0.000169,3028.793,3028.855,0.062,0.002991,0.059814,0.001526
2026-06-11T16:23:43,2405,"(28, 28)","(8,)",20,0.000163,3028.855,3028.918,0.062,0.002991,0.059814,0.001526
2026-06-11T16:23:43,2406,"(28, 28)","(8,)",20,0.000159,3028.918,3028.98,0.062,0.002991,0.059814,0.001526
2026-06-11T16:23:43,2407,"(28, 28)","(8,)",20,0.000162,3028.98,3029.043,0.062,0.002991,0.059814,0.001526
2026-06-11T16:23:43,2408,"(28, 28)","(8,)",20,0.000176,3029.043,3029.105,0.062,0.002991,0.059814,0.001526
2026-06-11T16:23:43,2409,"(28, 28)","(8,)",20,0.000159,3029.105,3029.168,0.062,0.002991,0.059814,0.001526
2026-06-11T16:23:43,2410,"(28, 28)","(8,)",20,0.000164,3029.168,3029.23,0.062,0.002991,0.059814,0.001526
2026-06-11T16:23:43,2411,"(28, 28)","(8,)",20,0.000165,3029.23,3029.293,0.062,0.002991,0.059814,0.001526
2026-06-11T16:23:43,2412,"(28, 28)","(8,)",20,0.000169,3029.293,3029.359,0.066,0.002991,0.059814,0.001526
2026-06-11T16:23:43,2413,"(28, 28)","(8,)",20,0.000159,3029.359,3029.422,0.062,0.002991,0.059814,0.001526
2026-06-11T16:23:43,2414,"(28, 28)","(8,)",20,0.000158,3029.422,3029.484,0.062,0.002991,0.059814,0.001526
2026-06-11T16:23:43,2415,"(28, 28)","(8,)",20,0.000165,3029.484,3029.547,0.062,0.002991,0.059814,0.001526
2026-06-11T16:23:43,2416,"(28, 28)","(8,)",20,0.000172,3029.547,3029.609,0.062,0.002991,0.059814,0.001526
2026-06-11T16:23:43,2417,"(28, 28)","(8,)",20,0.000164,3029.609,3029.672,0.062,0.002991,0.059814,0.001526
2026-06-11T16:23:43,2418,"(28, 28)","(8,)",20,0.00016,3029.672,3029.734,0.062,0.002991,0.059814,0.001526
2026-06-11T16:23:43,2419,"(28, 28)","(8,)",20,0.000166,3029.734,3029.797,0.062,0.002991,0.059814,0.001526
2026-06-11T16:23:43,2420,"(28, 28)","(8,)",20,0.000178,3029.797,3029.859,0.062,0.002991,0.059814,0.001526
2026-06-11T16:23:43,2421,"(28, 28)","(8,)",20,0.000162,3029.859,3029.922,0.062,0.002991,0.059814,0.001526
2026-06-11T16:23:43,2422,"(28, 28)","(8,)",20,0.000161,3029.922,3029.984,0.062,0.002991,0.059814,0.001526
2026-06-11T16:23:43,2423,"(28, 28)","(8,)",20,0.000166,3029.984,3030.051,0.066,0.002991,0.059814,0.001526
2026-06-11T16:23:43,2424,"(28, 28)","(8,)",20,0.000171,3030.051,3030.113,0.062,0.002991,0.059814,0.001526
2026-06-11T16:23:43,2425,"(28, 28)","(8,)",20,0.000161,3030.113,3030.176,0.062,0.002991,0.059814,0.001526
2026-06-11T16:23:43,2426,"(28, 28)","(8,)",20,0.00016,3030.176,3030.238,0.062,0.002991,0.059814,0.001526
2026-06-11T16:23:43,2427,"(28, 28)","(8,)",20,0.000165,3030.238,3030.301,0.062,0.002991,0.059814,0.001526
2026-06-11T16:23:43,2428,"(28, 28)","(8,)",20,0.000167,3030.301,3030.363,0.062,0.002991,0.059814,0.001526
2026-06-11T16:23:43,2429,"(28, 28)","(8,)",20,0.000165,3030.363,3030.426,0.062,0.002991,0.059814,0.001526
2026-06-11T16:23:43,2430,"(28, 28)","(8,)",20,0.000159,3030.426,3030.488,0.062,0.002991,0.059814,0.001526
2026-06-11T16:23:43,2431,"(28, 28)","(8,)",20,0.000166,3030.488,3030.551,0.062,0.002991,0.059814,0.001526
2026-06-11T16:23:43,2432,"(28, 28)","(8,)",20,0.000163,3030.551,3030.613,0.062,0.002991,0.059814,0.001526
2026-06-11T16:23:43,2433,"(28, 28)","(8,)",20,0.000161,3030.613,3030.676,0.062,0.002991,0.059814,0.001526
2026-06-11T16:23:43,2434,"(28, 28)","(8,)",20,0.000162,3030.676,3030.738,0.062,0.002991,0.059814,0.001526
2026-06-11T16:23:43,2435,"(28, 28)","(8,)",20,0.000165,3030.738,3030.805,0.066,0.002991,0.059814,0.001526
2026-06-11T16:23:43,2436,"(28, 28)","(8,)",20,0.000163,3030.805,3030.867,0.062,0.002991,0.059814,0.001526
2026-06-11T16:23:43,2437,"(28, 28)","(8,)",20,0.000158,3030.867,3030.93,0.062,0.002991,0.059814,0.001526
2026-06-11T16:23:43,2438,"(28, 28)","(8,)",20,0.000159,3030.93,3030.992,0.062,0.002991,0.059814,0.001526
2026-06-11T16:23:43,2439,"(28, 28)","(8,)",20,0.000161,3030.992,3031.055,0.062,0.002991,0.059814,0.001526
2026-06-11T16:23:43,2440,"(28, 28)","(8,)",20,0.000161,3031.055,3031.117,0.062,0.002991,0.059814,0.001526
2026-06-11T16:23:43,2441,"(28, 28)","(8,)",20,0.000166,3031.117,3031.18,0.062,0.002991,0.059814,0.001526
2026-06-11T16:23:43,2442,"(28, 28)","(8,)",20,0.000165,3031.18,3031.242,0.062,0.002991,0.059814,0.001526
2026-06-11T16:23:43,2443,"(28, 28)","(8,)",20,0.000162,3031.242,3031.305,0.062,0.002991,0.059814,0.001526
2026-06-11T16:23:43,2444,"(28, 28)","(8,)",20,0.000161,3031.305,3031.367,0.062,0.002991,0.059814,0.001526
2026-06-11T16:23:43,2445,"(28, 28)","(8,)",20,0.000161,3031.367,3031.43,0.062,0.002991,0.059814,0.001526
2026-06-11T16:23:43,2446,"(28, 28)","(8,)",20,0.00017,3031.43,3031.492,0.062,0.002991,0.059814,0.001526
2026-06-11T16:23:43,2447,"(28, 28)","(8,)",20,0.000169,3031.496,3031.559,0.062,0.002991,0.059814,0.001526
2026-06-11T16:23:43,2448,"(28, 28)","(8,)",20,0.000166,3031.559,3031.621,0.062,0.002991,0.059814,0.001526
2026-06-11T16:23:43,2449,"(28, 28)","(8,)",20,0.000158,3031.621,3031.684,0.062,0.002991,0.059814,0.001526
2026-06-11T16:23:43,2450,"(28, 28)","(8,)",20,0.000165,3031.684,3031.746,0.062,0.002991,0.059814,0.001526
2026-06-11T16:23:43,2451,"(28, 28)","(8,)",20,0.000165,3031.746,3031.809,0.062,0.002991,0.059814,0.001526
2026-06-11T16:23:43,2452,"(28, 28)","(8,)",20,0.000162,3031.809,3031.871,0.062,0.002991,0.059814,0.001526
2026-06-11T16:23:43,2453,"(28, 28)","(8,)",20,0.000162,3031.871,3031.934,0.062,0.002991,0.059814,0.001526
2026-06-11T16:23:43,2454,"(28, 28)","(8,)",20,0.000166,3031.934,3031.996,0.062,0.002991,0.059814,0.001526
2026-06-11T16:23:43,2455,"(28, 28)","(8,)",20,0.000176,3031.996,3032.059,0.062,0.002991,0.059814,0.001526
2026-06-11T16:23:43,2456,"(28, 28)","(8,)",20,0.000161,3032.059,3032.121,0.062,0.002991,0.059814,0.001526
2026-06-11T16:23:43,2457,"(28, 28)","(8,)",20,0.000161,3032.121,3032.184,0.062,0.002991,0.059814,0.001526
2026-06-11T16:23:43,2458,"(28, 28)","(8,)",20,0.000168,3032.184,3032.25,0.066,0.002991,0.059814,0.001526
2026-06-11T16:23:43,2459,"(28, 28)","(8,)",20,0.000168,3032.25,3032.312,0.062,0.002991,0.059814,0.001526
2026-06-11T16:23:43,2460,"(28, 28)","(8,)",20,0.000159,3032.312,3032.375,0.062,0.002991,0.059814,0.001526
2026-06-11T16:23:43,2461,"(28, 28)","(8,)",20,0.000159,3032.375,3032.438,0.062,0.002991,0.059814,0.001526
2026-06-11T16:23:43,2462,"(28, 28)","(8,)",20,0.000166,3032.438,3032.5,0.062,0.002991,0.059814,0.001526
2026-06-11T16:23:43,2463,"(28, 28)","(8,)",20,0.000172,3032.5,3032.562,0.062,0.002991,0.059814,0.001526
2026-06-11T16:23:43,2464,"(28, 28)","(8,)",20,0.000162,3032.562,3032.625,0.062,0.002991,0.059814,0.001526
2026-06-11T16:23:43,2465,"(28, 28)","(8,)",20,0.000166,3032.625,3032.688,0.062,0.002991,0.059814,0.001526
2026-06-11T16:23:43,2466,"(28, 28)","(8,)",20,0.000167,3032.688,3032.75,0.062,0.002991,0.059814,0.001526
2026-06-11T16:23:43,2467,"(28, 28)","(8,)",20,0.000163,3032.75,3032.812,0.062,0.002991,0.059814,0.001526
2026-06-11T16:23:43,2468,"(28, 28)","(8,)",20,0.000165,3032.812,3032.875,0.062,0.002991,0.059814,0.001526
2026-06-11T16:23:43,2469,"(28, 28)","(8,)",20,0.000163,3032.875,3032.938,0.062,0.002991,0.059814,0.001526
2026-06-11T16:23:43,2470,"(28, 28)","(8,)",20,0.000169,3032.938,3033.004,0.066,0.002991,0.059814,0.001526
2026-06-11T16:23:43,2471,"(28, 28)","(8,)",20,0.000162,3033.004,3033.066,0.062,0.002991,0.059814,0.001526
2026-06-11T16:23:43,2472,"(28, 28)","(8,)",20,0.000162,3033.066,3033.129,0.062,0.002991,0.059814,0.001526
2026-06-11T16:23:43,2473,"(28, 28)","(8,)",20,0.000162,3033.129,3033.191,0.062,0.002991,0.059814,0.001526
2026-06-11T16:23:43,2474,"(28, 28)","(8,)",20,0.000165,3033.191,3033.254,0.062,0.002991,0.059814,0.001526
2026-06-11T16:23:43,2475,"(28, 28)","(8,)",20,0.000163,3033.254,3033.316,0.062,0.002991,0.059814,0.001526
2026-06-11T16:23:43,2476,"(28, 28)","(8,)",20,0.000161,3033.316,3033.379,0.062,0.002991,0.059814,0.001526
2026-06-11T16:23:43,2477,"(28, 28)","(8,)",20,0.000161,3033.379,3033.441,0.062,0.002991,0.059814,0.001526
2026-06-11T16:23:43,2478,"(28, 28)","(8,)",20,0.000173,3033.441,3033.504,0.062,0.002991,0.059814,0.001526
2026-06-11T16:23:43,2479,"(28, 28)","(8,)",20,0.000164,3033.504,3033.566,0.062,0.002991,0.059814,0.001526
2026-06-11T16:23:43,2480,"(28, 28)","(8,)",20,0.000165,3033.566,3033.629,0.062,0.002991,0.059814,0.001526
2026-06-11T16:23:43,2481,"(28, 28)","(8,)",20,0.000159,3033.629,3033.691,0.062,0.002991,0.059814,0.001526
2026-06-11T16:23:43,2482,"(28, 28)","(8,)",20,0.000168,3033.695,3033.758,0.062,0.002991,0.059814,0.001526
2026-06-11T16:23:43,2483,"(28, 28)","(8,)",20,0.00016,3033.758,3033.82,0.062,0.002991,0.059814,0.001526
2026-06-11T16:23:43,2484,"(28, 28)","(8,)",20,0.00016,3033.82,3033.883,0.062,0.002991,0.059814,0.001526
2026-06-11T16:23:43,2485,"(28, 28)","(8,)",20,0.000166,3033.883,3033.945,0.062,0.002991,0.059814,0.001526
2026-06-11T16:23:43,2486,"(28, 28)","(8,)",20,0.000168,3033.945,3034.008,0.062,0.002991,0.059814,0.001526
2026-06-11T16:23:43,2487,"(28, 28)","(8,)",20,0.000165,3034.008,3034.07,0.062,0.002991,0.059814,0.001526
2026-06-11T16:23:43,2488,"(28, 28)","(8,)",20,0.000161,3034.07,3034.133,0.062,0.002991,0.059814,0.001526
2026-06-11T16:23:43,2489,"(28, 28)","(8,)",20,0.000165,3034.133,3034.195,0.062,0.002991,0.059814,0.001526
2026-06-11T16:23:43,2490,"(28, 28)","(8,)",20,0.00017,3034.195,3034.258,0.062,0.002991,0.059814,0.001526
2026-06-11T16:23:43,2491,"(28, 28)","(8,)",20,0.00016,3034.258,3034.32,0.062,0.002991,0.059814,0.001526
2026-06-11T16:23:43,2492,"(28, 28)","(8,)",20,0.000164,3034.32,3034.383,0.062,0.002991,0.059814,0.001526
2026-06-11T16:23:43,2493,"(28, 28)","(8,)",20,0.000164,3034.383,3034.449,0.066,0.002991,0.059814,0.001526
2026-06-11T16:23:43,2494,"(28, 28)","(8,)",20,0.000169,3034.449,3034.512,0.062,0.002991,0.059814,0.001526
2026-06-11T16:23:43,2495,"(28, 28)","(8,)",20,0.000159,3034.512,3034.574,0.062,0.002991,0.059814,0.001526
2026-06-11T16:23:43,2496,"(28, 28)","(8,)",20,0.000159,3034.574,3034.637,0.062,0.002991,0.059814,0.001526
2026-06-11T16:23:43,2497,"(28, 28)","(8,)",20,0.000163,3034.637,3034.699,0.062,0.002991,0.059814,0.001526
2026-06-11T16:23:43,2498,"(28, 28)","(8,)",20,0.000167,3034.699,3034.762,0.062,0.002991,0.059814,0.001526
2026-06-11T16:23:43,2499,"(28, 28)","(8,)",20,0.000164,3034.762,3034.824,0.062,0.002991,0.059814,0.001526
2026-06-11T16:23:43,2500,"(28, 28)","(8,)",20,0.00016,3034.824,3034.887,0.062,0.002991,0.059814,0.001526
2026-06-11T16:23:43,2501,"(28, 28)","(8,)",20,0.000166,3034.887,3034.949,0.062,0.002991,0.059814,0.001526
2026-06-11T16:23:43,2502,"(28, 28)","(8,)",20,0.00017,3034.949,3035.012,0.062,0.002991,0.059814,0.001526
2026-06-11T16:23:43,2503,"(28, 28)","(8,)",20,0.000161,3035.012,3035.074,0.062,0.002991,0.059814,0.001526
2026-06-11T16:23:43,2504,"(28, 28)","(8,)",20,0.000165,3035.074,3035.137,0.062,0.002991,0.059814,0.001526
2026-06-11T16:23:43,2505,"(28, 28)","(8,)",20,0.000167,3035.137,3035.203,0.066,0.002991,0.059814,0.001526
2026-06-11T16:23:43,2506,"(28, 28)","(8,)",20,0.000167,3035.203,3035.266,0.062,0.002991,0.059814,0.001526
2026-06-11T16:23:43,2507,"(28, 28)","(8,)",20,0.000161,3035.266,3035.328,0.062,0.002991,0.059814,0.001526
2026-06-11T16:23:43,2508,"(28, 28)","(8,)",20,0.00016,3035.328,3035.391,0.062,0.002991,0.059814,0.001526
2026-06-11T16:23:43,2509,"(28, 28)","(8,)",20,0.000164,3035.391,3035.453,0.062,0.002991,0.059814,0.001526
2026-06-11T16:23:43,2510,"(28, 28)","(8,)",20,0.000164,3035.453,3035.516,0.062,0.002991,0.059814,0.001526
2026-06-11T16:23:43,2511,"(28, 28)","(8,)",20,0.000166,3035.516,3035.578,0.062,0.002991,0.059814,0.001526
2026-06-11T16:23:43,2512,"(28, 28)","(8,)",20,0.000164,3035.578,3035.641,0.062,0.002991,0.059814,0.001526
2026-06-11T16:23:43,2513,"(28, 28)","(8,)",20,0.000167,3035.641,3035.703,0.062,0.002991,0.059814,0.001526
2026-06-11T16:23:43,2514,"(28, 28)","(8,)",20,0.000164,3035.703,3035.766,0.062,0.002991,0.059814,0.001526
2026-06-11T16:23:43,2515,"(28, 28)","(8,)",20,0.000164,3035.766,3035.828,0.062,0.002991,0.059814,0.001526
2026-06-11T16:23:43,2516,"(28, 28)","(8,)",20,0.000163,3035.828,3035.895,0.066,0.002991,0.059814,0.001526
2026-06-11T16:23:43,2517,"(28, 28)","(8,)",20,0.000162,3035.895,3035.957,0.062,0.002991,0.059814,0.001526
2026-06-11T16:23:43,2518,"(28, 28)","(8,)",20,0.000161,3035.957,3036.02,0.062,0.002991,0.059814,0.001526
2026-06-11T16:23:43,2519,"(28, 28)","(8,)",20,0.000162,3036.02,3036.082,0.062,0.002991,0.059814,0.001526
2026-06-11T16:23:43,2520,"(28, 28)","(8,)",20,0.000161,3036.082,3036.145,0.062,0.002991,0.059814,0.001526
2026-06-11T16:23:43,2521,"(28, 28)","(8,)",20,0.000169,3036.145,3036.207,0.062,0.002991,0.059814,0.001526
2026-06-11T16:23:43,2522,"(28, 28)","(8,)",20,0.00016,3036.207,3036.27,0.062,0.002991,0.059814,0.001526
2026-06-11T16:23:43,2523,"(28, 28)","(8,)",20,0.000163,3036.27,3036.332,0.062,0.002991,0.059814,0.001526
2026-06-11T16:23:43,2524,"(28, 28)","(8,)",20,0.000161,3036.332,3036.395,0.062,0.002991,0.059814,0.001526
2026-06-11T16:23:43,2525,"(28, 28)","(8,)",20,0.00018,3036.395,3036.457,0.062,0.002991,0.059814,0.001526
2026-06-11T16:23:43,2526,"(28, 28)","(8,)",20,0.000163,3036.457,3036.52,0.062,0.002991,0.059814,0.001526
2026-06-11T16:23:43,2527,"(28, 28)","(8,)",20,0.000161,3036.52,3036.582,0.062,0.002991,0.059814,0.001526
2026-06-11T16:23:43,2528,"(28, 28)","(8,)",20,0.000171,3036.582,3036.648,0.066,0.002991,0.059814,0.001526
2026-06-11T16:23:43,2529,"(28, 28)","(8,)",20,0.000167,3036.648,3036.711,0.062,0.002991,0.059814,0.001526
2026-06-11T16:23:43,2530,"(28, 28)","(8,)",20,0.000163,3036.711,3036.773,0.062,0.002991,0.059814,0.001526
2026-06-11T16:23:43,2531,"(28, 28)","(8,)",20,0.000161,3036.773,3036.836,0.062,0.002991,0.059814,0.001526
2026-06-11T16:23:43,2532,"(28, 28)","(8,)",20,0.000164,3036.836,3036.898,0.062,0.002991,0.059814,0.001526
2026-06-11T16:23:43,2533,"(28, 28)","(8,)",20,0.000173,3036.898,3036.961,0.062,0.002991,0.059814,0.001526
2026-06-11T16:23:43,2534,"(28, 28)","(8,)",20,0.00016,3036.961,3037.023,0.062,0.002991,0.059814,0.001526
2026-06-11T16:23:43,2535,"(28, 28)","(8,)",20,0.000161,3037.023,3037.086,0.062,0.002991,0.059814,0.001526
2026-06-11T16:23:43,2536,"(28, 28)","(8,)",20,0.000167,3037.086,3037.148,0.062,0.002991,0.059814,0.001526
2026-06-11T16:23:43,2537,"(28, 28)","(8,)",20,0.00017,3037.148,3037.211,0.062,0.002991,0.059814,0.001526
2026-06-11T16:23:43,2538,"(28, 28)","(8,)",20,0.000163,3037.211,3037.273,0.062,0.002991,0.059814,0.001526
2026-06-11T16:23:43,2539,"(28, 28)","(8,)",20,0.000161,3037.273,3037.336,0.062,0.002991,0.059814,0.001526
2026-06-11T16:23:43,2540,"(28, 28)","(8,)",20,0.000166,3037.336,3037.402,0.066,0.002991,0.059814,0.001526
2026-06-11T16:23:43,2541,"(28, 28)","(8,)",20,0.000182,3037.402,3037.465,0.062,0.002991,0.059814,0.001526
2026-06-11T16:23:43,2542,"(28, 28)","(8,)",20,0.000162,3037.465,3037.527,0.062,0.002991,0.059814,0.001526
2026-06-11T16:23:43,2543,"(28, 28)","(8,)",20,0.000161,3037.527,3037.59,0.062,0.002991,0.059814,0.001526
2026-06-11T16:23:43,2544,"(28, 28)","(8,)",20,0.000168,3037.59,3037.652,0.062,0.002991,0.059814,0.001526
2026-06-11T16:23:43,2545,"(28, 28)","(8,)",20,0.00017,3037.652,3037.715,0.062,0.002991,0.059814,0.001526
2026-06-11T16:23:43,2546,"(28, 28)","(8,)",20,0.000163,3037.715,3037.777,0.062,0.002991,0.059814,0.001526
2026-06-11T16:23:43,2547,"(28, 28)","(8,)",20,0.000166,3037.777,3037.84,0.062,0.002991,0.059814,0.001526
2026-06-11T16:23:43,2548,"(28, 28)","(8,)",20,0.000194,3037.84,3037.902,0.062,0.002991,0.059814,0.001526
2026-06-11T16:23:43,2549,"(28, 28)","(8,)",20,0.000162,3037.902,3037.965,0.062,0.002991,0.059814,0.001526
2026-06-11T16:23:43,2550,"(28, 28)","(8,)",20,0.000162,3037.965,3038.027,0.062,0.002991,0.059814,0.001526
2026-06-11T16:23:43,2551,"(28, 28)","(8,)",20,0.000161,3038.027,3038.094,0.066,0.002991,0.059814,0.001526
2026-06-11T16:23:43,2552,"(28, 28)","(8,)",20,0.00017,3038.094,3038.156,0.062,0.002991,0.059814,0.001526
2026-06-11T16:23:43,2553,"(28, 28)","(8,)",20,0.000161,3038.156,3038.219,0.062,0.002991,0.059814,0.001526
2026-06-11T16:23:43,2554,"(28, 28)","(8,)",20,0.000158,3038.219,3038.281,0.062,0.002991,0.059814,0.001526
2026-06-11T16:23:43,2555,"(28, 28)","(8,)",20,0.000162,3038.281,3038.344,0.062,0.002991,0.059814,0.001526
2026-06-11T16:23:43,2556,"(28, 28)","(8,)",20,0.000175,3038.344,3038.406,0.062,0.002991,0.059814,0.001526
2026-06-11T16:23:43,2557,"(28, 28)","(8,)",20,0.000161,3038.406,3038.469,0.062,0.002991,0.059814,0.001526
2026-06-11T16:23:43,2558,"(28, 28)","(8,)",20,0.000162,3038.469,3038.531,0.062,0.002991,0.059814,0.001526
2026-06-11T16:23:43,2559,"(28, 28)","(8,)",20,0.000159,3038.531,3038.594,0.062,0.002991,0.059814,0.001526
2026-06-11T16:23:43,2560,"(28, 28)","(8,)",20,0.000172,3038.594,3038.656,0.062,0.002991,0.059814,0.001526
2026-06-11T16:23:43,2561,"(28, 28)","(8,)",20,0.000162,3038.699,3038.758,0.059,0.002991,0.059814,0.001526
2026-06-11T16:23:43,2562,"(28, 28)","(8,)",20,0.000159,3038.758,3038.816,0.059,0.002991,0.059814,0.001526
2026-06-11T16:23:43,2563,"(28, 28)","(8,)",20,0.000165,3038.816,3038.879,0.062,0.002991,0.059814,0.001526
2026-06-11T16:23:43,2564,"(28, 28)","(8,)",20,0.000171,3038.879,3038.938,0.059,0.002991,0.059814,0.001526
2026-06-11T16:23:43,2565,"(28, 28)","(8,)",20,0.000158,3038.938,3038.996,0.059,0.002991,0.059814,0.001526
2026-06-11T16:23:43,2566,"(28, 28)","(8,)",20,0.000158,3038.996,3039.055,0.059,0.002991,0.059814,0.001526
2026-06-11T16:23:43,2567,"(28, 28)","(8,)",20,0.000166,3039.055,3039.117,0.062,0.002991,0.059814,0.001526
2026-06-11T16:23:43,2568,"(28, 28)","(8,)",20,0.000166,3039.117,3039.176,0.059,0.002991,0.059814,0.001526
2026-06-11T16:23:43,2569,"(28, 28)","(8,)",20,0.000159,3039.176,3039.234,0.059,0.002991,0.059814,0.001526
2026-06-11T16:23:43,2570,"(28, 28)","(8,)",20,0.000162,3039.234,3039.297,0.062,0.002991,0.059814,0.001526
2026-06-11T16:23:43,2571,"(28, 28)","(8,)",20,0.000163,3039.297,3039.355,0.059,0.002991,0.059814,0.001526
2026-06-11T16:23:43,2572,"(28, 28)","(8,)",20,0.000167,3039.355,3039.414,0.059,0.002991,0.059814,0.001526
2026-06-11T16:23:43,2573,"(28, 28)","(8,)",20,0.000164,3039.414,3039.477,0.062,0.002991,0.059814,0.001526
2026-06-11T16:23:43,2574,"(28, 28)","(8,)",20,0.000162,3039.477,3039.535,0.059,0.002991,0.059814,0.001526
2026-06-11T16:23:43,2575,"(28, 28)","(8,)",20,0.000168,3039.535,3039.594,0.059,0.002991,0.059814,0.001526
2026-06-11T16:23:43,2576,"(28, 28)","(8,)",20,0.000182,3039.594,3039.656,0.062,0.002991,0.059814,0.001526
2026-06-11T16:23:43,2577,"(28, 28)","(8,)",20,0.000162,3039.656,3039.715,0.059,0.002991,0.059814,0.001526
2026-06-11T16:23:43,2578,"(28, 28)","(8,)",20,0.000158,3039.715,3039.773,0.059,0.002991,0.059814,0.001526
2026-06-11T16:23:43,2579,"(28, 28)","(8,)",20,0.000161,3039.773,3039.836,0.062,0.002991,0.059814,0.001526
2026-06-11T16:23:43,2580,"(28, 28)","(8,)",20,0.000171,3039.836,3039.895,0.059,0.002991,0.059814,0.001526
2026-06-11T16:23:43,2581,"(28, 28)","(8,)",20,0.000159,3039.895,3039.953,0.059,0.002991,0.059814,0.001526
2026-06-11T16:23:43,2582,"(28, 28)","(8,)",20,0.00016,3039.953,3040.02,0.066,0.002991,0.059814,0.001526
2026-06-11T16:23:43,2583,"(28, 28)","(8,)",20,0.000157,3040.02,3040.078,0.059,0.002991,0.059814,0.001526
2026-06-11T16:23:43,2584,"(28, 28)","(8,)",20,0.000172,3040.078,3040.141,0.062,0.002991,0.059814,0.001526
2026-06-11T16:23:43,2585,"(28, 28)","(8,)",20,0.000162,3040.141,3040.203,0.062,0.002991,0.059814,0.001526
2026-06-11T16:23:43,2586,"(28, 28)","(8,)",20,0.00016,3040.203,3040.262,0.059,0.002991,0.059814,0.001526
2026-06-11T16:23:43,2587,"(28, 28)","(8,)",20,0.000166,3040.262,3040.324,0.062,0.002991,0.059814,0.001526
2026-06-11T16:23:43,2588,"(28, 28)","(8,)",20,0.000175,3040.324,3040.387,0.062,0.002991,0.059814,0.001526
2026-06-11T16:23:43,2589,"(28, 28)","(8,)",20,0.00016,3040.391,3040.453,0.062,0.002991,0.059814,0.001526
2026-06-11T16:23:43,2590,"(28, 28)","(8,)",20,0.000159,3040.453,3040.516,0.062,0.002991,0.059814,0.001526
2026-06-11T16:23:43,2591,"(28, 28)","(8,)",20,0.000164,3040.516,3040.578,0.062,0.002991,0.059814,0.001526
2026-06-11T16:23:43,2592,"(28, 28)","(8,)",20,0.000171,3040.578,3040.641,0.062,0.002991,0.059814,0.001526
2026-06-11T16:23:43,2593,"(28, 28)","(8,)",20,0.00016,3040.641,3040.703,0.062,0.002991,0.059814,0.001526
2026-06-11T16:23:43,2594,"(28, 28)","(8,)",20,0.000161,3040.703,3040.766,0.062,0.002991,0.059814,0.001526
2026-06-11T16:23:43,2595,"(28, 28)","(8,)",20,0.000167,3040.766,3040.828,0.062,0.002991,0.059814,0.001526
2026-06-11T16:23:43,2596,"(28, 28)","(8,)",20,0.000162,3040.828,3040.891,0.062,0.002991,0.059814,0.001526
2026-06-11T16:23:43,2597,"(28, 28)","(8,)",20,0.00016,3040.891,3040.953,0.062,0.002991,0.059814,0.001526
2026-06-11T16:23:43,2598,"(28, 28)","(8,)",20,0.000159,3040.953,3041.016,0.062,0.002991,0.059814,0.001526
2026-06-11T16:23:43,2599,"(28, 28)","(8,)",20,0.000168,3041.016,3041.078,0.062,0.002991,0.059814,0.001526
2026-06-11T16:23:43,2600,"(28, 28)","(8,)",20,0.000163,3041.078,3041.145,0.066,0.002991,0.059814,0.001526
2026-06-11T16:23:43,2601,"(28, 28)","(8,)",20,0.000163,3041.145,3041.207,0.062,0.002991,0.059814,0.001526
2026-06-11T16:23:43,2602,"(28, 28)","(8,)",20,0.000163,3041.207,3041.27,0.062,0.002991,0.059814,0.001526
2026-06-11T16:23:43,2603,"(28, 28)","(8,)",20,0.000176,3041.27,3041.332,0.062,0.002991,0.059814,0.001526
2026-06-11T16:23:43,2604,"(28, 28)","(8,)",20,0.000163,3041.332,3041.395,0.062,0.002991,0.059814,0.001526
2026-06-11T16:23:43,2605,"(28, 28)","(8,)",20,0.000161,3041.395,3041.457,0.062,0.002991,0.059814,0.001526
2026-06-11T16:23:43,2606,"(28, 28)","(8,)",20,0.000165,3041.457,3041.52,0.062,0.002991,0.059814,0.001526
2026-06-11T16:23:43,2607,"(28, 28)","(8,)",20,0.000167,3041.52,3041.582,0.062,0.002991,0.059814,0.001526
2026-06-11T16:23:43,2608,"(28, 28)","(8,)",20,0.000162,3041.582,3041.645,0.062,0.002991,0.059814,0.001526
2026-06-11T16:23:43,2609,"(28, 28)","(8,)",20,0.000161,3041.645,3041.707,0.062,0.002991,0.059814,0.001526
2026-06-11T16:23:43,2610,"(28, 28)","(8,)",20,0.000161,3041.707,3041.77,0.062,0.002991,0.059814,0.001526
2026-06-11T16:23:43,2611,"(28, 28)","(8,)",20,0.000173,3041.77,3041.832,0.062,0.002991,0.059814,0.001526
2026-06-11T16:23:43,2612,"(28, 28)","(8,)",20,0.000159,3041.832,3041.898,0.066,0.002991,0.059814,0.001526
2026-06-11T16:23:43,2613,"(28, 28)","(8,)",20,0.000162,3041.898,3041.961,0.062,0.002991,0.059814,0.001526
2026-06-11T16:23:43,2614,"(28, 28)","(8,)",20,0.000159,3041.961,3042.023,0.062,0.002991,0.059814,0.001526
2026-06-11T16:23:43,2615,"(28, 28)","(8,)",20,0.000169,3042.023,3042.086,0.062,0.002991,0.059814,0.001526
2026-06-11T16:23:43,2616,"(28, 28)","(8,)",20,0.00016,3042.086,3042.148,0.062,0.002991,0.059814,0.001526
2026-06-11T16:23:43,2617,"(28, 28)","(8,)",20,0.000163,3042.148,3042.211,0.062,0.002991,0.059814,0.001526
2026-06-11T16:23:43,2618,"(28, 28)","(8,)",20,0.000164,3042.211,3042.273,0.062,0.002991,0.059814,0.001526
2026-06-11T16:23:43,2619,"(28, 28)","(8,)",20,0.000172,3042.273,3042.336,0.062,0.002991,0.059814,0.001526
2026-06-11T16:23:43,2620,"(28, 28)","(8,)",20,0.000161,3042.336,3042.398,0.062,0.002991,0.059814,0.001526
2026-06-11T16:23:43,2621,"(28, 28)","(8,)",20,0.000161,3042.398,3042.461,0.062,0.002991,0.059814,0.001526
2026-06-11T16:23:43,2622,"(28, 28)","(8,)",20,0.000162,3042.461,3042.523,0.062,0.002991,0.059814,0.001526
2026-06-11T16:23:43,2623,"(28, 28)","(8,)",20,0.000176,3042.523,3042.59,0.066,0.002991,0.059814,0.001526
2026-06-11T16:23:43,2624,"(28, 28)","(8,)",20,0.000159,3042.59,3042.652,0.062,0.002991,0.059814,0.001526
2026-06-11T16:23:43,2625,"(28, 28)","(8,)",20,0.000161,3042.652,3042.715,0.062,0.002991,0.059814,0.001526
2026-06-11T16:23:43,2626,"(28, 28)","(8,)",20,0.000159,3042.715,3042.777,0.062,0.002991,0.059814,0.001526
2026-06-11T16:23:43,2627,"(28, 28)","(8,)",20,0.00018,3042.777,3042.84,0.062,0.002991,0.059814,0.001526
2026-06-11T16:23:43,2628,"(28, 28)","(8,)",20,0.000166,3042.84,3042.902,0.062,0.002991,0.059814,0.001526
2026-06-11T16:23:43,2629,"(28, 28)","(8,)",20,0.000164,3042.902,3042.965,0.062,0.002991,0.059814,0.001526
2026-06-11T16:23:43,2630,"(28, 28)","(8,)",20,0.00016,3042.965,3043.027,0.062,0.002991,0.059814,0.001526
2026-06-11T16:23:43,2631,"(28, 28)","(8,)",20,0.000247,3043.027,3043.09,0.062,0.002991,0.059814,0.001526
2026-06-11T16:23:43,2632,"(28, 28)","(8,)",20,0.000163,3043.09,3043.152,0.062,0.002991,0.059814,0.001526
2026-06-11T16:23:43,2633,"(28, 28)","(8,)",20,0.000163,3043.152,3043.215,0.062,0.002991,0.059814,0.001526
2026-06-11T16:23:43,2634,"(28, 28)","(8,)",20,0.000161,3043.215,3043.277,0.062,0.002991,0.059814,0.001526
2026-06-11T16:23:43,2635,"(28, 28)","(8,)",20,0.000166,3043.277,3043.344,0.066,0.002991,0.059814,0.001526
2026-06-11T16:23:43,2636,"(28, 28)","(8,)",20,0.000159,3043.344,3043.406,0.062,0.002991,0.059814,0.001526
2026-06-11T16:23:43,2637,"(28, 28)","(8,)",20,0.000159,3043.406,3043.469,0.062,0.002991,0.059814,0.001526
2026-06-11T16:23:43,2638,"(28, 28)","(8,)",20,0.000167,3043.469,3043.531,0.062,0.002991,0.059814,0.001526
2026-06-11T16:23:43,2639,"(28, 28)","(8,)",20,0.000162,3043.531,3043.594,0.062,0.002991,0.059814,0.001526
2026-06-11T16:23:43,2640,"(28, 28)","(8,)",20,0.000164,3043.594,3043.656,0.062,0.002991,0.059814,0.001526
2026-06-11T16:23:43,2641,"(28, 28)","(8,)",20,0.000159,3043.656,3043.719,0.062,0.002991,0.059814,0.001526
2026-06-11T16:23:43,2642,"(28, 28)","(8,)",20,0.00017,3043.719,3043.781,0.062,0.002991,0.059814,0.001526
2026-06-11T16:23:43,2643,"(28, 28)","(8,)",20,0.000161,3043.781,3043.844,0.062,0.002991,0.059814,0.001526
2026-06-11T16:23:43,2644,"(28, 28)","(8,)",20,0.00016,3043.844,3043.906,0.062,0.002991,0.059814,0.001526
2026-06-11T16:23:43,2645,"(28, 28)","(8,)",20,0.000162,3043.906,3043.969,0.062,0.002991,0.059814,0.001526
2026-06-11T16:23:43,2646,"(28, 28)","(8,)",20,0.00017,3043.969,3044.031,0.062,0.002991,0.059814,0.001526
2026-06-11T16:23:43,2647,"(28, 28)","(8,)",20,0.000163,3044.031,3044.098,0.066,0.002991,0.059814,0.001526
2026-06-11T16:23:43,2648,"(28, 28)","(8,)",20,0.000158,3044.098,3044.16,0.062,0.002991,0.059814,0.001526
2026-06-11T16:23:43,2649,"(28, 28)","(8,)",20,0.000158,3044.16,3044.223,0.062,0.002991,0.059814,0.001526
2026-06-11T16:23:43,2650,"(28, 28)","(8,)",20,0.000168,3044.223,3044.285,0.062,0.002991,0.059814,0.001526
2026-06-11T16:23:43,2651,"(28, 28)","(8,)",20,0.000161,3044.285,3044.348,0.062,0.002991,0.059814,0.001526
2026-06-11T16:23:43,2652,"(28, 28)","(8,)",20,0.000162,3044.348,3044.41,0.062,0.002991,0.059814,0.001526
2026-06-11T16:23:43,2653,"(28, 28)","(8,)",20,0.000161,3044.41,3044.473,0.062,0.002991,0.059814,0.001526
2026-06-11T16:23:43,2654,"(28, 28)","(8,)",20,0.000173,3044.473,3044.535,0.062,0.002991,0.059814,0.001526
2026-06-11T16:23:43,2655,"(28, 28)","(8,)",20,0.000159,3044.535,3044.598,0.062,0.002991,0.059814,0.001526
2026-06-11T16:23:43,2656,"(28, 28)","(8,)",20,0.000161,3044.598,3044.66,0.062,0.002991,0.059814,0.001526
2026-06-11T16:23:43,2657,"(28, 28)","(8,)",20,0.000162,3044.66,3044.723,0.062,0.002991,0.059814,0.001526
2026-06-11T16:23:43,2658,"(28, 28)","(8,)",20,0.00018,3044.723,3044.789,0.066,0.002991,0.059814,0.001526
2026-06-11T16:23:43,2659,"(28, 28)","(8,)",20,0.000161,3044.789,3044.852,0.062,0.002991,0.059814,0.001526
2026-06-11T16:23:43,2660,"(28, 28)","(8,)",20,0.000158,3044.852,3044.914,0.062,0.002991,0.059814,0.001526
2026-06-11T16:23:43,2661,"(28, 28)","(8,)",20,0.000161,3044.914,3044.977,0.062,0.002991,0.059814,0.001526
2026-06-11T16:23:43,2662,"(28, 28)","(8,)",20,0.000177,3044.977,3045.039,0.062,0.002991,0.059814,0.001526
2026-06-11T16:23:43,2663,"(28, 28)","(8,)",20,0.000161,3045.039,3045.102,0.062,0.002991,0.059814,0.001526
2026-06-11T16:23:43,2664,"(28, 28)","(8,)",20,0.000162,3045.102,3045.164,0.062,0.002991,0.059814,0.001526
2026-06-11T16:23:43,2665,"(28, 28)","(8,)",20,0.000164,3045.164,3045.227,0.062,0.002991,0.059814,0.001526
2026-06-11T16:23:43,2666,"(28, 28)","(8,)",20,0.00018,3045.227,3045.289,0.062,0.002991,0.059814,0.001526
2026-06-11T16:23:43,2667,"(28, 28)","(8,)",20,0.000173,3045.289,3045.352,0.062,0.002991,0.059814,0.001526
2026-06-11T16:23:43,2668,"(28, 28)","(8,)",20,0.000166,3045.352,3045.414,0.062,0.002991,0.059814,0.001526
2026-06-11T16:23:43,2669,"(28, 28)","(8,)",20,0.000168,3045.414,3045.477,0.062,0.002991,0.059814,0.001526
2026-06-11T16:23:43,2670,"(28, 28)","(8,)",20,0.000185,3045.477,3045.543,0.066,0.002991,0.059814,0.001526
2026-06-11T16:23:43,2671,"(28, 28)","(8,)",20,0.000167,3045.543,3045.605,0.062,0.002991,0.059814,0.001526
2026-06-11T16:23:43,2672,"(28, 28)","(8,)",20,0.000161,3045.605,3045.668,0.062,0.002991,0.059814,0.001526
2026-06-11T16:23:43,2673,"(28, 28)","(8,)",20,0.000161,3045.668,3045.73,0.062,0.002991,0.059814,0.001526
2026-06-11T16:23:43,2674,"(28, 28)","(8,)",20,0.000168,3045.73,3045.793,0.062,0.002991,0.059814,0.001526
2026-06-11T16:23:43,2675,"(28, 28)","(8,)",20,0.000164,3045.793,3045.855,0.062,0.002991,0.059814,0.001526
2026-06-11T16:23:43,2676,"(28, 28)","(8,)",20,0.000164,3045.855,3045.918,0.062,0.002991,0.059814,0.001526
2026-06-11T16:23:43,2677,"(28, 28)","(8,)",20,0.000162,3045.918,3045.98,0.062,0.002991,0.059814,0.001526
2026-06-11T16:23:43,2678,"(28, 28)","(8,)",20,0.000163,3045.98,3046.043,0.062,0.002991,0.059814,0.001526
2026-06-11T16:23:43,2679,"(28, 28)","(8,)",20,0.000163,3046.043,3046.105,0.062,0.002991,0.059814,0.001526
2026-06-11T16:23:43,2680,"(28, 28)","(8,)",20,0.000161,3046.105,3046.168,0.062,0.002991,0.059814,0.001526
2026-06-11T16:23:43,2681,"(28, 28)","(8,)",20,0.000182,3046.168,3046.23,0.062,0.002991,0.059814,0.001526
2026-06-11T16:23:43,2682,"(28, 28)","(8,)",20,0.000169,3046.234,3046.297,0.062,0.002991,0.059814,0.001526
2026-06-11T16:23:43,2683,"(28, 28)","(8,)",20,0.000162,3046.297,3046.359,0.062,0.002991,0.059814,0.001526
2026-06-11T16:23:43,2684,"(28, 28)","(8,)",20,0.000161,3046.359,3046.422,0.062,0.002991,0.059814,0.001526
2026-06-11T16:23:43,2685,"(28, 28)","(8,)",20,0.000178,3046.422,3046.484,0.062,0.002991,0.059814,0.001526
2026-06-11T16:23:43,2686,"(28, 28)","(8,)",20,0.000166,3046.484,3046.547,0.062,0.002991,0.059814,0.001526
2026-06-11T16:23:43,2687,"(28, 28)","(8,)",20,0.000167,3046.547,3046.609,0.062,0.002991,0.059814,0.001526
2026-06-11T16:23:43,2688,"(28, 28)","(8,)",20,0.000166,3046.609,3046.672,0.062,0.002991,0.059814,0.001526
2026-06-11T16:23:43,2689,"(28, 28)","(8,)",20,0.000188,3046.672,3046.734,0.062,0.002991,0.059814,0.001526
2026-06-11T16:23:43,2690,"(28, 28)","(8,)",20,0.000163,3046.734,3046.797,0.062,0.002991,0.059814,0.001526
2026-06-11T16:23:43,2691,"(28, 28)","(8,)",20,0.000164,3046.797,3046.859,0.062,0.002991,0.059814,0.001526
2026-06-11T16:23:43,2692,"(28, 28)","(8,)",20,0.000164,3046.859,3046.922,0.062,0.002991,0.059814,0.001526
2026-06-11T16:23:43,2693,"(28, 28)","(8,)",20,0.00018,3046.922,3046.988,0.066,0.002991,0.059814,0.001526
2026-06-11T16:23:43,2694,"(28, 28)","(8,)",20,0.000163,3046.988,3047.051,0.062,0.002991,0.059814,0.001526
2026-06-11T16:23:43,2695,"(28, 28)","(8,)",20,0.000162,3047.051,3047.113,0.062,0.002991,0.059814,0.001526
2026-06-11T16:23:43,2696,"(28, 28)","(8,)",20,0.000172,3047.113,3047.176,0.062,0.002991,0.059814,0.001526
2026-06-11T16:23:43,2697,"(28, 28)","(8,)",20,0.000174,3047.176,3047.238,0.062,0.002991,0.059814,0.001526
2026-06-11T16:23:43,2698,"(28, 28)","(8,)",20,0.000164,3047.238,3047.301,0.062,0.002991,0.059814,0.001526
2026-06-11T16:23:43,2699,"(28, 28)","(8,)",20,0.000167,3047.301,3047.363,0.062,0.002991,0.059814,0.001526
2026-06-11T16:23:43,2700,"(28, 28)","(8,)",20,0.000163,3047.363,3047.426,0.062,0.002991,0.059814,0.001526
2026-06-11T16:23:43,2701,"(28, 28)","(8,)",20,0.000168,3047.426,3047.488,0.062,0.002991,0.059814,0.001526
2026-06-11T16:23:43,2702,"(28, 28)","(8,)",20,0.000165,3047.488,3047.551,0.062,0.002991,0.059814,0.001526
2026-06-11T16:23:43,2703,"(28, 28)","(8,)",20,0.000166,3047.551,3047.613,0.062,0.002991,0.059814,0.001526
2026-06-11T16:23:43,2704,"(28, 28)","(8,)",20,0.000172,3047.613,3047.676,0.062,0.002991,0.059814,0.001526
2026-06-11T16:23:43,2705,"(28, 28)","(8,)",20,0.00017,3047.676,3047.742,0.066,0.002991,0.059814,0.001526
2026-06-11T16:23:43,2706,"(28, 28)","(8,)",20,0.000169,3047.742,3047.805,0.062,0.002991,0.059814,0.001526
2026-06-11T16:23:43,2707,"(28, 28)","(8,)",20,0.000159,3047.805,3047.867,0.062,0.002991,0.059814,0.001526
2026-06-11T16:23:43,2708,"(28, 28)","(8,)",20,0.000175,3047.867,3047.93,0.062,0.002991,0.059814,0.001526
2026-06-11T16:23:43,2709,"(28, 28)","(8,)",20,0.000168,3047.93,3047.992,0.062,0.002991,0.059814,0.001526
2026-06-11T16:23:43,2710,"(28, 28)","(8,)",20,0.000165,3047.992,3048.055,0.062,0.002991,0.059814,0.001526
2026-06-11T16:23:43,2711,"(28, 28)","(8,)",20,0.000162,3048.055,3048.117,0.062,0.002991,0.059814,0.001526
2026-06-11T16:23:43,2712,"(28, 28)","(8,)",20,0.000173,3048.117,3048.18,0.062,0.002991,0.059814,0.001526
2026-06-11T16:23:43,2713,"(28, 28)","(8,)",20,0.000167,3048.18,3048.242,0.062,0.002991,0.059814,0.001526
2026-06-11T16:23:43,2714,"(28, 28)","(8,)",20,0.00017,3048.242,3048.305,0.062,0.002991,0.059814,0.001526
2026-06-11T16:23:43,2715,"(28, 28)","(8,)",20,0.000168,3048.305,3048.367,0.062,0.002991,0.059814,0.001526
2026-06-11T16:23:43,2716,"(28, 28)","(8,)",20,0.000163,3048.367,3048.43,0.062,0.002991,0.059814,0.001526
2026-06-11T16:23:43,2717,"(28, 28)","(8,)",20,0.000169,3048.434,3048.496,0.062,0.002991,0.059814,0.001526
2026-06-11T16:23:43,2718,"(28, 28)","(8,)",20,0.000164,3048.496,3048.559,0.062,0.002991,0.059814,0.001526
2026-06-11T16:23:43,2719,"(28, 28)","(8,)",20,0.00016,3048.559,3048.621,0.062,0.002991,0.059814,0.001526
2026-06-11T16:23:43,2720,"(28, 28)","(8,)",20,0.000164,3048.621,3048.684,0.062,0.002991,0.059814,0.001526
2026-06-11T16:23:43,2721,"(28, 28)","(8,)",20,0.000162,3048.684,3048.746,0.062,0.002991,0.059814,0.001526
2026-06-11T16:23:43,2722,"(28, 28)","(8,)",20,0.000164,3048.746,3048.809,0.062,0.002991,0.059814,0.001526
2026-06-11T16:23:43,2723,"(28, 28)","(8,)",20,0.000162,3048.809,3048.871,0.062,0.002991,0.059814,0.001526
2026-06-11T16:23:43,2724,"(28, 28)","(8,)",20,0.000169,3048.871,3048.934,0.062,0.002991,0.059814,0.001526
2026-06-11T16:23:43,2725,"(28, 28)","(8,)",20,0.000164,3048.934,3048.996,0.062,0.002991,0.059814,0.001526
2026-06-11T16:23:43,2726,"(28, 28)","(8,)",20,0.000165,3048.996,3049.059,0.062,0.002991,0.059814,0.001526
2026-06-11T16:23:43,2727,"(28, 28)","(8,)",20,0.000171,3049.059,3049.121,0.062,0.002991,0.059814,0.001526
2026-06-11T16:23:43,2728,"(28, 28)","(8,)",20,0.000175,3049.121,3049.188,0.066,0.002991,0.059814,0.001526
2026-06-11T16:23:43,2729,"(28, 28)","(8,)",20,0.000167,3049.188,3049.25,0.062,0.002991,0.059814,0.001526
2026-06-11T16:23:43,2730,"(28, 28)","(8,)",20,0.000162,3049.25,3049.312,0.062,0.002991,0.059814,0.001526
2026-06-11T16:23:43,2731,"(28, 28)","(8,)",20,0.000174,3049.312,3049.375,0.062,0.002991,0.059814,0.001526
2026-06-11T16:23:43,2732,"(28, 28)","(8,)",20,0.000176,3049.375,3049.438,0.062,0.002991,0.059814,0.001526
2026-06-11T16:23:43,2733,"(28, 28)","(8,)",20,0.000163,3049.438,3049.5,0.062,0.002991,0.059814,0.001526
2026-06-11T16:23:43,2734,"(28, 28)","(8,)",20,0.000165,3049.5,3049.562,0.062,0.002991,0.059814,0.001526
2026-06-11T16:23:43,2735,"(28, 28)","(8,)",20,0.000172,3049.562,3049.625,0.062,0.002991,0.059814,0.001526
2026-06-11T16:23:43,2736,"(28, 28)","(8,)",20,0.000167,3049.625,3049.688,0.062,0.002991,0.059814,0.001526
2026-06-11T16:23:43,2737,"(28, 28)","(8,)",20,0.000161,3049.688,3049.75,0.062,0.002991,0.059814,0.001526
2026-06-11T16:23:43,2738,"(28, 28)","(8,)",20,0.000161,3049.75,3049.812,0.062,0.002991,0.059814,0.001526
2026-06-11T16:23:43,2739,"(28, 28)","(8,)",20,0.00018,3049.812,3049.875,0.062,0.002991,0.059814,0.001526
2026-06-11T16:23:43,2740,"(28, 28)","(8,)",20,0.000168,3049.875,3049.941,0.066,0.002991,0.059814,0.001526
2026-06-11T16:23:43,2741,"(28, 28)","(8,)",20,0.000163,3049.941,3050.004,0.062,0.002991,0.059814,0.001526
2026-06-11T16:23:43,2742,"(28, 28)","(8,)",20,0.00016,3050.004,3050.066,0.062,0.002991,0.059814,0.001526
2026-06-11T16:23:43,2743,"(28, 28)","(8,)",20,0.000159,3050.066,3050.129,0.062,0.002991,0.059814,0.001526
2026-06-11T16:23:43,2744,"(28, 28)","(8,)",20,0.000166,3050.129,3050.191,0.062,0.002991,0.059814,0.001526
2026-06-11T16:23:43,2745,"(28, 28)","(8,)",20,0.000161,3050.191,3050.254,0.062,0.002991,0.059814,0.001526
2026-06-11T16:23:43,2746,"(28, 28)","(8,)",20,0.000163,3050.254,3050.316,0.062,0.002991,0.059814,0.001526
2026-06-11T16:23:43,2747,"(28, 28)","(8,)",20,0.00016,3050.316,3050.379,0.062,0.002991,0.059814,0.001526
2026-06-11T16:23:43,2748,"(28, 28)","(8,)",20,0.000164,3050.379,3050.441,0.062,0.002991,0.059814,0.001526
2026-06-11T16:23:43,2749,"(28, 28)","(8,)",20,0.000162,3050.441,3050.504,0.062,0.002991,0.059814,0.001526
2026-06-11T16:23:43,2750,"(28, 28)","(8,)",20,0.000162,3050.504,3050.566,0.062,0.002991,0.059814,0.001526
2026-06-11T16:23:43,2751,"(28, 28)","(8,)",20,0.000163,3050.566,3050.633,0.066,0.002991,0.059814,0.001526
2026-06-11T16:23:43,2752,"(28, 28)","(8,)",20,0.000164,3050.633,3050.695,0.062,0.002991,0.059814,0.001526
2026-06-11T16:23:43,2753,"(28, 28)","(8,)",20,0.000159,3050.695,3050.758,0.062,0.002991,0.059814,0.001526
2026-06-11T16:23:43,2754,"(28, 28)","(8,)",20,0.000159,3050.758,3050.82,0.062,0.002991,0.059814,0.001526
2026-06-11T16:23:43,2755,"(28, 28)","(8,)",20,0.000162,3050.82,3050.883,0.062,0.002991,0.059814,0.001526
2026-06-11T16:23:43,2756,"(28, 28)","(8,)",20,0.000169,3050.883,3050.945,0.062,0.002991,0.059814,0.001526
2026-06-11T16:23:43,2757,"(28, 28)","(8,)",20,0.000163,3050.945,3051.008,0.062,0.002991,0.059814,0.001526
2026-06-11T16:23:43,2758,"(28, 28)","(8,)",20,0.000166,3051.008,3051.07,0.062,0.002991,0.059814,0.001526
2026-06-11T16:23:43,2759,"(28, 28)","(8,)",20,0.000165,3051.07,3051.133,0.062,0.002991,0.059814,0.001526
2026-06-11T16:23:43,2760,"(28, 28)","(8,)",20,0.00017,3051.133,3051.195,0.062,0.002991,0.059814,0.001526
2026-06-11T16:23:43,2761,"(28, 28)","(8,)",20,0.000166,3051.195,3051.258,0.062,0.002991,0.059814,0.001526
2026-06-11T16:23:43,2762,"(28, 28)","(8,)",20,0.000168,3051.258,3051.32,0.062,0.002991,0.059814,0.001526
2026-06-11T16:23:43,2763,"(28, 28)","(8,)",20,0.000164,3051.32,3051.387,0.066,0.002991,0.059814,0.001526
2026-06-11T16:23:43,2764,"(28, 28)","(8,)",20,0.000162,3051.387,3051.449,0.062,0.002991,0.059814,0.001526
2026-06-11T16:23:43,2765,"(28, 28)","(8,)",20,0.000159,3051.449,3051.512,0.062,0.002991,0.059814,0.001526
2026-06-11T16:23:43,2766,"(28, 28)","(8,)",20,0.000169,3051.512,3051.574,0.062,0.002991,0.059814,0.001526
2026-06-11T16:23:43,2767,"(28, 28)","(8,)",20,0.000167,3051.574,3051.637,0.062,0.002991,0.059814,0.001526
2026-06-11T16:23:43,2768,"(28, 28)","(8,)",20,0.000164,3051.637,3051.699,0.062,0.002991,0.059814,0.001526
2026-06-11T16:23:43,2769,"(28, 28)","(8,)",20,0.000162,3051.699,3051.762,0.062,0.002991,0.059814,0.001526
2026-06-11T16:23:43,2770,"(28, 28)","(8,)",20,0.000168,3051.762,3051.824,0.062,0.002991,0.059814,0.001526
2026-06-11T16:23:43,2771,"(28, 28)","(8,)",20,0.000165,3051.824,3051.887,0.062,0.002991,0.059814,0.001526
2026-06-11T16:23:43,2772,"(28, 28)","(8,)",20,0.00016,3051.887,3051.949,0.062,0.002991,0.059814,0.001526
2026-06-11T16:23:43,2773,"(28, 28)","(8,)",20,0.000165,3051.949,3052.012,0.062,0.002991,0.059814,0.001526
2026-06-11T16:23:43,2774,"(28, 28)","(8,)",20,0.000169,3052.012,3052.074,0.062,0.002991,0.059814,0.001526
2026-06-11T16:23:43,2775,"(28, 28)","(8,)",20,0.000168,3052.074,3052.141,0.066,0.002991,0.059814,0.001526
2026-06-11T16:23:43,2776,"(28, 28)","(8,)",20,0.00016,3052.141,3052.203,0.062,0.002991,0.059814,0.001526
2026-06-11T16:23:43,2777,"(28, 28)","(8,)",20,0.000159,3052.203,3052.266,0.062,0.002991,0.059814,0.001526
2026-06-11T16:23:43,2778,"(28, 28)","(8,)",20,0.000179,3052.266,3052.328,0.062,0.002991,0.059814,0.001526
2026-06-11T16:23:43,2779,"(28, 28)","(8,)",20,0.000168,3052.328,3052.391,0.062,0.002991,0.059814,0.001526
2026-06-11T16:23:43,2780,"(28, 28)","(8,)",20,0.000165,3052.391,3052.453,0.062,0.002991,0.059814,0.001526
2026-06-11T16:23:43,2781,"(28, 28)","(8,)",20,0.00016,3052.453,3052.516,0.062,0.002991,0.059814,0.001526
2026-06-11T16:23:43,2782,"(28, 28)","(8,)",20,0.000171,3052.516,3052.578,0.062,0.002991,0.059814,0.001526
2026-06-11T16:23:43,2783,"(28, 28)","(8,)",20,0.000165,3052.578,3052.641,0.062,0.002991,0.059814,0.001526
2026-06-11T16:23:43,2784,"(28, 28)","(8,)",20,0.00016,3052.641,3052.703,0.062,0.002991,0.059814,0.001526
2026-06-11T16:23:43,2785,"(28, 28)","(8,)",20,0.000163,3052.703,3052.766,0.062,0.002991,0.059814,0.001526
2026-06-11T16:23:43,2786,"(28, 28)","(8,)",20,0.000165,3052.766,3052.832,0.066,0.002991,0.059814,0.001526
2026-06-11T16:23:43,2787,"(28, 28)","(8,)",20,0.000166,3052.832,3052.895,0.062,0.002991,0.059814,0.001526
2026-06-11T16:23:43,2788,"(28, 28)","(8,)",20,0.000158,3052.895,3052.957,0.062,0.002991,0.059814,0.001526
2026-06-11T16:23:43,2789,"(28, 28)","(8,)",20,0.000161,3052.957,3053.02,0.062,0.002991,0.059814,0.001526
2026-06-11T16:23:43,2790,"(28, 28)","(8,)",20,0.000161,3053.02,3053.082,0.062,0.002991,0.059814,0.001526
2026-06-11T16:23:43,2791,"(28, 28)","(8,)",20,0.000166,3053.082,3053.145,0.062,0.002991,0.059814,0.001526
2026-06-11T16:23:43,2792,"(28, 28)","(8,)",20,0.000166,3053.145,3053.207,0.062,0.002991,0.059814,0.001526
2026-06-11T16:23:43,2793,"(28, 28)","(8,)",20,0.000163,3053.207,3053.27,0.062,0.002991,0.059814,0.001526
2026-06-11T16:23:43,2794,"(28, 28)","(8,)",20,0.000165,3053.27,3053.332,0.062,0.002991,0.059814,0.001526
2026-06-11T16:23:43,2795,"(28, 28)","(8,)",20,0.000165,3053.332,3053.395,0.062,0.002991,0.059814,0.001526
2026-06-11T16:23:43,2796,"(28, 28)","(8,)",20,0.000162,3053.395,3053.457,0.062,0.002991,0.059814,0.001526
2026-06-11T16:23:43,2797,"(28, 28)","(8,)",20,0.00018,3053.457,3053.52,0.062,0.002991,0.059814,0.001526
2026-06-11T16:23:43,2798,"(28, 28)","(8,)",20,0.000163,3053.52,3053.586,0.066,0.002991,0.059814,0.001526
2026-06-11T16:23:43,2799,"(28, 28)","(8,)",20,0.000168,3053.586,3053.648,0.062,0.002991,0.059814,0.001526
2026-06-11T16:23:43,2800,"(28, 28)","(8,)",20,0.000163,3053.648,3053.711,0.062,0.002991,0.059814,0.001526
2026-06-11T16:23:43,2801,"(28, 28)","(8,)",20,0.000168,3053.711,3053.773,0.062,0.002991,0.059814,0.001526
2026-06-11T16:23:43,2802,"(28, 28)","(8,)",20,0.000165,3053.773,3053.836,0.062,0.002991,0.059814,0.001526
2026-06-11T16:23:43,2803,"(28, 28)","(8,)",20,0.000176,3053.836,3053.898,0.062,0.002991,0.059814,0.001526
2026-06-11T16:23:43,2804,"(28, 28)","(8,)",20,0.000165,3053.898,3053.961,0.062,0.002991,0.059814,0.001526
2026-06-11T16:23:43,2805,"(28, 28)","(8,)",20,0.000172,3053.961,3054.023,0.062,0.002991,0.059814,0.001526
2026-06-11T16:23:43,2806,"(28, 28)","(8,)",20,0.000162,3054.023,3054.086,0.062,0.002991,0.059814,0.001526
2026-06-11T16:23:43,2807,"(28, 28)","(8,)",20,0.000166,3054.086,3054.148,0.062,0.002991,0.059814,0.001526
2026-06-11T16:23:43,2808,"(28, 28)","(8,)",20,0.000159,3054.148,3054.211,0.062,0.002991,0.059814,0.001526
2026-06-11T16:23:43,2809,"(28, 28)","(8,)",20,0.000171,3054.211,3054.273,0.062,0.002991,0.059814,0.001526
2026-06-11T16:23:43,2810,"(28, 28)","(8,)",20,0.000166,3054.277,3054.34,0.062,0.002991,0.059814,0.001526
2026-06-11T16:23:43,2811,"(28, 28)","(8,)",20,0.000162,3054.34,3054.402,0.062,0.002991,0.059814,0.001526
2026-06-11T16:23:43,2812,"(28, 28)","(8,)",20,0.000159,3054.402,3054.465,0.062,0.002991,0.059814,0.001526
2026-06-11T16:23:43,2813,"(28, 28)","(8,)",20,0.000162,3054.465,3054.527,0.062,0.002991,0.059814,0.001526
2026-06-11T16:23:43,2814,"(28, 28)","(8,)",20,0.000164,3054.527,3054.59,0.062,0.002991,0.059814,0.001526
2026-06-11T16:23:43,2815,"(28, 28)","(8,)",20,0.00016,3054.59,3054.652,0.062,0.002991,0.059814,0.001526
2026-06-11T16:23:43,2816,"(28, 28)","(8,)",20,0.000161,3054.652,3054.715,0.062,0.002991,0.059814,0.001526
2026-06-11T16:23:43,2817,"(28, 28)","(8,)",20,0.000162,3054.715,3054.777,0.062,0.002991,0.059814,0.001526
2026-06-11T16:23:43,2818,"(28, 28)","(8,)",20,0.000165,3054.777,3054.84,0.062,0.002991,0.059814,0.001526
2026-06-11T16:23:43,2819,"(28, 28)","(8,)",20,0.00016,3054.84,3054.902,0.062,0.002991,0.059814,0.001526
2026-06-11T16:23:43,2820,"(28, 28)","(8,)",20,0.000161,3054.902,3054.965,0.062,0.002991,0.059814,0.001526
2026-06-11T16:23:43,2821,"(28, 28)","(8,)",20,0.000164,3054.965,3055.031,0.066,0.002991,0.059814,0.001526
2026-06-11T16:23:43,2822,"(28, 28)","(8,)",20,0.000164,3055.031,3055.094,0.062,0.002991,0.059814,0.001526
2026-06-11T16:23:43,2823,"(28, 28)","(8,)",20,0.00016,3055.094,3055.156,0.062,0.002991,0.059814,0.001526
2026-06-11T16:23:43,2824,"(28, 28)","(8,)",20,0.000158,3055.156,3055.219,0.062,0.002991,0.059814,0.001526
2026-06-11T16:23:43,2825,"(28, 28)","(8,)",20,0.00016,3055.219,3055.281,0.062,0.002991,0.059814,0.001526
2026-06-11T16:23:43,2826,"(28, 28)","(8,)",20,0.000169,3055.281,3055.344,0.062,0.002991,0.059814,0.001526
2026-06-11T16:23:43,2827,"(28, 28)","(8,)",20,0.00016,3055.344,3055.406,0.062,0.002991,0.059814,0.001526
2026-06-11T16:23:43,2828,"(28, 28)","(8,)",20,0.000165,3055.406,3055.469,0.062,0.002991,0.059814,0.001526
2026-06-11T16:23:43,2829,"(28, 28)","(8,)",20,0.000167,3055.469,3055.531,0.062,0.002991,0.059814,0.001526
2026-06-11T16:23:43,2830,"(28, 28)","(8,)",20,0.000177,3055.531,3055.594,0.062,0.002991,0.059814,0.001526
2026-06-11T16:23:43,2831,"(28, 28)","(8,)",20,0.000168,3055.594,3055.656,0.062,0.002991,0.059814,0.001526
2026-06-11T16:23:43,2832,"(28, 28)","(8,)",20,0.000166,3055.656,3055.719,0.062,0.002991,0.059814,0.001526
2026-06-11T16:23:43,2833,"(28, 28)","(8,)",20,0.000163,3055.719,3055.785,0.066,0.002991,0.059814,0.001526
2026-06-11T16:23:43,2834,"(28, 28)","(8,)",20,0.000162,3055.785,3055.848,0.062,0.002991,0.059814,0.001526
2026-06-11T16:23:43,2835,"(28, 28)","(8,)",20,0.000157,3055.848,3055.91,0.062,0.002991,0.059814,0.001526
2026-06-11T16:23:43,2836,"(28, 28)","(8,)",20,0.000164,3055.91,3055.973,0.062,0.002991,0.059814,0.001526
2026-06-11T16:23:43,2837,"(28, 28)","(8,)",20,0.00016,3055.973,3056.035,0.062,0.002991,0.059814,0.001526
2026-06-11T16:23:43,2838,"(28, 28)","(8,)",20,0.000168,3056.035,3056.098,0.062,0.002991,0.059814,0.001526
2026-06-11T16:23:43,2839,"(28, 28)","(8,)",20,0.000162,3056.098,3056.16,0.062,0.002991,0.059814,0.001526
2026-06-11T16:23:43,2840,"(28, 28)","(8,)",20,0.000167,3056.16,3056.223,0.062,0.002991,0.059814,0.001526
2026-06-11T16:23:43,2841,"(28, 28)","(8,)",20,0.000161,3056.223,3056.285,0.062,0.002991,0.059814,0.001526
2026-06-11T16:23:43,2842,"(28, 28)","(8,)",20,0.000165,3056.285,3056.348,0.062,0.002991,0.059814,0.001526
2026-06-11T16:23:43,2843,"(28, 28)","(8,)",20,0.000164,3056.348,3056.41,0.062,0.002991,0.059814,0.001526
2026-06-11T16:23:43,2844,"(28, 28)","(8,)",20,0.000178,3056.41,3056.473,0.062,0.002991,0.059814,0.001526
2026-06-11T16:23:43,2845,"(28, 28)","(8,)",20,0.000164,3056.477,3056.539,0.062,0.002991,0.059814,0.001526
2026-06-11T16:23:43,2846,"(28, 28)","(8,)",20,0.000165,3056.539,3056.602,0.062,0.002991,0.059814,0.001526
2026-06-11T16:23:43,2847,"(28, 28)","(8,)",20,0.00016,3056.602,3056.664,0.062,0.002991,0.059814,0.001526
2026-06-11T16:23:43,2848,"(28, 28)","(8,)",20,0.000169,3056.664,3056.727,0.062,0.002991,0.059814,0.001526
2026-06-11T16:23:43,2849,"(28, 28)","(8,)",20,0.000161,3056.727,3056.789,0.062,0.002991,0.059814,0.001526
2026-06-11T16:23:43,2850,"(28, 28)","(8,)",20,0.000168,3056.789,3056.852,0.062,0.002991,0.059814,0.001526
2026-06-11T16:23:43,2851,"(28, 28)","(8,)",20,0.000163,3056.852,3056.914,0.062,0.002991,0.059814,0.001526
2026-06-11T16:23:43,2852,"(28, 28)","(8,)",20,0.000169,3056.914,3056.977,0.062,0.002991,0.059814,0.001526
2026-06-11T16:23:43,2853,"(28, 28)","(8,)",20,0.000163,3056.977,3057.039,0.062,0.002991,0.059814,0.001526
2026-06-11T16:23:43,2854,"(28, 28)","(8,)",20,0.000162,3057.039,3057.102,0.062,0.002991,0.059814,0.001526
2026-06-11T16:23:43,2855,"(28, 28)","(8,)",20,0.000164,3057.102,3057.164,0.062,0.002991,0.059814,0.001526
2026-06-11T16:23:43,2856,"(28, 28)","(8,)",20,0.000171,3057.164,3057.23,0.066,0.002991,0.059814,0.001526
2026-06-11T16:23:43,2857,"(28, 28)","(8,)",20,0.000167,3057.23,3057.293,0.062,0.002991,0.059814,0.001526
2026-06-11T16:23:43,2858,"(28, 28)","(8,)",20,0.000161,3057.293,3057.355,0.062,0.002991,0.059814,0.001526
2026-06-11T16:23:43,2859,"(28, 28)","(8,)",20,0.00016,3057.355,3057.418,0.062,0.002991,0.059814,0.001526
2026-06-11T16:23:43,2860,"(28, 28)","(8,)",20,0.000174,3057.418,3057.48,0.062,0.002991,0.059814,0.001526
2026-06-11T16:23:43,2861,"(28, 28)","(8,)",20,0.00017,3057.48,3057.543,0.062,0.002991,0.059814,0.001526
2026-06-11T16:23:43,2862,"(28, 28)","(8,)",20,0.000165,3057.543,3057.605,0.062,0.002991,0.059814,0.001526
2026-06-11T16:23:43,2863,"(28, 28)","(8,)",20,0.00016,3057.605,3057.668,0.062,0.002991,0.059814,0.001526
2026-06-11T16:23:43,2864,"(28, 28)","(8,)",20,0.00016,3057.668,3057.73,0.062,0.002991,0.059814,0.001526
2026-06-11T16:23:43,2865,"(28, 28)","(8,)",20,0.000165,3057.73,3057.793,0.062,0.002991,0.059814,0.001526
2026-06-11T16:23:43,2866,"(28, 28)","(8,)",20,0.000159,3057.793,3057.855,0.062,0.002991,0.059814,0.001526
2026-06-11T16:23:43,2867,"(28, 28)","(8,)",20,0.000162,3057.855,3057.918,0.062,0.002991,0.059814,0.001526
2026-06-11T16:23:43,2868,"(28, 28)","(8,)",20,0.000161,3057.918,3057.984,0.066,0.002991,0.059814,0.001526
2026-06-11T16:23:43,2869,"(28, 28)","(8,)",20,0.000166,3057.984,3058.047,0.062,0.002991,0.059814,0.001526
2026-06-11T16:23:43,2870,"(28, 28)","(8,)",20,0.000158,3058.047,3058.109,0.062,0.002991,0.059814,0.001526
2026-06-11T16:23:43,2871,"(28, 28)","(8,)",20,0.00016,3058.109,3058.172,0.062,0.002991,0.059814,0.001526
2026-06-11T16:23:43,2872,"(28, 28)","(8,)",20,0.00016,3058.172,3058.234,0.062,0.002991,0.059814,0.001526
2026-06-11T16:23:43,2873,"(28, 28)","(8,)",20,0.000163,3058.234,3058.297,0.062,0.002991,0.059814,0.001526
2026-06-11T16:23:43,2874,"(28, 28)","(8,)",20,0.000163,3058.297,3058.359,0.062,0.002991,0.059814,0.001526
2026-06-11T16:23:43,2875,"(28, 28)","(8,)",20,0.000162,3058.359,3058.422,0.062,0.002991,0.059814,0.001526
2026-06-11T16:23:43,2876,"(28, 28)","(8,)",20,0.000161,3058.422,3058.484,0.062,0.002991,0.059814,0.001526
2026-06-11T16:23:43,2877,"(28, 28)","(8,)",20,0.000166,3058.484,3058.547,0.062,0.002991,0.059814,0.001526
2026-06-11T16:23:43,2878,"(28, 28)","(8,)",20,0.000161,3058.547,3058.609,0.062,0.002991,0.059814,0.001526
2026-06-11T16:23:43,2879,"(28, 28)","(8,)",20,0.000164,3058.609,3058.676,0.066,0.002991,0.059814,0.001526
2026-06-11T16:23:43,2880,"(28, 28)","(8,)",20,0.00021,3058.676,3058.738,0.062,0.002991,0.059814,0.001526
2026-06-11T16:23:43,2881,"(28, 28)","(8,)",20,0.000165,3058.738,3058.801,0.062,0.002991,0.059814,0.001526
2026-06-11T16:23:43,2882,"(28, 28)","(8,)",20,0.000159,3058.801,3058.863,0.062,0.002991,0.059814,0.001526
2026-06-11T16:23:43,2883,"(28, 28)","(8,)",20,0.000171,3058.863,3058.926,0.062,0.002991,0.059814,0.001526
2026-06-11T16:23:43,2884,"(28, 28)","(8,)",20,0.000165,3058.926,3058.988,0.062,0.002991,0.059814,0.001526
2026-06-11T16:23:43,2885,"(28, 28)","(8,)",20,0.00016,3059.035,3059.094,0.059,0.002991,0.059814,0.001526
2026-06-11T16:23:43,2886,"(28, 28)","(8,)",20,0.000162,3059.094,3059.152,0.059,0.002991,0.059814,0.001526
2026-06-11T16:23:43,2887,"(28, 28)","(8,)",20,0.000171,3059.152,3059.215,0.062,0.002991,0.059814,0.001526
2026-06-11T16:23:43,2888,"(28, 28)","(8,)",20,0.000164,3059.215,3059.273,0.059,0.002991,0.059814,0.001526
2026-06-11T16:23:43,2889,"(28, 28)","(8,)",20,0.000162,3059.273,3059.332,0.059,0.002991,0.059814,0.001526
2026-06-11T16:23:43,2890,"(28, 28)","(8,)",20,0.000159,3059.332,3059.395,0.062,0.002991,0.059814,0.001526
2026-06-11T16:23:43,2891,"(28, 28)","(8,)",20,0.000166,3059.395,3059.453,0.059,0.002991,0.059814,0.001526
2026-06-11T16:23:43,2892,"(28, 28)","(8,)",20,0.00017,3059.453,3059.512,0.059,0.002991,0.059814,0.001526
2026-06-11T16:23:43,2893,"(28, 28)","(8,)",20,0.000163,3059.512,3059.57,0.059,0.002991,0.059814,0.001526
2026-06-11T16:23:43,2894,"(28, 28)","(8,)",20,0.000159,3059.57,3059.633,0.062,0.002991,0.059814,0.001526
2026-06-11T16:23:43,2895,"(28, 28)","(8,)",20,0.000174,3059.633,3059.691,0.059,0.002991,0.059814,0.001526
2026-06-11T16:23:43,2896,"(28, 28)","(8,)",20,0.000163,3059.691,3059.75,0.059,0.002991,0.059814,0.001526
2026-06-11T16:23:43,2897,"(28, 28)","(8,)",20,0.00016,3059.75,3059.812,0.062,0.002991,0.059814,0.001526
2026-06-11T16:23:43,2898,"(28, 28)","(8,)",20,0.00016,3059.812,3059.871,0.059,0.002991,0.059814,0.001526
2026-06-11T16:23:43,2899,"(28, 28)","(8,)",20,0.000163,3059.871,3059.93,0.059,0.002991,0.059814,0.001526
2026-06-11T16:23:43,2900,"(28, 28)","(8,)",20,0.000165,3059.93,3059.992,0.062,0.002991,0.059814,0.001526
2026-06-11T16:23:43,2901,"(28, 28)","(8,)",20,0.000159,3059.992,3060.051,0.059,0.002991,0.059814,0.001526
2026-06-11T16:23:43,2902,"(28, 28)","(8,)",20,0.00016,3060.051,3060.109,0.059,0.002991,0.059814,0.001526
2026-06-11T16:23:43,2903,"(28, 28)","(8,)",20,0.000166,3060.109,3060.172,0.062,0.002991,0.059814,0.001526
2026-06-11T16:23:43,2904,"(28, 28)","(8,)",20,0.000166,3060.172,3060.23,0.059,0.002991,0.059814,0.001526
2026-06-11T16:23:43,2905,"(28, 28)","(8,)",20,0.000158,3060.23,3060.289,0.059,0.002991,0.059814,0.001526
2026-06-11T16:23:43,2906,"(28, 28)","(8,)",20,0.000157,3060.289,3060.352,0.062,0.002991,0.059814,0.001526
2026-06-11T16:23:43,2907,"(28, 28)","(8,)",20,0.000168,3060.352,3060.41,0.059,0.002991,0.059814,0.001526
2026-06-11T16:23:43,2908,"(28, 28)","(8,)",20,0.00016,3060.41,3060.469,0.059,0.002991,0.059814,0.001526
2026-06-11T16:23:43,2909,"(28, 28)","(8,)",20,0.000164,3060.469,3060.535,0.066,0.002991,0.059814,0.001526
2026-06-11T16:23:43,2910,"(28, 28)","(8,)",20,0.000158,3060.535,3060.594,0.059,0.002991,0.059814,0.001526
2026-06-11T16:23:43,2911,"(28, 28)","(8,)",20,0.00017,3060.594,3060.656,0.062,0.002991,0.059814,0.001526
2026-06-11T16:23:43,2912,"(28, 28)","(8,)",20,0.000173,3060.656,3060.719,0.062,0.002991,0.059814,0.001526
2026-06-11T16:23:43,2913,"(28, 28)","(8,)",20,0.000171,3060.719,3060.777,0.059,0.002991,0.059814,0.001526
2026-06-11T16:23:43,2914,"(28, 28)","(8,)",20,0.000169,3060.777,3060.84,0.062,0.002991,0.059814,0.001526
2026-06-11T16:23:43,2915,"(28, 28)","(8,)",20,0.000169,3060.84,3060.906,0.066,0.002991,0.059814,0.001526
2026-06-11T16:23:43,2916,"(28, 28)","(8,)",20,0.000163,3060.906,3060.969,0.062,0.002991,0.059814,0.001526
2026-06-11T16:23:43,2917,"(28, 28)","(8,)",20,0.000163,3060.969,3061.031,0.062,0.002991,0.059814,0.001526
2026-06-11T16:23:43,2918,"(28, 28)","(8,)",20,0.000177,3061.031,3061.094,0.062,0.002991,0.059814,0.001526
2026-06-11T16:23:43,2919,"(28, 28)","(8,)",20,0.000177,3061.094,3061.156,0.062,0.002991,0.059814,0.001526
2026-06-11T16:23:43,2920,"(28, 28)","(8,)",20,0.000171,3061.156,3061.219,0.062,0.002991,0.059814,0.001526
2026-06-11T16:23:43,2921,"(28, 28)","(8,)",20,0.000161,3061.219,3061.281,0.062,0.002991,0.059814,0.001526
2026-06-11T16:23:43,2922,"(28, 28)","(8,)",20,0.000175,3061.281,3061.344,0.062,0.002991,0.059814,0.001526
2026-06-11T16:23:43,2923,"(28, 28)","(8,)",20,0.000164,3061.344,3061.406,0.062,0.002991,0.059814,0.001526
2026-06-11T16:23:43,2924,"(28, 28)","(8,)",20,0.000172,3061.406,3061.469,0.062,0.002991,0.059814,0.001526
2026-06-11T16:23:43,2925,"(28, 28)","(8,)",20,0.000169,3061.469,3061.531,0.062,0.002991,0.059814,0.001526
2026-06-11T16:23:43,2926,"(28, 28)","(8,)",20,0.000175,3061.531,3061.594,0.062,0.002991,0.059814,0.001526
2026-06-11T16:23:43,2927,"(28, 28)","(8,)",20,0.000168,3061.594,3061.66,0.066,0.002991,0.059814,0.001526
2026-06-11T16:23:43,2928,"(28, 28)","(8,)",20,0.000175,3061.66,3061.723,0.062,0.002991,0.059814,0.001526
2026-06-11T16:23:43,2929,"(28, 28)","(8,)",20,0.000162,3061.723,3061.785,0.062,0.002991,0.059814,0.001526
2026-06-11T16:23:43,2930,"(28, 28)","(8,)",20,0.000167,3061.785,3061.848,0.062,0.002991,0.059814,0.001526
2026-06-11T16:23:43,2931,"(28, 28)","(8,)",20,0.000162,3061.848,3061.91,0.062,0.002991,0.059814,0.001526
2026-06-11T16:23:43,2932,"(28, 28)","(8,)",20,0.000165,3061.91,3061.973,0.062,0.002991,0.059814,0.001526
2026-06-11T16:23:43,2933,"(28, 28)","(8,)",20,0.000161,3061.973,3062.035,0.062,0.002991,0.059814,0.001526
2026-06-11T16:23:43,2934,"(28, 28)","(8,)",20,0.000162,3062.035,3062.098,0.062,0.002991,0.059814,0.001526
2026-06-11T16:23:43,2935,"(28, 28)","(8,)",20,0.000163,3062.098,3062.16,0.062,0.002991,0.059814,0.001526
2026-06-11T16:23:43,2936,"(28, 28)","(8,)",20,0.000167,3062.16,3062.223,0.062,0.002991,0.059814,0.001526
2026-06-11T16:23:43,2937,"(28, 28)","(8,)",20,0.00016,3062.223,3062.285,0.062,0.002991,0.059814,0.001526
2026-06-11T16:23:43,2938,"(28, 28)","(8,)",20,0.00016,3062.285,3062.348,0.062,0.002991,0.059814,0.001526
2026-06-11T16:23:43,2939,"(28, 28)","(8,)",20,0.000159,3062.352,3062.414,0.062,0.002991,0.059814,0.001526
2026-06-11T16:23:43,2940,"(28, 28)","(8,)",20,0.000163,3062.414,3062.477,0.062,0.002991,0.059814,0.001526
2026-06-11T16:23:43,2941,"(28, 28)","(8,)",20,0.00017,3062.477,3062.539,0.062,0.002991,0.059814,0.001526
2026-06-11T16:23:43,2942,"(28, 28)","(8,)",20,0.000165,3062.539,3062.602,0.062,0.002991,0.059814,0.001526
2026-06-11T16:23:43,2943,"(28, 28)","(8,)",20,0.000162,3062.602,3062.664,0.062,0.002991,0.059814,0.001526
2026-06-11T16:23:43,2944,"(28, 28)","(8,)",20,0.000165,3062.664,3062.727,0.062,0.002991,0.059814,0.001526
2026-06-11T16:23:43,2945,"(28, 28)","(8,)",20,0.00016,3062.727,3062.789,0.062,0.002991,0.059814,0.001526
2026-06-11T16:23:43,2946,"(28, 28)","(8,)",20,0.000163,3062.789,3062.852,0.062,0.002991,0.059814,0.001526
2026-06-11T16:23:43,2947,"(28, 28)","(8,)",20,0.000159,3062.852,3062.914,0.062,0.002991,0.059814,0.001526
2026-06-11T16:23:43,2948,"(28, 28)","(8,)",20,0.000167,3062.914,3062.977,0.062,0.002991,0.059814,0.001526
2026-06-11T16:23:43,2949,"(28, 28)","(8,)",20,0.000178,3062.977,3063.039,0.062,0.002991,0.059814,0.001526
2026-06-11T16:23:43,2950,"(28, 28)","(8,)",20,0.000165,3063.039,3063.105,0.066,0.002991,0.059814,0.001526
2026-06-11T16:23:43,2951,"(28, 28)","(8,)",20,0.000161,3063.105,3063.168,0.062,0.002991,0.059814,0.001526
2026-06-11T16:23:43,2952,"(28, 28)","(8,)",20,0.000164,3063.168,3063.23,0.062,0.002991,0.059814,0.001526
2026-06-11T16:23:43,2953,"(28, 28)","(8,)",20,0.000171,3063.23,3063.293,0.062,0.002991,0.059814,0.001526
2026-06-11T16:23:43,2954,"(28, 28)","(8,)",20,0.000162,3063.293,3063.355,0.062,0.002991,0.059814,0.001526
2026-06-11T16:23:43,2955,"(28, 28)","(8,)",20,0.000161,3063.355,3063.418,0.062,0.002991,0.059814,0.001526
2026-06-11T16:23:43,2956,"(28, 28)","(8,)",20,0.000172,3063.418,3063.48,0.062,0.002991,0.059814,0.001526
2026-06-11T16:23:43,2957,"(28, 28)","(8,)",20,0.000172,3063.48,3063.543,0.062,0.002991,0.059814,0.001526
2026-06-11T16:23:43,2958,"(28, 28)","(8,)",20,0.000165,3063.543,3063.605,0.062,0.002991,0.059814,0.001526
2026-06-11T16:23:43,2959,"(28, 28)","(8,)",20,0.000166,3063.605,3063.668,0.062,0.002991,0.059814,0.001526
2026-06-11T16:23:43,2960,"(28, 28)","(8,)",20,0.000166,3063.668,3063.73,0.062,0.002991,0.059814,0.001526
2026-06-11T16:23:43,2961,"(28, 28)","(8,)",20,0.000167,3063.73,3063.793,0.062,0.002991,0.059814,0.001526
2026-06-11T16:23:43,2962,"(28, 28)","(8,)",20,0.000161,3063.793,3063.859,0.066,0.002991,0.059814,0.001526
2026-06-11T16:23:43,2963,"(28, 28)","(8,)",20,0.000164,3063.859,3063.922,0.062,0.002991,0.059814,0.001526
2026-06-11T16:23:43,2964,"(28, 28)","(8,)",20,0.000164,3063.922,3063.984,0.062,0.002991,0.059814,0.001526
2026-06-11T16:23:43,2965,"(28, 28)","(8,)",20,0.000166,3063.984,3064.047,0.062,0.002991,0.059814,0.001526
2026-06-11T16:23:43,2966,"(28, 28)","(8,)",20,0.000167,3064.047,3064.109,0.062,0.002991,0.059814,0.001526
2026-06-11T16:23:43,2967,"(28, 28)","(8,)",20,0.000175,3064.109,3064.172,0.062,0.002991,0.059814,0.001526
2026-06-11T16:23:43,2968,"(28, 28)","(8,)",20,0.000159,3064.172,3064.234,0.062,0.002991,0.059814,0.001526
2026-06-11T16:23:43,2969,"(28, 28)","(8,)",20,0.000162,3064.234,3064.297,0.062,0.002991,0.059814,0.001526
2026-06-11T16:23:43,2970,"(28, 28)","(8,)",20,0.000162,3064.297,3064.359,0.062,0.002991,0.059814,0.001526
2026-06-11T16:23:43,2971,"(28, 28)","(8,)",20,0.000165,3064.359,3064.422,0.062,0.002991,0.059814,0.001526
2026-06-11T16:23:43,2972,"(28, 28)","(8,)",20,0.000159,3064.422,3064.484,0.062,0.002991,0.059814,0.001526
2026-06-11T16:23:43,2973,"(28, 28)","(8,)",20,0.00016,3064.484,3064.551,0.066,0.002991,0.059814,0.001526
2026-06-11T16:23:43,2974,"(28, 28)","(8,)",20,0.000159,3064.551,3064.613,0.062,0.002991,0.059814,0.001526
2026-06-11T16:23:43,2975,"(28, 28)","(8,)",20,0.000164,3064.613,3064.676,0.062,0.002991,0.059814,0.001526
2026-06-11T16:23:43,2976,"(28, 28)","(8,)",20,0.000158,3064.676,3064.738,0.062,0.002991,0.059814,0.001526
2026-06-11T16:23:43,2977,"(28, 28)","(8,)",20,0.000164,3064.738,3064.801,0.062,0.002991,0.059814,0.001526
2026-06-11T16:23:43,2978,"(28, 28)","(8,)",20,0.00016,3064.801,3064.863,0.062,0.002991,0.059814,0.001526
2026-06-11T16:23:43,2979,"(28, 28)","(8,)",20,0.000163,3064.863,3064.926,0.062,0.002991,0.059814,0.001526
2026-06-11T16:23:43,2980,"(28, 28)","(8,)",20,0.000166,3064.926,3064.988,0.062,0.002991,0.059814,0.001526
2026-06-11T16:23:43,2981,"(28, 28)","(8,)",20,0.000217,3064.988,3065.051,0.062,0.002991,0.059814,0.001526
2026-06-11T16:23:43,2982,"(28, 28)","(8,)",20,0.000163,3065.051,3065.113,0.062,0.002991,0.059814,0.001526
2026-06-11T16:23:43,2983,"(28, 28)","(8,)",20,0.000161,3065.113,3065.176,0.062,0.002991,0.059814,0.001526
2026-06-11T16:23:43,2984,"(28, 28)","(8,)",20,0.000173,3065.176,3065.238,0.062,0.002991,0.059814,0.001526
2026-06-11T16:23:43,2985,"(28, 28)","(8,)",20,0.000157,3065.238,3065.305,0.066,0.002991,0.059814,0.001526
2026-06-11T16:23:43,2986,"(28, 28)","(8,)",20,0.000155,3065.305,3065.367,0.062,0.002991,0.059814,0.001526
2026-06-11T16:23:43,2987,"(28, 28)","(8,)",20,0.000158,3065.367,3065.43,0.062,0.002991,0.059814,0.001526
2026-06-11T16:23:43,2988,"(28, 28)","(8,)",20,0.00016,3065.43,3065.492,0.062,0.002991,0.059814,0.001526
2026-06-11T16:23:43,2989,"(28, 28)","(8,)",20,0.000161,3065.492,3065.555,0.062,0.002991,0.059814,0.001526
2026-06-11T16:23:43,2990,"(28, 28)","(8,)",20,0.00016,3065.555,3065.617,0.062,0.002991,0.059814,0.001526
2026-06-11T16:23:43,2991,"(28, 28)","(8,)",20,0.000159,3065.617,3065.68,0.062,0.002991,0.059814,0.001526
2026-06-11T16:23:43,2992,"(28, 28)","(8,)",20,0.000155,3065.68,3065.742,0.062,0.002991,0.059814,0.001526
2026-06-11T16:23:43,2993,"(28, 28)","(8,)",20,0.000156,3065.742,3065.805,0.062,0.002991,0.059814,0.001526
2026-06-11T16:23:43,2994,"(28, 28)","(8,)",20,0.000157,3065.805,3065.867,0.062,0.002991,0.059814,0.001526
2026-06-11T16:23:43,2995,"(28, 28)","(8,)",20,0.000162,3065.867,3065.93,0.062,0.002991,0.059814,0.001526
2026-06-11T16:23:43,2996,"(28, 28)","(8,)",20,0.000154,3065.93,3065.992,0.062,0.002991,0.059814,0.001526
2026-06-11T16:23:43,2997,"(28, 28)","(8,)",20,0.000156,3065.992,3066.059,0.066,0.002991,0.059814,0.001526
2026-06-11T16:23:43,2998,"(28, 28)","(8,)",20,0.000153,3066.059,3066.121,0.062,0.002991,0.059814,0.001526
2026-06-11T16:23:43,2999,"(28, 28)","(8,)",20,0.000161,3066.121,3066.184,0.062,0.002991,0.059814,0.001526
2026-06-11T16:23:43,3000,"(28, 28)","(8,)",20,0.000157,3066.184,3066.246,0.062,0.002991,0.059814,0.001526
2026-06-11T16:23:43,3001,"(28, 28)","(8,)",20,0.000175,3066.246,3066.309,0.062,0.002991,0.059814,0.001526
2026-06-11T16:23:43,3002,"(28, 28)","(8,)",20,0.000156,3066.309,3066.371,0.062,0.002991,0.059814,0.001526
2026-06-11T16:23:43,3003,"(28, 28)","(8,)",20,0.000159,3066.371,3066.434,0.062,0.002991,0.059814,0.001526
2026-06-11T16:23:43,3004,"(28, 28)","(8,)",20,0.000157,3066.434,3066.496,0.062,0.002991,0.059814,0.001526
2026-06-11T16:23:43,3005,"(28, 28)","(8,)",20,0.000164,3066.496,3066.559,0.062,0.002991,0.059814,0.001526
2026-06-11T16:23:43,3006,"(28, 28)","(8,)",20,0.000158,3066.559,3066.621,0.062,0.002991,0.059814,0.001526
2026-06-11T16:23:43,3007,"(28, 28)","(8,)",20,0.000157,3066.621,3066.684,0.062,0.002991,0.059814,0.001526
2026-06-11T16:23:43,3008,"(28, 28)","(8,)",20,0.00016,3066.684,3066.75,0.066,0.002991,0.059814,0.001526
2026-06-11T16:23:43,3009,"(28, 28)","(8,)",20,0.000163,3066.75,3066.812,0.062,0.002991,0.059814,0.001526
2026-06-11T16:23:43,3010,"(28, 28)","(8,)",20,0.000161,3066.812,3066.875,0.062,0.002991,0.059814,0.001526
2026-06-11T16:23:43,3011,"(28, 28)","(8,)",20,0.000156,3066.875,3066.938,0.062,0.002991,0.059814,0.001526
2026-06-11T16:23:43,3012,"(28, 28)","(8,)",20,0.000157,3066.938,3067.0,0.062,0.002991,0.059814,0.001526
2026-06-11T16:23:43,3013,"(28, 28)","(8,)",20,0.00016,3067.0,3067.062,0.062,0.002991,0.059814,0.001526
2026-06-11T16:23:43,3014,"(28, 28)","(8,)",20,0.000164,3067.062,3067.125,0.062,0.002991,0.059814,0.001526
2026-06-11T16:23:43,3015,"(28, 28)","(8,)",20,0.000155,3067.125,3067.188,0.062,0.002991,0.059814,0.001526
2026-06-11T16:23:43,3016,"(28, 28)","(8,)",20,0.000157,3067.188,3067.25,0.062,0.002991,0.059814,0.001526
2026-06-11T16:23:43,3017,"(28, 28)","(8,)",20,0.000156,3067.25,3067.312,0.062,0.002991,0.059814,0.001526
2026-06-11T16:23:43,3018,"(28, 28)","(8,)",20,0.000166,3067.312,3067.375,0.062,0.002991,0.059814,0.001526
2026-06-11T16:23:43,3019,"(28, 28)","(8,)",20,0.000159,3067.375,3067.438,0.062,0.002991,0.059814,0.001526
2026-06-11T16:23:43,3020,"(28, 28)","(8,)",20,0.000161,3067.438,3067.504,0.066,0.002991,0.059814,0.001526
2026-06-11T16:23:43,3021,"(28, 28)","(8,)",20,0.000156,3067.504,3067.566,0.062,0.002991,0.059814,0.001526
2026-06-11T16:23:43,3022,"(28, 28)","(8,)",20,0.000166,3067.566,3067.629,0.062,0.002991,0.059814,0.001526
2026-06-11T16:23:43,3023,"(28, 28)","(8,)",20,0.000156,3067.629,3067.691,0.062,0.002991,0.059814,0.001526
2026-06-11T16:23:43,3024,"(28, 28)","(8,)",20,0.000155,3067.691,3067.754,0.062,0.002991,0.059814,0.001526
2026-06-11T16:23:43,3025,"(28, 28)","(8,)",20,0.000159,3067.754,3067.816,0.062,0.002991,0.059814,0.001526
2026-06-11T16:23:43,3026,"(28, 28)","(8,)",20,0.00017,3067.816,3067.879,0.062,0.002991,0.059814,0.001526
2026-06-11T16:23:43,3027,"(28, 28)","(8,)",20,0.000157,3067.879,3067.941,0.062,0.002991,0.059814,0.001526
2026-06-11T16:23:43,3028,"(28, 28)","(8,)",20,0.000156,3067.941,3068.004,0.062,0.002991,0.059814,0.001526
2026-06-11T16:23:43,3029,"(28, 28)","(8,)",20,0.000159,3068.004,3068.066,0.062,0.002991,0.059814,0.001526
2026-06-11T16:23:43,3030,"(28, 28)","(8,)",20,0.00018,3068.066,3068.129,0.062,0.002991,0.059814,0.001526
2026-06-11T16:23:43,3031,"(28, 28)","(8,)",20,0.000156,3068.129,3068.191,0.062,0.002991,0.059814,0.001526
2026-06-11T16:23:43,3032,"(28, 28)","(8,)",20,0.000162,3068.191,3068.258,0.066,0.002991,0.059814,0.001526
2026-06-11T16:23:43,3033,"(28, 28)","(8,)",20,0.000156,3068.258,3068.32,0.062,0.002991,0.059814,0.001526
2026-06-11T16:23:43,3034,"(28, 28)","(8,)",20,0.00017,3068.32,3068.383,0.062,0.002991,0.059814,0.001526
2026-06-11T16:23:43,3035,"(28, 28)","(8,)",20,0.000159,3068.383,3068.445,0.062,0.002991,0.059814,0.001526
2026-06-11T16:23:43,3036,"(28, 28)","(8,)",20,0.00016,3068.445,3068.508,0.062,0.002991,0.059814,0.001526
2026-06-11T16:23:43,3037,"(28, 28)","(8,)",20,0.00016,3068.508,3068.57,0.062,0.002991,0.059814,0.001526
2026-06-11T16:23:43,3038,"(28, 28)","(8,)",20,0.000164,3068.57,3068.633,0.062,0.002991,0.059814,0.001526
2026-06-11T16:23:43,3039,"(28, 28)","(8,)",20,0.000162,3068.633,3068.695,0.062,0.002991,0.059814,0.001526
2026-06-11T16:23:43,3040,"(28, 28)","(8,)",20,0.000158,3068.695,3068.758,0.062,0.002991,0.059814,0.001526
2026-06-11T16:23:43,3041,"(28, 28)","(8,)",20,0.00016,3068.758,3068.82,0.062,0.002991,0.059814,0.001526
2026-06-11T16:23:43,3042,"(28, 28)","(8,)",20,0.000164,3068.82,3068.883,0.062,0.002991,0.059814,0.001526
2026-06-11T16:23:43,3043,"(28, 28)","(8,)",20,0.000158,3068.883,3068.949,0.066,0.002991,0.059814,0.001526
2026-06-11T16:23:43,3044,"(28, 28)","(8,)",20,0.000158,3068.949,3069.012,0.062,0.002991,0.059814,0.001526
2026-06-11T16:23:43,3045,"(28, 28)","(8,)",20,0.000155,3069.012,3069.074,0.062,0.002991,0.059814,0.001526
2026-06-11T16:23:43,3046,"(28, 28)","(8,)",20,0.000159,3069.074,3069.137,0.062,0.002991,0.059814,0.001526
2026-06-11T16:23:43,3047,"(28, 28)","(8,)",20,0.00017,3069.137,3069.199,0.062,0.002991,0.059814,0.001526
2026-06-11T16:23:43,3048,"(28, 28)","(8,)",20,0.000157,3069.199,3069.262,0.062,0.002991,0.059814,0.001526
2026-06-11T16:23:43,3049,"(28, 28)","(8,)",20,0.000164,3069.262,3069.324,0.062,0.002991,0.059814,0.001526
2026-06-11T16:23:43,3050,"(28, 28)","(8,)",20,0.000218,3069.324,3069.387,0.062,0.002991,0.059814,0.001526
2026-06-11T16:23:43,3051,"(28, 28)","(8,)",20,0.000157,3069.387,3069.449,0.062,0.002991,0.059814,0.001526
2026-06-11T16:23:43,3052,"(28, 28)","(8,)",20,0.000159,3069.449,3069.512,0.062,0.002991,0.059814,0.001526
2026-06-11T16:23:43,3053,"(28, 28)","(8,)",20,0.000162,3069.512,3069.574,0.062,0.002991,0.059814,0.001526
2026-06-11T16:23:43,3054,"(28, 28)","(8,)",20,0.000175,3069.574,3069.637,0.062,0.002991,0.059814,0.001526
2026-06-11T16:23:43,3055,"(28, 28)","(8,)",20,0.000167,3069.637,3069.703,0.066,0.002991,0.059814,0.001526
2026-06-11T16:23:43,3056,"(28, 28)","(8,)",20,0.000162,3069.703,3069.766,0.062,0.002991,0.059814,0.001526
2026-06-11T16:23:43,3057,"(28, 28)","(8,)",20,0.00016,3069.766,3069.828,0.062,0.002991,0.059814,0.001526
2026-06-11T16:23:43,3058,"(28, 28)","(8,)",20,0.000154,3069.828,3069.891,0.062,0.002991,0.059814,0.001526
2026-06-11T16:23:43,3059,"(28, 28)","(8,)",20,0.000166,3069.891,3069.953,0.062,0.002991,0.059814,0.001526
2026-06-11T16:23:43,3060,"(28, 28)","(8,)",20,0.000156,3069.953,3070.016,0.062,0.002991,0.059814,0.001526
2026-06-11T16:23:43,3061,"(28, 28)","(8,)",20,0.000163,3070.016,3070.078,0.062,0.002991,0.059814,0.001526
2026-06-11T16:23:43,3062,"(28, 28)","(8,)",20,0.000156,3070.078,3070.141,0.062,0.002991,0.059814,0.001526
2026-06-11T16:23:43,3063,"(28, 28)","(8,)",20,0.000176,3070.141,3070.203,0.062,0.002991,0.059814,0.001526
2026-06-11T16:23:43,3064,"(28, 28)","(8,)",20,0.000156,3070.203,3070.266,0.062,0.002991,0.059814,0.001526
2026-06-11T16:23:43,3065,"(28, 28)","(8,)",20,0.000161,3070.266,3070.328,0.062,0.002991,0.059814,0.001526
2026-06-11T16:23:43,3066,"(28, 28)","(8,)",20,0.00016,3070.328,3070.391,0.062,0.002991,0.059814,0.001526
2026-06-11T16:23:43,3067,"(28, 28)","(8,)",20,0.000167,3070.395,3070.457,0.062,0.002991,0.059814,0.001526
2026-06-11T16:23:43,3068,"(28, 28)","(8,)",20,0.000156,3070.457,3070.52,0.062,0.002991,0.059814,0.001526
2026-06-11T16:23:43,3069,"(28, 28)","(8,)",20,0.000157,3070.52,3070.582,0.062,0.002991,0.059814,0.001526
2026-06-11T16:23:43,3070,"(28, 28)","(8,)",20,0.000156,3070.582,3070.645,0.062,0.002991,0.059814,0.001526
2026-06-11T16:23:43,3071,"(28, 28)","(8,)",20,0.000156,3070.645,3070.707,0.062,0.002991,0.059814,0.001526
2026-06-11T16:23:43,3072,"(28, 28)","(8,)",20,0.000157,3070.707,3070.77,0.062,0.002991,0.059814,0.001526
2026-06-11T16:23:43,3073,"(28, 28)","(8,)",20,0.00016,3070.77,3070.832,0.062,0.002991,0.059814,0.001526
2026-06-11T16:23:43,3074,"(28, 28)","(8,)",20,0.000155,3070.832,3070.895,0.062,0.002991,0.059814,0.001526
2026-06-11T16:23:43,3075,"(28, 28)","(8,)",20,0.000155,3070.895,3070.957,0.062,0.002991,0.059814,0.001526
2026-06-11T16:23:43,3076,"(28, 28)","(8,)",20,0.000156,3070.957,3071.02,0.062,0.002991,0.059814,0.001526
2026-06-11T16:23:43,3077,"(28, 28)","(8,)",20,0.000159,3071.02,3071.082,0.062,0.002991,0.059814,0.001526
2026-06-11T16:23:43,3078,"(28, 28)","(8,)",20,0.000159,3071.082,3071.148,0.066,0.002991,0.059814,0.001526
2026-06-11T16:23:43,3079,"(28, 28)","(8,)",20,0.000156,3071.148,3071.211,0.062,0.002991,0.059814,0.001526
2026-06-11T16:23:43,3080,"(28, 28)","(8,)",20,0.000177,3071.211,3071.273,0.062,0.002991,0.059814,0.001526
2026-06-11T16:23:43,3081,"(28, 28)","(8,)",20,0.000161,3071.273,3071.336,0.062,0.002991,0.059814,0.001526
2026-06-11T16:23:43,3082,"(28, 28)","(8,)",20,0.000154,3071.336,3071.398,0.062,0.002991,0.059814,0.001526
2026-06-11T16:23:43,3083,"(28, 28)","(8,)",20,0.000158,3071.398,3071.461,0.062,0.002991,0.059814,0.001526
2026-06-11T16:23:43,3084,"(28, 28)","(8,)",20,0.000172,3071.461,3071.523,0.062,0.002991,0.059814,0.001526
2026-06-11T16:23:43,3085,"(28, 28)","(8,)",20,0.000164,3071.523,3071.586,0.062,0.002991,0.059814,0.001526
2026-06-11T16:23:43,3086,"(28, 28)","(8,)",20,0.000157,3071.586,3071.648,0.062,0.002991,0.059814,0.001526
2026-06-11T16:23:43,3087,"(28, 28)","(8,)",20,0.000155,3071.648,3071.711,0.062,0.002991,0.059814,0.001526
2026-06-11T16:23:43,3088,"(28, 28)","(8,)",20,0.000167,3071.711,3071.773,0.062,0.002991,0.059814,0.001526
2026-06-11T16:23:43,3089,"(28, 28)","(8,)",20,0.000163,3071.773,3071.836,0.062,0.002991,0.059814,0.001526
2026-06-11T16:23:43,3090,"(28, 28)","(8,)",20,0.000159,3071.836,3071.902,0.066,0.002991,0.059814,0.001526
2026-06-11T16:23:43,3091,"(28, 28)","(8,)",20,0.000158,3071.902,3071.965,0.062,0.002991,0.059814,0.001526
2026-06-11T16:23:43,3092,"(28, 28)","(8,)",20,0.000162,3071.965,3072.027,0.062,0.002991,0.059814,0.001526
2026-06-11T16:23:43,3093,"(28, 28)","(8,)",20,0.000158,3072.027,3072.09,0.062,0.002991,0.059814,0.001526
2026-06-11T16:23:43,3094,"(28, 28)","(8,)",20,0.000157,3072.09,3072.152,0.062,0.002991,0.059814,0.001526
2026-06-11T16:23:43,3095,"(28, 28)","(8,)",20,0.00016,3072.152,3072.215,0.062,0.002991,0.059814,0.001526
2026-06-11T16:23:43,3096,"(28, 28)","(8,)",20,0.000169,3072.215,3072.277,0.062,0.002991,0.059814,0.001526
2026-06-11T16:23:43,3097,"(28, 28)","(8,)",20,0.000161,3072.277,3072.34,0.062,0.002991,0.059814,0.001526
2026-06-11T16:23:43,3098,"(28, 28)","(8,)",20,0.000158,3072.34,3072.402,0.062,0.002991,0.059814,0.001526
2026-06-11T16:23:43,3099,"(28, 28)","(8,)",20,0.000155,3072.402,3072.465,0.062,0.002991,0.059814,0.001526
2026-06-11T16:23:43,3100,"(28, 28)","(8,)",20,0.000163,3072.465,3072.527,0.062,0.002991,0.059814,0.001526
2026-06-11T16:23:43,3101,"(28, 28)","(8,)",20,0.000163,3072.527,3072.594,0.066,0.002991,0.059814,0.001526
2026-06-11T16:23:43,3102,"(28, 28)","(8,)",20,0.000159,3072.594,3072.656,0.062,0.002991,0.059814,0.001526
2026-06-11T16:23:43,3103,"(28, 28)","(8,)",20,0.000155,3072.656,3072.719,0.062,0.002991,0.059814,0.001526
2026-06-11T16:23:43,3104,"(28, 28)","(8,)",20,0.000162,3072.719,3072.781,0.062,0.002991,0.059814,0.001526
2026-06-11T16:23:43,3105,"(28, 28)","(8,)",20,0.000169,3072.781,3072.844,0.062,0.002991,0.059814,0.001526
2026-06-11T16:23:43,3106,"(28, 28)","(8,)",20,0.000158,3072.844,3072.906,0.062,0.002991,0.059814,0.001526
2026-06-11T16:23:43,3107,"(28, 28)","(8,)",20,0.00016,3072.906,3072.969,0.062,0.002991,0.059814,0.001526
2026-06-11T16:23:43,3108,"(28, 28)","(8,)",20,0.000163,3072.969,3073.031,0.062,0.002991,0.059814,0.001526
2026-06-11T16:23:43,3109,"(28, 28)","(8,)",20,0.000168,3073.031,3073.094,0.062,0.002991,0.059814,0.001526
2026-06-11T16:23:43,3110,"(28, 28)","(8,)",20,0.000159,3073.094,3073.156,0.062,0.002991,0.059814,0.001526
2026-06-11T16:23:43,3111,"(28, 28)","(8,)",20,0.000156,3073.156,3073.219,0.062,0.002991,0.059814,0.001526
2026-06-11T16:23:43,3112,"(28, 28)","(8,)",20,0.000163,3073.219,3073.281,0.062,0.002991,0.059814,0.001526
2026-06-11T16:23:43,3113,"(28, 28)","(8,)",20,0.000169,3073.281,3073.348,0.066,0.002991,0.059814,0.001526
2026-06-11T16:23:43,3114,"(28, 28)","(8,)",20,0.000159,3073.348,3073.41,0.062,0.002991,0.059814,0.001526
2026-06-11T16:23:43,3115,"(28, 28)","(8,)",20,0.000156,3073.41,3073.473,0.062,0.002991,0.059814,0.001526
2026-06-11T16:23:43,3116,"(28, 28)","(8,)",20,0.000163,3073.473,3073.535,0.062,0.002991,0.059814,0.001526
2026-06-11T16:23:43,3117,"(28, 28)","(8,)",20,0.000172,3073.535,3073.598,0.062,0.002991,0.059814,0.001526
2026-06-11T16:23:43,3118,"(28, 28)","(8,)",20,0.000158,3073.598,3073.66,0.062,0.002991,0.059814,0.001526
2026-06-11T16:23:43,3119,"(28, 28)","(8,)",20,0.000163,3073.66,3073.723,0.062,0.002991,0.059814,0.001526
2026-06-11T16:23:43,3120,"(28, 28)","(8,)",20,0.00016,3073.723,3073.785,0.062,0.002991,0.059814,0.001526
2026-06-11T16:23:43,3121,"(28, 28)","(8,)",20,0.000156,3073.785,3073.848,0.062,0.002991,0.059814,0.001526
2026-06-11T16:23:43,3122,"(28, 28)","(8,)",20,0.00016,3073.848,3073.91,0.062,0.002991,0.059814,0.001526
2026-06-11T16:23:43,3123,"(28, 28)","(8,)",20,0.000159,3073.91,3073.973,0.062,0.002991,0.059814,0.001526
2026-06-11T16:23:43,3124,"(28, 28)","(8,)",20,0.000163,3073.973,3074.035,0.062,0.002991,0.059814,0.001526
2026-06-11T16:23:43,3125,"(28, 28)","(8,)",20,0.00016,3074.035,3074.102,0.066,0.002991,0.059814,0.001526
2026-06-11T16:23:43,3126,"(28, 28)","(8,)",20,0.000158,3074.102,3074.164,0.062,0.002991,0.059814,0.001526
2026-06-11T16:23:43,3127,"(28, 28)","(8,)",20,0.000157,3074.164,3074.227,0.062,0.002991,0.059814,0.001526
2026-06-11T16:23:43,3128,"(28, 28)","(8,)",20,0.000161,3074.227,3074.289,0.062,0.002991,0.059814,0.001526
2026-06-11T16:23:43,3129,"(28, 28)","(8,)",20,0.000159,3074.289,3074.352,0.062,0.002991,0.059814,0.001526
2026-06-11T16:23:43,3130,"(28, 28)","(8,)",20,0.000171,3074.352,3074.414,0.062,0.002991,0.059814,0.001526
2026-06-11T16:23:43,3131,"(28, 28)","(8,)",20,0.000164,3074.414,3074.477,0.062,0.002991,0.059814,0.001526
2026-06-11T16:23:43,3132,"(28, 28)","(8,)",20,0.000161,3074.477,3074.539,0.062,0.002991,0.059814,0.001526
2026-06-11T16:23:43,3133,"(28, 28)","(8,)",20,0.000157,3074.539,3074.602,0.062,0.002991,0.059814,0.001526
2026-06-11T16:23:43,3134,"(28, 28)","(8,)",20,0.000173,3074.602,3074.664,0.062,0.002991,0.059814,0.001526
2026-06-11T16:23:43,3135,"(28, 28)","(8,)",20,0.000158,3074.664,3074.727,0.062,0.002991,0.059814,0.001526
2026-06-11T16:23:43,3136,"(28, 28)","(8,)",20,0.00016,3074.727,3074.793,0.066,0.002991,0.059814,0.001526
2026-06-11T16:23:43,3137,"(28, 28)","(8,)",20,0.000157,3074.793,3074.855,0.062,0.002991,0.059814,0.001526
2026-06-11T16:23:43,3138,"(28, 28)","(8,)",20,0.000191,3074.855,3074.918,0.062,0.002991,0.059814,0.001526
2026-06-11T16:23:43,3139,"(28, 28)","(8,)",20,0.000168,3074.918,3074.98,0.062,0.002991,0.059814,0.001526
2026-06-11T16:23:43,3140,"(28, 28)","(8,)",20,0.000158,3074.98,3075.043,0.062,0.002991,0.059814,0.001526
2026-06-11T16:23:43,3141,"(28, 28)","(8,)",20,0.000161,3075.043,3075.105,0.062,0.002991,0.059814,0.001526
2026-06-11T16:23:43,3142,"(28, 28)","(8,)",20,0.000165,3075.105,3075.168,0.062,0.002991,0.059814,0.001526
2026-06-11T16:23:43,3143,"(28, 28)","(8,)",20,0.000163,3075.168,3075.23,0.062,0.002991,0.059814,0.001526
2026-06-11T16:23:43,3144,"(28, 28)","(8,)",20,0.00016,3075.23,3075.293,0.062,0.002991,0.059814,0.001526
2026-06-11T16:23:43,3145,"(28, 28)","(8,)",20,0.000157,3075.293,3075.355,0.062,0.002991,0.059814,0.001526
2026-06-11T16:23:43,3146,"(28, 28)","(8,)",20,0.000171,3075.355,3075.418,0.062,0.002991,0.059814,0.001526
2026-06-11T16:23:43,3147,"(28, 28)","(8,)",20,0.000164,3075.418,3075.48,0.062,0.002991,0.059814,0.001526
2026-06-11T16:23:43,3148,"(28, 28)","(8,)",20,0.000163,3075.48,3075.547,0.066,0.002991,0.059814,0.001526
2026-06-11T16:23:43,3149,"(28, 28)","(8,)",20,0.000166,3075.547,3075.609,0.062,0.002991,0.059814,0.001526
2026-06-11T16:23:43,3150,"(28, 28)","(8,)",20,0.000189,3075.609,3075.672,0.062,0.002991,0.059814,0.001526
2026-06-11T16:23:43,3151,"(28, 28)","(8,)",20,0.000209,3075.672,3075.734,0.062,0.002991,0.059814,0.001526
2026-06-11T16:23:43,3152,"(28, 28)","(8,)",20,0.000161,3075.734,3075.797,0.062,0.002991,0.059814,0.001526
2026-06-11T16:23:43,3153,"(28, 28)","(8,)",20,0.00016,3075.797,3075.859,0.062,0.002991,0.059814,0.001526
2026-06-11T16:23:43,3154,"(28, 28)","(8,)",20,0.000159,3075.859,3075.922,0.062,0.002991,0.059814,0.001526
2026-06-11T16:23:43,3155,"(28, 28)","(8,)",20,0.000164,3075.922,3075.984,0.062,0.002991,0.059814,0.001526
2026-06-11T16:23:43,3156,"(28, 28)","(8,)",20,0.000159,3075.984,3076.047,0.062,0.002991,0.059814,0.001526
2026-06-11T16:23:43,3157,"(28, 28)","(8,)",20,0.000156,3076.047,3076.109,0.062,0.002991,0.059814,0.001526
2026-06-11T16:23:43,3158,"(28, 28)","(8,)",20,0.000173,3076.109,3076.172,0.062,0.002991,0.059814,0.001526
2026-06-11T16:23:43,3159,"(28, 28)","(8,)",20,0.000163,3076.172,3076.234,0.062,0.002991,0.059814,0.001526
2026-06-11T16:23:43,3160,"(28, 28)","(8,)",20,0.000162,3076.234,3076.301,0.066,0.002991,0.059814,0.001526
2026-06-11T16:23:43,3161,"(28, 28)","(8,)",20,0.000159,3076.301,3076.363,0.062,0.002991,0.059814,0.001526
2026-06-11T16:23:43,3162,"(28, 28)","(8,)",20,0.000169,3076.363,3076.426,0.062,0.002991,0.059814,0.001526
2026-06-11T16:23:43,3163,"(28, 28)","(8,)",20,0.000162,3076.426,3076.488,0.062,0.002991,0.059814,0.001526
2026-06-11T16:23:43,3164,"(28, 28)","(8,)",20,0.000158,3076.488,3076.551,0.062,0.002991,0.059814,0.001526
2026-06-11T16:23:43,3165,"(28, 28)","(8,)",20,0.000159,3076.551,3076.613,0.062,0.002991,0.059814,0.001526
2026-06-11T16:23:43,3166,"(28, 28)","(8,)",20,0.000166,3076.613,3076.676,0.062,0.002991,0.059814,0.001526
2026-06-11T16:23:43,3167,"(28, 28)","(8,)",20,0.000162,3076.676,3076.738,0.062,0.002991,0.059814,0.001526
2026-06-11T16:23:43,3168,"(28, 28)","(8,)",20,0.000157,3076.738,3076.801,0.062,0.002991,0.059814,0.001526
2026-06-11T16:23:43,3169,"(28, 28)","(8,)",20,0.000155,3076.801,3076.863,0.062,0.002991,0.059814,0.001526
2026-06-11T16:23:43,3170,"(28, 28)","(8,)",20,0.000166,3076.863,3076.926,0.062,0.002991,0.059814,0.001526
2026-06-11T16:23:43,3171,"(28, 28)","(8,)",20,0.000164,3076.926,3076.992,0.066,0.002991,0.059814,0.001526
2026-06-11T16:23:43,3172,"(28, 28)","(8,)",20,0.000159,3076.992,3077.055,0.062,0.002991,0.059814,0.001526
2026-06-11T16:23:43,3173,"(28, 28)","(8,)",20,0.000163,3077.055,3077.117,0.062,0.002991,0.059814,0.001526
2026-06-11T16:23:43,3174,"(28, 28)","(8,)",20,0.000156,3077.117,3077.18,0.062,0.002991,0.059814,0.001526
2026-06-11T16:23:43,3175,"(28, 28)","(8,)",20,0.000163,3077.18,3077.242,0.062,0.002991,0.059814,0.001526
2026-06-11T16:23:43,3176,"(28, 28)","(8,)",20,0.00016,3077.242,3077.305,0.062,0.002991,0.059814,0.001526
2026-06-11T16:23:43,3177,"(28, 28)","(8,)",20,0.00016,3077.305,3077.367,0.062,0.002991,0.059814,0.001526
2026-06-11T16:23:43,3178,"(28, 28)","(8,)",20,0.000158,3077.367,3077.43,0.062,0.002991,0.059814,0.001526
2026-06-11T16:23:43,3179,"(28, 28)","(8,)",20,0.000161,3077.43,3077.492,0.062,0.002991,0.059814,0.001526
2026-06-11T16:23:43,3180,"(28, 28)","(8,)",20,0.000162,3077.492,3077.555,0.062,0.002991,0.059814,0.001526
2026-06-11T16:23:43,3181,"(28, 28)","(8,)",20,0.000161,3077.555,3077.617,0.062,0.002991,0.059814,0.001526
2026-06-11T16:23:43,3182,"(28, 28)","(8,)",20,0.000167,3077.617,3077.68,0.062,0.002991,0.059814,0.001526
2026-06-11T16:23:43,3183,"(28, 28)","(8,)",20,0.000164,3077.68,3077.746,0.066,0.002991,0.059814,0.001526
2026-06-11T16:23:43,3184,"(28, 28)","(8,)",20,0.000161,3077.746,3077.809,0.062,0.002991,0.059814,0.001526
2026-06-11T16:23:43,3185,"(28, 28)","(8,)",20,0.000158,3077.809,3077.871,0.062,0.002991,0.059814,0.001526
2026-06-11T16:23:43,3186,"(28, 28)","(8,)",20,0.000161,3077.871,3077.934,0.062,0.002991,0.059814,0.001526
2026-06-11T16:23:43,3187,"(28, 28)","(8,)",20,0.000159,3077.934,3077.996,0.062,0.002991,0.059814,0.001526
2026-06-11T16:23:43,3188,"(28, 28)","(8,)",20,0.00016,3077.996,3078.059,0.062,0.002991,0.059814,0.001526
2026-06-11T16:23:43,3189,"(28, 28)","(8,)",20,0.000162,3078.059,3078.121,0.062,0.002991,0.059814,0.001526
2026-06-11T16:23:43,3190,"(28, 28)","(8,)",20,0.00016,3078.121,3078.184,0.062,0.002991,0.059814,0.001526
2026-06-11T16:23:43,3191,"(28, 28)","(8,)",20,0.000158,3078.184,3078.246,0.062,0.002991,0.059814,0.001526
2026-06-11T16:23:43,3192,"(28, 28)","(8,)",20,0.000158,3078.246,3078.309,0.062,0.002991,0.059814,0.001526
2026-06-11T16:23:43,3193,"(28, 28)","(8,)",20,0.000157,3078.309,3078.371,0.062,0.002991,0.059814,0.001526
2026-06-11T16:23:43,3194,"(28, 28)","(8,)",20,0.000165,3078.371,3078.434,0.062,0.002991,0.059814,0.001526
2026-06-11T16:23:43,3195,"(28, 28)","(8,)",20,0.000159,3078.438,3078.5,0.062,0.002991,0.059814,0.001526
2026-06-11T16:23:43,3196,"(28, 28)","(8,)",20,0.000161,3078.5,3078.562,0.062,0.002991,0.059814,0.001526
2026-06-11T16:23:43,3197,"(28, 28)","(8,)",20,0.000158,3078.562,3078.625,0.062,0.002991,0.059814,0.001526
2026-06-11T16:23:43,3198,"(28, 28)","(8,)",20,0.000161,3078.625,3078.688,0.062,0.002991,0.059814,0.001526
2026-06-11T16:23:43,3199,"(28, 28)","(8,)",20,0.00016,3078.688,3078.75,0.062,0.002991,0.059814,0.001526
2026-06-11T16:23:43,3200,"(28, 28)","(8,)",20,0.000161,3078.75,3078.812,0.062,0.002991,0.059814,0.001526
2026-06-11T16:23:43,3201,"(28, 28)","(8,)",20,0.000159,3078.812,3078.875,0.062,0.002991,0.059814,0.001526
2026-06-11T16:23:43,3202,"(28, 28)","(8,)",20,0.000161,3078.875,3078.938,0.062,0.002991,0.059814,0.001526
2026-06-11T16:23:43,3203,"(28, 28)","(8,)",20,0.000168,3078.938,3079.0,0.062,0.002991,0.059814,0.001526
2026-06-11T16:23:43,3204,"(28, 28)","(8,)",20,0.000163,3079.0,3079.062,0.062,0.002991,0.059814,0.001526
2026-06-11T16:23:43,3205,"(28, 28)","(8,)",20,0.00016,3079.062,3079.125,0.062,0.002991,0.059814,0.001526
2026-06-11T16:23:43,3206,"(28, 28)","(8,)",20,0.000165,3079.125,3079.191,0.066,0.002991,0.059814,0.001526
2026-06-11T16:23:43,3207,"(28, 28)","(8,)",20,0.000172,3079.191,3079.254,0.062,0.002991,0.059814,0.001526
2026-06-11T16:23:43,3208,"(28, 28)","(8,)",20,0.000158,3079.254,3079.316,0.062,0.002991,0.059814,0.001526
2026-06-11T16:23:43,3209,"(28, 28)","(8,)",20,0.000159,3079.316,3079.379,0.062,0.002991,0.059814,0.001526
2026-06-11T16:23:43,3210,"(28, 28)","(8,)",20,0.000161,3079.379,3079.441,0.062,0.002991,0.059814,0.001526
2026-06-11T16:23:43,3211,"(28, 28)","(8,)",20,0.000169,3079.441,3079.504,0.062,0.002991,0.059814,0.001526
2026-06-11T16:23:43,3212,"(28, 28)","(8,)",20,0.00016,3079.504,3079.566,0.062,0.002991,0.059814,0.001526
2026-06-11T16:23:43,3213,"(28, 28)","(8,)",20,0.000158,3079.566,3079.629,0.062,0.002991,0.059814,0.001526
2026-06-11T16:23:43,3214,"(28, 28)","(8,)",20,0.000164,3079.629,3079.691,0.062,0.002991,0.059814,0.001526
2026-06-11T16:23:43,3215,"(28, 28)","(8,)",20,0.000169,3079.691,3079.754,0.062,0.002991,0.059814,0.001526
2026-06-11T16:23:43,3216,"(28, 28)","(8,)",20,0.000166,3079.754,3079.816,0.062,0.002991,0.059814,0.001526
2026-06-11T16:23:43,3217,"(28, 28)","(8,)",20,0.000158,3079.816,3079.879,0.062,0.002991,0.059814,0.001526
2026-06-11T16:23:43,3218,"(28, 28)","(8,)",20,0.000165,3079.879,3079.945,0.066,0.002991,0.059814,0.001526
2026-06-11T16:23:43,3219,"(28, 28)","(8,)",20,0.000166,3079.945,3080.008,0.062,0.002991,0.059814,0.001526
2026-06-11T16:23:43,3220,"(28, 28)","(8,)",20,0.000157,3080.008,3080.07,0.062,0.002991,0.059814,0.001526
2026-06-11T16:23:43,3221,"(28, 28)","(8,)",20,0.000158,3080.07,3080.133,0.062,0.002991,0.059814,0.001526
2026-06-11T16:23:43,3222,"(28, 28)","(8,)",20,0.000157,3080.133,3080.195,0.062,0.002991,0.059814,0.001526
2026-06-11T16:23:43,3223,"(28, 28)","(8,)",20,0.000182,3080.195,3080.258,0.062,0.002991,0.059814,0.001526
2026-06-11T16:23:43,3224,"(28, 28)","(8,)",20,0.000159,3080.258,3080.32,0.062,0.002991,0.059814,0.001526
2026-06-11T16:23:43,3225,"(28, 28)","(8,)",20,0.000194,3080.32,3080.383,0.062,0.002991,0.059814,0.001526
2026-06-11T16:23:43,3226,"(28, 28)","(8,)",20,0.000163,3080.383,3080.445,0.062,0.002991,0.059814,0.001526
2026-06-11T16:23:43,3227,"(28, 28)","(8,)",20,0.000172,3080.445,3080.508,0.062,0.002991,0.059814,0.001526
2026-06-11T16:23:43,3228,"(28, 28)","(8,)",20,0.000168,3080.508,3080.57,0.062,0.002991,0.059814,0.001526
2026-06-11T16:23:43,3229,"(28, 28)","(8,)",20,0.000164,3080.57,3080.637,0.066,0.002991,0.059814,0.001526
2026-06-11T16:23:43,3230,"(28, 28)","(8,)",20,0.000159,3080.637,3080.699,0.062,0.002991,0.059814,0.001526
2026-06-11T16:23:43,3231,"(28, 28)","(8,)",20,0.000168,3080.699,3080.762,0.062,0.002991,0.059814,0.001526
2026-06-11T16:23:43,3232,"(28, 28)","(8,)",20,0.000156,3080.762,3080.824,0.062,0.002991,0.059814,0.001526
2026-06-11T16:23:43,3233,"(28, 28)","(8,)",20,0.000165,3080.824,3080.887,0.062,0.002991,0.059814,0.001526
2026-06-11T16:23:43,3234,"(28, 28)","(8,)",20,0.000163,3080.887,3080.949,0.062,0.002991,0.059814,0.001526
2026-06-11T16:23:43,3235,"(28, 28)","(8,)",20,0.000173,3080.949,3081.012,0.062,0.002991,0.059814,0.001526
2026-06-11T16:23:43,3236,"(28, 28)","(8,)",20,0.000158,3081.012,3081.074,0.062,0.002991,0.059814,0.001526
2026-06-11T16:23:43,3237,"(28, 28)","(8,)",20,0.000162,3081.074,3081.137,0.062,0.002991,0.059814,0.001526
2026-06-11T16:23:43,3238,"(28, 28)","(8,)",20,0.000157,3081.137,3081.199,0.062,0.002991,0.059814,0.001526
2026-06-11T16:23:43,3239,"(28, 28)","(8,)",20,0.000164,3081.199,3081.262,0.062,0.002991,0.059814,0.001526
2026-06-11T16:23:43,3240,"(28, 28)","(8,)",20,0.00016,3081.262,3081.324,0.062,0.002991,0.059814,0.001526
2026-06-11T16:23:43,3241,"(28, 28)","(8,)",20,0.000164,3081.324,3081.391,0.066,0.002991,0.059814,0.001526
2026-06-11T16:23:43,3242,"(28, 28)","(8,)",20,0.00016,3081.391,3081.453,0.062,0.002991,0.059814,0.001526
2026-06-11T16:23:43,3243,"(28, 28)","(8,)",20,0.000175,3081.453,3081.516,0.062,0.002991,0.059814,0.001526
2026-06-11T16:23:43,3244,"(28, 28)","(8,)",20,0.000158,3081.516,3081.578,0.062,0.002991,0.059814,0.001526
2026-06-11T16:23:43,3245,"(28, 28)","(8,)",20,0.000163,3081.578,3081.641,0.062,0.002991,0.059814,0.001526
2026-06-11T16:23:43,3246,"(28, 28)","(8,)",20,0.000158,3081.641,3081.703,0.062,0.002991,0.059814,0.001526
2026-06-11T16:23:43,3247,"(28, 28)","(8,)",20,0.000175,3081.703,3081.766,0.062,0.002991,0.059814,0.001526
2026-06-11T16:23:43,3248,"(28, 28)","(8,)",20,0.000158,3081.766,3081.828,0.062,0.002991,0.059814,0.001526
2026-06-11T16:23:43,3249,"(28, 28)","(8,)",20,0.000159,3081.879,3081.941,0.062,0.002991,0.059814,0.001526
2026-06-11T16:23:43,3250,"(28, 28)","(8,)",20,0.000158,3081.941,3082.0,0.059,0.002991,0.059814,0.001526
2026-06-11T16:23:43,3251,"(28, 28)","(8,)",20,0.000172,3082.0,3082.059,0.059,0.002991,0.059814,0.001526
2026-06-11T16:23:43,3252,"(28, 28)","(8,)",20,0.000166,3082.059,3082.121,0.062,0.002991,0.059814,0.001526
2026-06-11T16:23:43,3253,"(28, 28)","(8,)",20,0.000157,3082.121,3082.18,0.059,0.002991,0.059814,0.001526
2026-06-11T16:23:43,3254,"(28, 28)","(8,)",20,0.000159,3082.18,3082.238,0.059,0.002991,0.059814,0.001526
2026-06-11T16:23:43,3255,"(28, 28)","(8,)",20,0.000165,3082.238,3082.301,0.062,0.002991,0.059814,0.001526
2026-06-11T16:23:43,3256,"(28, 28)","(8,)",20,0.00016,3082.301,3082.359,0.059,0.002991,0.059814,0.001526
2026-06-11T16:23:43,3257,"(28, 28)","(8,)",20,0.000156,3082.359,3082.418,0.059,0.002991,0.059814,0.001526
2026-06-11T16:23:43,3258,"(28, 28)","(8,)",20,0.000162,3082.418,3082.48,0.062,0.002991,0.059814,0.001526
2026-06-11T16:23:43,3259,"(28, 28)","(8,)",20,0.000172,3082.48,3082.539,0.059,0.002991,0.059814,0.001526
2026-06-11T16:23:43,3260,"(28, 28)","(8,)",20,0.000161,3082.539,3082.598,0.059,0.002991,0.059814,0.001526
2026-06-11T16:23:43,3261,"(28, 28)","(8,)",20,0.00016,3082.598,3082.66,0.062,0.002991,0.059814,0.001526
2026-06-11T16:23:43,3262,"(28, 28)","(8,)",20,0.000159,3082.66,3082.719,0.059,0.002991,0.059814,0.001526
2026-06-11T16:23:43,3263,"(28, 28)","(8,)",20,0.000163,3082.719,3082.777,0.059,0.002991,0.059814,0.001526
